,wlobscd,agcnm,obsnm,addr,etcaddr,lon,lat,gdt,attwl,wrnwl,almwl,srswl,pfh,fstnyn,links
0,1001602,환경부,평창군(송정교),강원도 평창군 진부면,하진부리 송정교,128-33-04,37-37-27 ,511.589,8.5,9.5,12,14.9,14.9,N,[]
1,1001603,한국수자원공사,태백시(무사교),강원도 태백시 상사미동, ,128-59-40,37-18-54 ,687.824, , , , , ,N,[]
2,1001605,한국수력원자력,송천1교,강원도 평창군,대관령면 횡계리,128-42-35,37-40-05 ,724.782, , , , , ,N,[]
3,1001607,한국수자원공사,삼척시(번천교),강원도 삼척시 하장면,번천리 천375,128-59-47,37-21-52 ,718.848, , , , , ,N,[]
4,1001610,한국수자원공사,삼척시(광동댐),강원도 삼척시,하장면 숙암리 산104,128-56-50,37-20-37 , , , , , , ,N,[]
5,1001613,한국수자원공사,삼척시(광동교),강원도 삼척시 하장면,광동리 천261,128-56-56,37-20-91 , , , , , , ,N,[]
6,1001615,한국수자원공사,삼척시(갈밭교),강원도 삼척시 하장면,갈전리 천679-1000,128-54-50,37-22-18 , , , , , , ,N,[]
7,1001620,환경부,정선군(송계교),강원도 정선군,임계면 봉산리 송계교,128-50-57,37-29-39 ,491.02,1.5,2.5,3,3.6,3.64,N,[]
8,1001622,환경부,정선군(혈천교),강원도 정선군,임계면 낙천리 혈천교,128-50-49,37-27-53 ,479.382,3,4,5,6.6,6.64,N,[]
9,1001625,환경부,정선군(송천교),강원도 정선군,여량면 유천리 송천교,128-43-07,37-29-08 ,374.685,3.5,4.5,6,7.3,7.32,N,[]
10,1001626,환경부,정선군(제1여량교),강원도 정선군 여량면,여량리 제1여량교,128-43-45,37-28-24 ,369.492,4,5,6,7.8,7.78,N,[]
11,1001629,환경부,정선군(남평대교),강원도 정선군 북평면,남평리 남평대교,128-39-11,37-26-20 ,332.062,4.5,5.5,6.5,7.1,7.14,N,[]
12,1001630,환경부,정선군(나전교),강원도 정선군,북평면 북평리 나전교,128-38-59,37-26-19 ,333.208,3,4,4.5,5.4,5.43,N,[]
13,1001640,환경부,정선3,강원도 정선군 정선읍,덕송리 ,128-40-00,37-24-00 , , , , , , ,N,[]
14,1001645,환경부,정선군(와평교),강원도 정선군 정선읍,신월리 와평교,128-41-03,37-21-58 ,313.547,3.5,4.5,5.5,7,7.02,N,[]
15,1001647,환경부,정선1,강원도 정선군 정선읍,봉양리 ,128-41-00,37-22-00 , , , , , , ,N,[]
16,1001649,환경부,정선군(애산교),강원도 정선군,정선읍 애산리 애산교,128-40-15,37-22-24 ,300.915,3,4,5,6,6.03,N,[]
17,1001655,환경부,정선군(정선제1교),강원도 정선군,정선읍 봉양리 정선제1교,128-39-26,37-22-42 ,296.789,3.5,4.5,6,7.8,7.75,Y,[]
18,1001658,환경부,정선군(광하교),강원도 정선군,정선읍 광하리 광하교,128-37-08,37-22-11 ,273.539,5.5,6.5,8.5,10.6,10.57,N,[]
19,1001660,환경부,정선군(낙동교),강원도 정선군,남면 낙동리 낙동교,128-41-37,37-19-08 ,324.016,2,3,3.5,3.6,3.63,N,[]
20,1001670,환경부,영월군(거운교),강원도 영월군,영월읍 거운리 거운교,128-30-44,37-14-05 ,196.936,2,3,4,4.5,4.49,N,[]
21,1001680,한국수자원공사,영월2,강원도 영월군 영월읍,삼옥2,128-30-39,37-13-00 ,194.346, , , , , ,N,[]
22,1001683,한국수자원공사,영월군(삼옥교),강원도  영월군,영월읍 삼옥리 삼옥교,128-30-37,37-12-26 ,189.914, , , , , ,N,[]
23,1001690,환경부,영월군(영월대교),강원도 영월군,영월읍 덕포리 영월대교,128-28-31,37-10-55 ,183.205,4.6,6,8,10.5,10.48,Y,[]
24,1002605,환경부,평창군(이목정교),강원도 평창군,용평면 이목정리 이목정교,128-28-19,37-37-17 ,590.873,2.5,3.5,4,4.8,4.82,N,[]
25,1002610,환경부,평창군(장평교),강원도 평창군,용평면 장평리 장평교,128-24-46,37-35-11 ,526.963,1,2,2.5,3.2,3.22,N,[]
26,1002615,환경부,평창군(백옥포교),강원도 평창군,용평면 백옥포리 386-3,128-23-29,37-35-10 ,521.655,1.5,2.5,3.5,4.5,4.53,N,[]
27,1002625,환경부,평창군(선애교),강원도 평창군,대화면 상안미리 선애교,128-24-36,37-28-28 ,385.387,3,4,5,6.5,6.48,N,[]
28,1002630,환경부,대화,강원도 평창군 대화면,상안미리 ,128-25-15,37-27-03 , , , , , , ,N,[]
29,1002635,환경부,평창군(사초교),강원도 평창군,대화면 하안미리 사초교,128-26-23,37-27-19 ,374.616,2.5,3.5,4.5,5,4.96,N,[]
30,1002640,환경부,평창군(상방림교),강원도 평창군,방림면 방림리 상방림교,128-25-02,37-25-53 ,359.217,3,3.5,4,4.7,4.74,N,[]
31,1002650,환경부,평창군(평창교),강원도 평창군,평창읍 중리 평창교,128-24-22,37-22-04 ,288.472,2.5,3.5,4.5,5.6,5.46,Y,[]
32,1002655,한국수자원공사,영월군(판운교),강원도 영월군,주천면 판운리,128-20-38,37-17-48 ,240.9, , , , , ,N,[]
33,1002675,환경부,횡성군(안흥교),강원도 횡성군,안흥면 안흥리 안흥교,128-09-18,37-24-44 ,414.303,2,4.5,5.5,7.2,7.18,N,[]
34,1002680,환경부,영월군(두학교),강원도 영월군,수주면 두산리 두학교,128-11-33,37-17-47 ,306.256,2,3.5,5,6.1,6.11,N,[]
35,1002685,환경부,영월군(주천교),강원도 영월군,주천면 신일리 주천교,128-15-57,37-16-03 ,240.555,4,5,6,7.4,6.79,Y,[]
36,1002687,환경부,영월군(신천교),강원도 영월군,한반도면 신천리 신천교,128-19-54,37-13-47 ,211.492,4,5,6,6.3,6.31,N,[]
37,1002690,환경부,후포,강원도 영월군 남면,북쌍리 ,128-19-00,37-13-00 ,193.466, , , , , ,N,[]
38,1002694,한국수자원공사,영월군(연당교),강원도 영월군 남면,북쌍리 263-3 연당교,128-24-09,37-11-48 ,191.95, , , , , ,N,[]
39,1002695,한국수자원공사,영월군(북쌍리),강원도 영월군,남면 연당리,128-24-33,37-11-39 ,192.189, , , , , ,N,[]
40,1002698,환경부,영월군(팔괴교),강원도 영월군,영월읍 하송리 팔괴교,128-27-19,37-10-19 ,181.215,3,4,5,6.4,6.44,N,[]
41,1003605,환경부,영월군(충혼교),강원도 영월군 중동면,녹전리 충혼교,128-40-51,37-08-32 ,269.682,3,4,5,6.1,6.07,N,[]
42,1003620,환경부,영월군(옥동교),강원도 영월군,김삿갓면 옥동리 옥동교,128-33-51,37-07-20 ,183.969,4,4.5,5.5,6.9,6.91,N,[]
43,1003630,한국수자원공사,단양군(오사리),충청북도 단양군,영춘면 오사리,128-30-39,37-05-55 ,159.971, , , , , ,N,[]
44,1003632,한국수자원공사,단양군(북벽교),충청북도 단양군 영춘면,상리 517-2 북벽교,128-29-07,37-05-08 ,155.72, , , , , ,N,[]
45,1003635,한국수자원공사,가대교,충청북도 단양군 가곡면,가대리 154-1 도,128-24-29,37-02-10 , , , , , , ,N,[]
46,1003636,환경부,단양군(가대교),충청북도 단양군 가곡면,가대리 가대교,128-24-20,37-02-25 ,139.454,5,8.5,11,13.7,13.71,N,[]
47,1003640,환경부,단양2,충청북도 단양군 가곡면,사평리 ,128-23-00,37-01-00 ,137.12, , , , , ,N,[]
48,1003642,환경부,단양군(덕천교),충청북도 단양군,가곡면 덕천리 덕천교,128-23-21,37-00-20 ,135.027,9,10,13,16.1,16.07,N,[]
49,1003644,한국수자원공사,상진교,충청북도 단양군 단양읍,상진리 산22-23 도,128-20-51,36-58-40 , , , , , , ,N,[]
50,1003645,환경부,단양군(단양1교),충청북도 단양군 단성면,북하리 단양1교,128-20-08,36-55-52 ,140.903,2.5, , ,5.8,5.78,N,[]
51,1003646,한국수자원공사,우화교,충청북도 단양군 단성면,상방리 71-7 전,128-19-16,36-55-50 , , , , , , ,N,[]
52,1003650,환경부,단양1,충청북도 단양군 단양읍,외중만리 ,128-17-00,36-55-00 ,112.709, , , , , ,N,[]
53,1003655,한국수자원공사,제천시(물태리),충청북도 제천시,청풍면 물태리,128-09-57,36-59-38 , , , , , , ,N,[]
55,1003658,환경부,제천시(부수동교),충청북도 제천시 백운면,방학리 부수동교,128-00-32,37-08-55 ,219.627,2.5,3.5,4,5,4.97,N,[]
56,1003660,환경부,제천시(팔송교),충청북도 제천시 봉양읍,팔송리 팔송교,128-07-11,37-08-50 ,214.71,3,3.5,4,4.7,4.69,N,[]
57,1003661,환경부,제천시(구곡교),충청북도 제천시 봉양읍,구곡리 구곡교,128-06-22,37-06-44 ,185.267,3.5,4.5,5.5,6.5,6.5,N,[]
58,1003662,한국수자원공사,명서교,충청북도 충주시 산척면,명서리 484-3,128-01-57,37-04-04 , , , , , , ,N,[]
59,1003664,한국수자원공사,충주본댐우안,충청북도 충주시,동량면 조동리 산 180-4,127-59-47,37-00-13 , , , , , , ,N,[]
60,1003665,한국수자원공사,충주시(충주댐방수로),충청북도 충주시,동량면 조동리 산 180-4(충주댐 방수로 지점),127-59-20,37-00-29 , , , , , , ,N,[]
61,1003666,한국수자원공사,충주시(충주댐),충청북도 충주시,동량면 조동리 산 180-4,127-59-31,37-00-20 , , , , , , ,N,[]
62,1003668,한국수자원공사,월악,충청북도 제천시,한수면 탄지리 74-6,128-04-22,36-54-41 , , , , , , ,N,[]
63,1003670,환경부,충주2,충청북도 충주시 동량면,응교리 ,127-58-00,37-00-00 ,62.031, , , , , ,N,[]
64,1003680,환경부,충주1,충청북도 충주시 금가면,문산리 ,127-55-00,37-00-00 ,221, , , , , ,N,[]
65,1004620,환경부,청주시(옥화1교),충청북도 청주시 상당구,미원면 옥화리 옥화1교,127-42-06,36-36-55 ,198.602,2,5,6,7.3,7.3,N,[]
66,1004630,한국수력원자력,고성교,충청북도 괴산군,청천면 고성리,127-45-48,36-39-58 ,156.975, , , , , ,N,[]
67,1004635,한국수력원자력,후영교,충청북도 괴산군,청천면 후영리 후영교,127-48-52,36-42-05 , , , , , , ,N,[]
68,1004643,한국수력원자력,괴산댐,충청북도 괴산군,칠성면 산막이옛길 43,127-50-34,36-45-32 , , , , , , ,N,[]
69,1004645,환경부,괴산군(수전교),충청북도 괴산군,칠성면 외사리 수전교,127-50-33,36-46-02 ,110.221,2,4,5.5,6.7,6.68,N,[]
70,1004646,환경부,괴산군(비도교),충청북도 괴산군,칠성면 비도리 비도교,127-52-41,36-47-24 ,118.175,2,3,3.5,4.4,4.38,N,[]
71,1004653,한국농어촌공사,소수,충청북도 괴산군 소수면,길선리 180-5,127-43-08,36-52-11 , , , , , , ,N,[]
72,1004661,환경부,괴산군(제2괴산교),충청북도 괴산군 괴산읍,동부리 751-1번지,127-47-57,36-48-33 ,105.05, , , , , ,N,[]
73,1004670,환경부,괴산군(추산교),충청북도 괴산군,불정면 추산리 추산교,127-48-51,36-53-37 ,95.281,3.5,4.5,5.5,6.8,6.8,N,[]
74,1004680,환경부,충주시(문강교),충청북도 충주시 살미면,문강리 문강교,127-56-46,36-53-16 ,98.733,2,3,3.5,3.9,3.91,N,[]
75,1004685,한국수자원공사,팔봉교,충청북도 충주시 살미면,토계리 팔봉교,127-55-17,36-53-57 , , , , , , ,N,[]
76,1004688,한국농어촌공사,원남,충청북도 진천군 초평면,신통리 501-5,127-42-38,36-51-18 , , , , , , ,N,[]
77,1004690,한국수자원공사,충주시(향산리),충청북도 충주시,살미면 향산리 25,127-55-28,36-55-30 ,71.187, , , , , ,N,[]
78,1004692,한국농어촌공사,용당,충청북도 충주시 신니면,문승리 301-2,127-42-18,37-00-22 , , , , , , ,N,[]
79,1004693,환경부,괴산군(목도교),충청북도 괴산군,불정면 목도리 목도교,127-51-19,36-52-12 ,87.793,2,3.5,4.5,5.9,5.87,Y,[]
80,1004695,환경부,충주시(국원대교),충청북도 충주시,대소원면 검단리 국원대교,127-52-18,36-57-58 ,63.819,4,5,6,8.1,8.05,N,[]
81,1005605,환경부,충주시(탄금교),충청북도 충주시,중앙탑면 창동리 탄금교,127-53-24,36-59-19 ,62.702,3,4.5,6,7,7.04,N,[]
82,1005620,한국수자원공사,충주시(충주조정지댐방수로),충청북도 충주시,가금면 월상리,127-51-57,37-02-46 , , , , , , ,N,[]
83,1005635,한국수자원공사,충주시(충주조정지댐),충청북도 충주시,가금면 월상리,127-51-59,37-02-40 , , , , , , ,N,[]
84,1005640,환경부,충주시(목계교),충청북도 충주시,엄정면 목계리 목계교,127-52-52,37-04-34 ,52.337,3,5.5,7,9.1,9.07,N,[]
85,1005695,환경부,원주시(법천교),강원도 원주시,부론면 법천리 법천교,127-45-15,37-12-16 ,43.84,3.5,4.5,5.5,8.4,8.39,N,[]
86,1005697,환경부,원주시(남한강대교),강원도 원주시,부론면 법천리 남한강대교,127-44-52,37-12-22 ,39.676,4,7,9,11.4,11.43,N,[]
87,1006610,한국수자원공사,횡성군(율동리),강원도 횡성군,갑천면 매일리 799,128-06-31,37-33-25 ,186.458, , , , , ,N,[]
88,1006612,한국수자원공사,횡성군(포동2교),강원도 횡성군 갑천면,포동리 포동2교,128-05-55,37-33-09 ,176.592, , , , , ,N,[]
89,1006615,한국수자원공사,횡성군(횡성댐),강원도 횡성군,갑천면 대관대리 천72-6,128-01-49,37-32-43 , , , , , , ,N,[]
90,1006630,환경부,횡성군(오산교),강원도 횡성군 공근면,오산리 오산교,127-59-29,37-31-15 ,118.391,4,5,6,6.9,6.95,N,[]
91,1006650,환경부,횡성군(횡성교),강원도 횡성군,횡성읍 읍하리 횡성교,127-58-50,37-29-42 ,107.053,1.5,3.5,4.5,5.3,5.31,N,[]
92,1006660,환경부,횡성군(전천교),강원도 횡성군,횡성읍 교항리 전천교,127-58-53,37-28-56 ,107.876,2,3.5,4.5,5.9,5.86,N,[]
93,1006665,환경부,원주시(원주교),강원도 원주시,봉산동 원주교,127-57-20,37-20-52 ,120.223,1,2.5,3,4,3.97,N,[]
94,1006667,한국수자원공사,섬강교,강원도 원주시 소초면,의관리 488-1,127-57-49,37-25-29 , , , , , , ,N,[]
95,1006670,환경부,원주시(옥산교),강원도 원주시,호저면 옥산리 옥산교,127-55-18,37-25-43 ,80.576,2.5,6,7.5,9.4,9.39,N,[]
96,1006672,환경부,원주시(장현교),강원도 원주시,호저면 신현리 장현교,127-53-53,37-25-13 ,77.58,5,6,7.5,8.9,8.9,N,[]
97,1006680,환경부,원주시(지정대교),강원도 원주시,지정면 간현리 지정대교,127-49-54,37-21-42 ,59.492,4.5,5.5,6.5,7.4,7.42,N,[]
98,1006690,환경부,원주시(문막교),강원도 원주시,문막읍 문막리 문막교,127-48-37,37-18-18 ,50.72,4.2,4.5,5.5,6.7,6.69,Y,[]
99,1006693,한국농어촌공사,궁촌,강원도 원주시 귀래면,귀래리 1425-1,127-51-29,37-13-36 , , , , , , ,N,[]
100,1006694,한국농어촌공사,반계,강원도 원주시 문막읍,반계리 산78,127-46-38,37-17-30 , , , , , , ,N,[]
101,1007604,환경부,안성시(한평교),경기도 안성시 일죽면,고은리 한평교,127-26-01,37-06-23 ,76.169,5,6,7,8.7,8.65,N,[]
102,1007605,환경부,이천시(장호원교),경기도 이천시,장호원읍 장호원리 장호원교,127-38-05,37-06-49 ,56.683,2,4,5,5.6,5.6,N,[]
103,1007610,환경부,음성군(총천교),충청북도 음성군,감곡면 원당리 총천교,127-36-16,37-04-15 ,72.986, , , , ,4.27,N,[]
104,1007615,환경부,여주시(원부교),경기도 여주시,점동면 원부리 원부교,127-38-04,37-09-44 ,50.945,4,5.5,6.5,7.6,8.69,Y,[]
105,1007617,환경부,여주시(삼합교),경기도 여주시,점동면 삼합리 삼합교,127-43-09,37-12-08 ,42.076,3.5,5.5,7,8.3,8.26,N,[]
106,1007620,환경부,여주시(강천리),경기도 여주시,강천면 강천리 546-1,127-42-50,37-13-52 ,38.4,5,6,8,9.9,9.92,N,[]
107,1007625,환경부,여주시(남한강교),경기도 여주시,우만동 (구)남한강교,127-40-52,37-15-16 ,36.292,6,6.5,8.5,10.3,10.32,N,[]
108,1007630,한국수력원자력,남한강,경기도 여주군,강천면 이호리,127-41-12,37-10-59 , , , , , , ,N,[]
109,1007633,환경부,강천보(상류),경기도,여주시 단현동 47-3,127-41-00,37-16-23 ,0,38.5,42.5,43.5,45.1,45.11,N,[]
110,1007634,환경부,강천보(하류),경기도 여주군 강천면,이호리 523-2,127-41-05,37-17-02 ,0, , , , ,44.25,N,[]
111,1007635,환경부,여주시(여주대교),경기도 여주시,상동 여주대교,127-38-52,37-17-47 ,32.529,3.3,6,8,9.2,9.19,Y,[]
112,1007639,환경부,여주보(상류),경기도,여주시 대신면 천남리 680,127-36-56,37-19-34 ,0,33.5,37,38.5,39.7,39.7,N,[]
113,1007640,환경부,여주시(율극교),경기도 여주시,흥천면 율극리 율극교,127-34-24,37-20-02 ,32.057,3.5,4.5,5.5,7.2,7.19,N,[]
114,1007641,환경부,여주보(하류),경기도,여주시 능서면 왕대리 1008,127-36-12,37-19-43 ,0, , , , ,39.2,N,[]
115,1007642,환경부,이천시(동산교),경기도 이천시 호법면,주박리 522번지,127-24-58,37-12-60 ,58.99, , , , , ,N,[]
116,1007645,환경부,이천시(복하교),경기도 이천시,부발읍 신하리 복하교,127-27-39,37-16-01 ,46.418,2.5,3,3.5,4.3,4.29,N,[]
117,1007649,한국수력원자력,흑천,경기도 양평군,양평읍 원덕리,127-32-35,37-27-51 , , , , , , ,N,[]
118,1007650,환경부,여주시(흥천대교),경기도 여주시,흥천면 다대리 흥천대교,127-32-07,37-19-59 ,35.555,2,3.5,4.5,5.4,5.4,Y,[]
119,1007653,한국농어촌공사,대평,경기도 양평군 지평면,대평리 742,127-37-47,37-25-21 , , , , , , ,N,[]
120,1007655,환경부,여주시(양촌교),경기도 여주시,대신면 초현리 양촌교,127-33-46,37-22-57 ,30.136,3.5,4.5,5.5,7,6.96,N,[]
121,1007656,한국수자원공사,여주저류지,경기도 여주시 대신면,당남리 318,127-32-59,37-22-52 ,0, , , , , ,N,[]
122,1007660,환경부,여주시(이포대교),경기도 여주시,금사면 이포리 이포대교,127-32-15,37-24-04 ,26.105,3.5,6.5,8.5,10.3, ,N,[]
123,1007662,환경부,이포보(상류),경기도,여주시 금사면 이포리 이포대교,127-32-16,37-24-04 ,0,28.5,33,34.5,36.4,36.39,N,[]
124,1007664,환경부,이포보(하류),경기도,여주시 대신면 천서리 674,127-32-29,37-24-30 ,0, , , , ,36.09,N,[]
125,1007672,한국농어촌공사,금사,경기도 여주군 금사면,장흥리 40,127-29-20,37-23-19 , , , , , , ,N,[]
126,1007680,환경부,양평군(흑천교),경기도 양평군,개군면 공세리 흑천교,127-31-39,37-27-58 ,32.286,2,3,3.5,4.6,4.57,N,[]
127,1007685,환경부,양평군(양평교),경기도 양평군,양평읍 양근리 양평교,127-29-24,37-29-11 ,19.558,8.5,9,11,13.6,13.6,N,[]
128,1007690,환경부,양평군(봉상교),경기도 양평군,단월면 봉상리 봉상교,127-39-05,37-30-42 ,78.78,2,3,4,4.5,4.51,N,[]
129,1007697,환경부,양평군(신원리),경기도 양평군 양서면,신원리 462-2,127-22-17,37-31-30 ,24.29,3.3,4,5,6,6.02,N,[]
130,1009650,한국수자원공사,화천군(평화의댐),강원도 화천군,화천읍 동촌리 3061-3 평화의댐,127-50-40,38-12-37 , , , , , , ,N,[]
131,1009652,한국수자원공사,화천군(평화나래교),강원도 화천군,화천읍 동촌리 3061 평화나래교,127-50-58,38-12-29 , , , , , , ,N,[]
132,1010630,한국수력원자력,약수교,강원도 양구군,동면 후곡리,128-02-35,38-10-03 ,248.93, , , , , ,N,[]
134,1010635,한국수력원자력,하리교,강원도 양구군,양구읍 하리,127-59-03,38-06-28 , , , , , , ,N,[]
135,1010640,한국수자원공사,양구군(각시교),강원도 양구군,방산면 금악리 905 각시교,127-55-32,38-11-25 ,223.61, , , , , ,N,[]
136,1010642,한국수력원자력,남전교,강원도 양구군,방산면 오미리,127-54-05,38-10-59 , , , , , , ,N,[]
137,1010660,환경부,화천군(화천댐),강원도 화천군,간동면 구만리 화천댐,127-46-38,38-07-03 ,.268, , , , ,180.73,N,[]
138,1010661,한국수력원자력,화천댐,강원도 화천군,간동면 어룡동길 42,127-47-00,38-07-00 , , , , , , ,N,[]
139,1010670,한국수자원공사,화천군(오작교),강원도 화천군,화천읍 풍산리 산269 오작교,127-48-43,38-17-06 ,166.08, , , , , ,N,[]
140,1010675,환경부,화천,강원도 화천군 화천읍,하리 ,127-43-00,38-06-00 ,98.043, , , , , ,N,[]
141,1010677,한국수력원자력,용신교,강원도 화천군,화천읍 상리,127-42-16,38-06-32 , , , , , , ,N,[]
142,1010680,한국수자원공사,화천군(화천대교),강원도 화천군,하남면 위라리 525 화천대교,127-42-29,38-05-54 ,98.139, , , , , ,N,[]
143,1010684,한국수력원자력,오탄교,강원도 춘천시,사북면 지촌리,127-38-13,38-06-32 , , , , , , ,N,[]
144,1010688,한국수력원자력,춘천댐,강원도 춘천시,신북읍 영서로 3741,127-40-15,37-58-00 , , , , , , ,N,[]
145,1010690,환경부,춘천시(춘천댐),강원도 춘천시,신북읍 용산리 춘천댐,127-40-06,37-58-07 ,-.022, , , , ,104.92,N,[]
146,1010695,환경부,춘천시(춘천댐하류),강원도 춘천시,서면 서상리 산 2-2,127-40-33,37-57-34 ,71.811,5.5,6.5,8.5,10.7,10.71,N,[]
147,1011620,환경부,인제군(반월촌교),강원도 인제군 서화면,심적리 반월촌교,128-12-13,38-15-52 ,310.488,4,5,6,8.2,8.22,N,[]
148,1011650,한국수자원공사,인제군(어두원교),강원도 인제군,북면 원통리 235 어두원교,128-14-00,38-08-08 ,231.81, , , , , ,N,[]
149,1011690,한국수자원공사,인제군(원통리),강원도 인제군,북면 원통리 1798,128-12-34,38-07-15 ,218.337, , , , , ,N,[]
150,1011693,한국수자원공사,인제군(도리촌교),강원도 인제군,북면 월학리 1201 도리촌교,128-12-25,38-05-51 ,227.837, , , , , ,N,[]
151,1011695,환경부,인제군(리빙스턴교),강원도 인제군 인제읍,합강리 리빙스턴교,128-11-00,38-05-18 ,192.943,4.5,6.5,8,9.7,9.71,N,[]
152,1012630,환경부,인제군(왕성동교),강원도 인제군,상남면 미산리 왕성동교,128-19-22,37-52-19 ,373.813,4,5.5,6.5,9.5,9.48,N,[]
153,1012635,환경부,인제군(양지교),강원도 인제군 상남면,미산리 양지교,128-17-18,37-52-36 ,340.511,3.5,4.5,5.5,6.6,6.57,N,[]
154,1012640,환경부,인제군(현리교),강원도 인제군,기린면 현리 현리교,128-19-02,37-56-53 ,285.965,2.5,3.5,4,5.4,5.42,N,[]
155,1012645,환경부,인제군(하죽천교),강원도 인제군 기린면,서리 하죽천교,128-18-29,37-58-37 ,261.206,3.5,7.5,9,11.1,11.08,N,[]
156,1012650,한국수자원공사,인제군(원대교),강원도 인제군,인제읍 원대리 산75-10 원대교,128-14-27,38-00-29 ,230.334, , , , , ,N,[]
157,1012657,한국수자원공사,인제군(사구미교),강원도 인제군,인제읍 남북리 산 2-2 사구미교,128-10-04,38-03-21 ,182.33, , , , , ,N,[]
158,1012660,환경부,인제1,강원도 인제군 남면,남전리 ,128-08-00,38-01-00 ,142.736, , , , , ,N,[]
159,1012665,환경부,인제2,강원도 인제군 인제읍,남정리 ,128-09-00,38-02-00 , , , , , , ,N,[]
160,1012670,한국수자원공사,인제군(양구대교),강원도 인제군,남면 상수내리 산31-23 양구대교,128-03-23,37-59-40 , , , , , , ,N,[]
161,1012680,한국수자원공사,춘천시(소양강댐),강원도 춘천시,신북읍 천전리 산73-6 소양강댐,127-48-52,37-56-44 , , , , , , ,N,[]
162,1012682,한국수자원공사,춘천시(소양강댐방수로),강원도 춘천시,신북읍 천전리 1-4 소양강댐방수로,127-48-40,37-56-39 , , , , , , ,N,[]
163,1012685,환경부,춘천시(천전리),강원도 춘천시,신북읍 천전리61-20,127-47-23,37-55-49 ,76.049,2.5,4.5,6,7,7.03,N,[]
164,1012688,한국수자원공사,지내,강원도 춘천시,신북읍 천전리 1259-1 소양6교,127-46-44,37-55-33 , , , , , , ,N,[]
165,1012690,환경부,소양강,강원도 춘천시 신북읍,천전리,127-47-03,37-55-04 , , , , , , ,N,[]
166,1012695,환경부,춘천2,강원도 춘천시 근화동,소양로3가,127-43-29,37-53-25 , , , , , , ,N,[]
167,1013620,한국수력원자력,목동교,경기도 가평군,북면 목동리,127-32-54,37-52-59 ,98.689, , , , , ,N,[]
168,1013635,한국수력원자력,의암댐,강원도 춘천시,신동면 옛경춘로 62-15,127-40-25,37-50-17 , , , , , , ,N,[]
169,1013637,환경부,춘천시(소양2교),강원도 춘천시,근화동 소양2교,127-43-21,37-53-35 ,.012,71.5,73,74,74.7,74.69,N,[]
170,1013645,환경부,춘천시(강촌교),강원도 춘천시,남산면 강촌리 강촌교,127-38-01,37-49-03 ,52.497,2,8.5,10.5,12.2,12.2,N,[]
171,1013652,한국수력원자력,가평천,경기도 가평군,북면 개곡리,127-31-40,37-52-29 , , , , , , ,N,[]
172,1013655,환경부,가평군(가평교),경기도 가평군,가평읍 읍내리 가평교,127-31-05,37-49-53 ,51.857,1.8,3,4,5.2,5.18,Y,[]
173,1014620,환경부,홍천군(용선교),강원도 홍천군,내촌면 답풍리 용선교,128-03-55,37-48-48 ,184.738,2.5,3.5,4,4.6,4.58,N,[]
174,1014630,환경부,홍천군(주음치교),강원도 홍천군,화촌면 주음치리 주음치교,127-59-00,37-47-04 ,152.147,3,4,5,6.3,6.25,N,[]
175,1014635,한국수력원자력,홍천강(성포교),강원도 홍천군,화촌면 성산리,127-58-27,37-45-48 , , , , , , ,N,[]
176,1014640,환경부,홍천군(굴운교),강원도 홍천군,화촌면 굴운리 굴운교,127-56-29,37-44-19 ,131.685,3.5,4.5,6,7.3,7.26,N,[]
177,1014648,한국수력원자력,홍천강(남산교),강원도 홍천군,홍천읍 희망리,127-53-23,37-41-10 , , , , , , ,N,[]
178,1014650,환경부,홍천군(홍천교),강원도 홍천군,홍천읍 연봉리 홍천교,127-52-44,37-41-14 ,119.731,2,4,5,6.5,6.52,Y,[]
179,1014665,환경부,홍천군(남노일대교),강원도 홍천군 남면,남노일리 남노일대교,127-46-14,37-40-31 ,89.282,5.5,6.5,8,9.3,9.34,N,[]
180,1014680,환경부,홍천군(반곡교),강원도 홍천군,서면 반곡리 반곡교,127-40-14,37-41-37 ,68.288,3,4,5,6,5.96,N,[]
181,1014695,한국수력원자력,한덕교,강원도 홍천군,서면 모곡리,127-36-48,37-40-20 , , , , , , ,N,[]
182,1014696,환경부,홍천군(모곡교),강원도 홍천군,서면 모곡리 모곡교,127-36-18,37-40-19 ,58.438,3.4, , , , ,N,[]
183,1015630,한국수력원자력,산장제1교,경기도 가평군,상면 덕현리,127-24-37,37-45-18 ,58.96, , , , , ,N,[]
184,1015639,한국수력원자력,청평댐,경기도 가평군,설악면 유명로 2630,127-25-28,37-43-15 , , , , , , ,N,[]
185,1015640,환경부,가평군(청평댐),경기도 가평군,설악면 회곡리 745-27,127-25-23,37-43-24 ,.67, , , , ,51.33,N,[]
186,1015644,환경부,가평군(청평교),경기도 가평군,청평면 청평리 청평교,127-24-52,37-44-03 ,31.222,2,4.5,5.5,8.6,8.59,N,[]
187,1015645,환경부,가평군(신청평대교),경기도 가평군,청평면 삼회리 산90 신청평대교,127-24-37,37-43-05 ,22.612,5,10,12.5,15.5,15.46,N,[]
188,1015680,환경부,남양주시(삼봉리),경기도 남양주시,조안면 삼봉리 235-1,127-20-21,37-35-43 ,24.422,1.6,4.5,6,7.2,7.25,N,[]
189,1016607,환경부,용인시(월촌교),경기도 용인시,처인구 모현면 갈담리 월촌교,127-14-22,37-19-57 ,49.553,1.5,4.5,5,6.7,6.71,N,[]
190,1016650,환경부,광주시(경안교),경기도 광주시,쌍령동 경안교,127-15-47,37-24-24 ,34.106,1.5,4,5,6.1,6.13,Y,[]
191,1016655,한국수력원자력,경안교,경기도 광주시,오포읍 양벌리,127-15-06,37-23-33 ,35.616, , , , , ,N,[]
192,1016660,환경부,광주시(섬뜰교),경기도 광주시,초월읍 도평리 섬뜰교,127-17-34,37-23-57 ,36.123,2.5,4,5,6.4,6.41,N,[]
193,1016670,환경부,광주시(서하교),경기도 광주시,초월읍 서하리 서하교,127-18-30,37-25-44 ,26.762,3.5,4.5,5.5,5.9,5.92,N,[]
194,1016695,환경부,광주시(광동교),경기도 광주시,퇴촌면 광동리 광동교,127-17-39,37-28-16 ,-.057,26,27,27.5,28.3,28.35,N,[]
195,1017678,한국수력원자력,팔당댐,경기도 남양주시,조안면 다산로 320,127-17-05,37-31-30 , , , , , , ,N,[]
196,1017690,환경부,남양주시(팔당댐),경기도 남양주시,조안면 능내리 팔당댐,127-17-00,37-31-38 ,.009, , , , ,24.51,N,[]
197,1018605,환경부,고안(등록문화재),경기도 남양주시 조안면,능내리 825,127-15-00,37-32-30 ,10, ,0,0, , ,N,[]
198,1018610,환경부,남양주시(팔당대교),경기도 남양주시,와부읍 팔당리 팔당대교,127-14-22,37-32-52 ,5.571,7,9,11.5,15.5,15.52,N,[]
199,1018611,환경부,팔당대교,경기도 남양주시 와부읍,팔당리 팔당유원지,127-14-29,37-32-40 ,10.876, , , , , ,N,[]
200,1018620,환경부,남양주시(부평교),경기도 남양주시,진접읍 부평리 부평교,127-11-48,37-44-25 ,56.285,1.5,2.5,3.5,4.8,4.82,N,[]
201,1018623,환경부,남양주시(연평대교),경기도 남양주시,진접읍 연평리 연평대교,127-10-56,37-42-36 ,44.501,1.8,2,2.5,4.2,4.25,N,[]
202,1018625,환경부,남양주시(내곡교),경기도 남양주시,진접읍 내각리 내곡교,127-09-53,37-41-30 ,33.497,2.5,3.5,4.5,6,6.05,N,[]
203,1018628,환경부,행주(등록문화재),경기도 고양시 덕양구 행주내동,78-9,126-48-38,37-35-55 , , , , , , ,N,[]
204,1018630,환경부,남양주시(진관교),경기도 남양주시,퇴계원면 퇴계원리 진관교,127-09-07,37-39-00 ,22.349,.4,2,3,4,4.01,Y,[]
205,1018635,환경부,남양주시(퇴계원리),경기도 남양주시,퇴계원면 퇴계원리 339-6,127-08-17,37-38-42 ,21.486,2,2.5,3,4,4,N,[]
206,1018638,환경부,남양주시(왕숙교),경기도 남양주시 도농동,다산동 왕숙교,127-08-53,37-36-13 ,10.336,4.9,6,8,9.7,9.67,N,[]
207,1018640,환경부,서울시(광진교),서울특별시,광진구 광장동 광진교,127-06-37,37-32-44 ,5.284,3,8,10.5,13.6,13.63,N,[]
208,1018645,환경부,자양,서울특별시 광진구 자양제1동,뚝섬유원지내 ,127-04-41,37-31-27 ,2.492, , , , , ,N,[]
209,1018650,환경부,성남시(궁내교),경기도 성남시,분당구 정자동 궁내교,127-06-30,37-22-12 ,33.094,2,3.5,4,4.2,4.19,N,[]
210,1018655,환경부,서울시(대곡교),서울특별시,강남구 세곡동 대곡교,127-07-21,37-28-08 ,9.555,3.8,5.5,7,8.5,8.46,Y,[]
211,1018658,환경부,서울시(대치교),서울특별시 강남구 대치동,대치교,127-04-28,37-29-54 ,4.464,3,8.5,11,13.5,13.55,N,[]
212,1018660,환경부,청담,서울특별시 강남구,청담취수장,127-03-50,37-31-10 ,2.7, , , , , ,N,[]
213,1018662,환경부,서울시(청담대교),서울특별시,강남구 청담동 청담대교,127-03-46,37-31-23 ,1.747,3,9,11.5,16,16.03,N,[]
214,1018664,환경부,뚝도,서울특별시 성동구 성수1가제1동, ,127-03-00,37-32-00 , , , , , , ,N,[]
215,1018665,환경부,의정부시(신곡교),경기도 의정부시,의정부동 신곡교,127-03-12,37-44-07 ,33.058,2.5,4.5,5.5,7,6.98,N,[]
216,1018669,환경부,서울시(창동교),서울특별시 도봉구 창동,창동교,127-03-15,37-39-10 ,14.618,4.5,5.5,6.5,7.9,7.91,N,[]
217,1018670,환경부,서울시(월계2교),서울특별시,노원구 월계동 월계2교,127-03-00,37-37-27 ,16.359,2,5,6,6.2,6.21,N,[]
218,1018675,환경부,서울시(중랑교),서울특별시,중랑구 중화동 중랑교,127-04-14,37-35-33 ,9.165,2.4,5,6.5,7.9,7.89,Y,[]
219,1018680,환경부,서울시(잠수교),서울특별시,용산구 서빙고동 잠수교,126-59-43,37-31-02 ,-.068,3.9,5.5,6.2,6.5,16.17,N,[]
220,1018683,환경부,서울시(한강대교),서울특별시,동작구 노량진동 한강대교,126-57-24,37-30-52 ,2.07,3.9,8.5,10.5,13.3,13.26,Y,[]
221,1018685,환경부,구용산,서울특별시 용산구,청암동44-1,126-57-00,37-31-00 ,1.282, , , , , ,N,[]
222,1018690,환경부,안양시(충훈1교),경기도 얀양시,만안구 박달동 충훈1교,126-54-11,37-24-17 ,16.85,1,3,4,4.7,4.71,N,[]
223,1018693,환경부,광명시(시흥대교),경기도 광명시,소화동 시흥대교,126-53-36,37-27-08 ,6.369,5,5.5,6.5,8.9,8.9,N,[]
224,1018695,환경부,서울시(너부대교),서울특별시,구로구 천왕동 너부대교,126-50-44,37-28-44 ,7.367,1.5,3,4,4.8,4.76,N,[]
225,1018697,환경부,서울시(오금교),서울특별시,양천구 신정동 오금교,126-52-27,37-30-30 ,2.996,4,7,9,11.1,11.13,Y,[]
226,1019620,환경부,부천시(도두리2교),경기도 부천시,오정구 삼정동 도두리2교,126-45-38,37-31-56 ,3.427,2,2.5,3.5,4.2,4.16,N,[]
227,1019630,환경부,서울시(행주대교),경기도 고양시덕양구 행주외동,행주대교,126-48-53,37-36-11 ,.803,4.5,6.5,8,10.7,10.68,N,[]
228,1019635,한국수자원공사,아라한강갑문(내),경기도 김포시 고촌면,신곡리 193-2번지,126-47-36,37-36-08 , , , , , , ,N,[]
229,1019636,한국수자원공사,아라한강갑실,경기도 김포시 고촌면,신곡리 193-2번지,126-47-36,37-36-08 , , , , , , ,N,[]
230,1019637,한국수자원공사,아라한강갑문(외),경기도 김포시 고촌면,신곡리 193-2번지,126-47-36,37-36-08 , , , , , , ,N,[]
231,1019640,한국수자원공사,굴포천(내), , ,126-45-35,37-31-23 , , , , , , ,N,[]
232,1019645,한국수자원공사,굴현보(상), , ,126-44-44,37-34-05 , , , , , , ,N,[]
233,1019647,한국수자원공사,박촌1교,인천광역시 계양구 박촌동,286-8,126-45-41,37-32-30 , , , , , , ,N,[]
234,1019648,한국수자원공사,계양대교,인천광역시 계양구 귤현동,184-5,126-44-47,37-34-24 , , , , , , ,N,[]
235,1019650,한국수자원공사,굴현교, , ,126-45-08,37-33-58 , , , , , , ,N,[]
236,1019651,한국수자원공사,귤현보(상),인천광역시 계양구 노오지동,120,126-45-32,37-34-28 , , , , , , ,N,[]
237,1019652,한국수자원공사,귤현보(하),인천광역시 계양구 노오지동,119,126-45-34,37-34-28 , , , , , , ,N,[]
238,1019653,한국수자원공사,벌말교,인천광역시 계양구 평동,24,126-46-20,37-35-00 , , , , , , ,N,[]
239,1019655,한국수자원공사,굴현보(하), , ,126-45-09,37-33-58 , , , , , , ,N,[]
240,1019660,한국수자원공사,굴포천(한강), , ,126-46-58,37-35-23 , , , , , , ,N,[]
241,1019667,환경부,고양시(원당교),경기도 고양시 덕양구 원당동,1046-1번지,126-51-57,37-41-06 ,20.803, , , , , ,N,[]
242,1019675,환경부,김포시(전류리),경기도 김포시,하성면 전류리 478,126-39-52,37-41-45 ,-.1,5,5.5,7,8.6,8.61,N,[]
243,1019680,환경부,파주시(교하교),경기도 파주시 하지석동,교하교,126-45-41,37-45-37 ,.922,2.5,5.5,7,8.2,8.18,N,[]
244,1021628,한국수자원공사,철원군(백마교),강원도 철원군 철원읍,산명리 1562-1,127-09-38,38-16-08 ,172.675, , , , , ,N,[]
245,1021630,환경부,철원군(대마리),강원도 철원군 철원읍,대마리 1614,127-09-58,38-16-06 ,180.631, , , , , ,N,[]
246,1021650,환경부,연천군(필승교),경기도 연천군,중면 횡산리 필승교,126-57-39,38-06-40 ,31,1,2,7.5,12,12,N,[]
247,1021660,한국수자원공사,연천군(군남댐),경기도 연천군,군남면 선곡리 606-2,127-00-57,38-06-18 , , , , , , ,N,[]
248,1021670,한국수자원공사,북삼,경기도 연천군 군남면,삼거리 북삼교,127-00-28,38-05-23 , , , , , , ,N,[]
249,1021680,환경부,연천군(임진교),경기도 연천군,군남면 진상리 임진교,127-01-03,38-03-23 ,17.964,6,7,9.5,12.1,12.1,N,[]
250,1022626,환경부,철원군(장수대교),강원도 철원군,김화읍 청양리 장수대교,127-22-28,38-14-46 ,193.338,4,5,6,8.3,8.25,N,[]
251,1022630,환경부,철원군(삼합교),강원도 철원군,갈말읍 정연리 삼합교,127-20-57,38-17-38 ,187.501,3.5,4.5,5.5,7,7.05,N,[]
252,1022631,한국농어촌공사,토교,강원도 철원군 동송읍,양지리 358-1,127-17-20,38-16-20 , , , , , , ,N,[]
253,1022635,환경부,철원군(한탄대교),강원도 철원군 동송읍,장흥리 한탄대교,127-17-57,38-11-13 ,125.072,5,8,9.5,11.8,11.77,N,[]
254,1022638,한국수자원공사,철원군(군탄교),강원도 철원군 갈말읍,군탄리 산 165-3,127-16-48,38-08-25 ,94.495, , , , , ,N,[]
255,1022640,환경부,포천시(용담교),경기도 포천시,영북면 자일리 용담교,127-16-19,38-07-26 ,92.13,3.5,6,8,9.9,9.99,N,[]
256,1022642,한국수자원공사,포천시(대회산교),경기도 포천시 관인면,중리 산 123-7,127-13-14,38-05-24 ,72.088, , , , , ,N,[]
257,1022643,한국수자원공사,포천시(영로대교),경기도 포천시,창수면 운산리 92-1 영로대교,127-12-21,38-03-55 ,62.921, , , , , ,N,[]
258,1022644,한국수자원공사,연천군(한탄강댐),경기도 포천시,창수면 신흥리 산 130-3 한탄강댐,127-07-51,38-03-45 , , , , , , ,N,[]
259,1022645,한국수자원공사,연천군(한여울교),경기도 연천군,연천읍 고문리 545-7 한여울교,127-07-45,38-03-39 , , , , , , ,N,[]
260,1022648,환경부,포천시(은현교),경기도 포천시,영중면 거사리 은현교,127-14-19,38-00-08 ,61.322,3.5,4.5,5.5,6.7,6.69,N,[]
261,1022650,환경부,포천시(영평교),경기도 포천시,영중면 영송리 영평교,127-12-52,38-00-39 ,56.354,2.5,3.5,4.5,5.4,5.43,Y,[]
262,1022655,환경부,포천시(신백의교),경기도 포천시,창수면 고소성리 신백의교,127-08-34,38-01-05 ,44.553,5.5,6.5,8,9.9,9.87,N,[]
263,1022659,한국수자원공사,백의교,경기도 연천군 청산면,백의리 백의교,127-08-17,38-01-23 , , , , , , ,N,[]
264,1022662,환경부,연천군(차탄교),경기도 연천군 연천읍,차탄리 차탄교,127-04-19,38-05-15 ,47.815,3.5,4.5,6.5,7.8,7.82,N,[]
265,1022664,한국수자원공사,궁신교,경기도 연천군 연천읍,현문로 508번길 211,127-06-16,38-02-12 , , , , , , ,N,[]
266,1022665,한국수자원공사,연천군(궁신교),경기도 연천군,청산면 궁평리 궁신교,127-06-14,38-02-10 ,32.734, , , , , ,N,[]
267,1022666,한국수자원공사,연천군(고탄교),경기도 연천군,전곡읍 전곡리 364-5 고탄교,127-04-34,38-01-53 ,62.921, , , , , ,N,[]
268,1022668,환경부,동두천시(송천교),경기도 동두천시 송내동,송천교,127-03-05,37-52-49 ,57.033,2.5,4,5,6,6.05,N,[]
269,1022670,환경부,연천군(신천교),경기도 연천군,청산면 대전리 신천교,127-04-37,37-59-35 ,27.429,3.5,4.5,5.5,6.7,6.65,N,[]
270,1022680,환경부,연천군(사랑교),경기도 연천군,전곡읍 전곡리 사랑교,127-03-21,38-00-32 ,19.806,3.7,7.5,9.5,10.9,9.25,Y,[]
271,1023640,환경부,연천군(삼화교),경기도 연천군,미산면 마전리 삼화교,126-59-00,38-01-31 ,5.374,11.5,12.5,16,19.5,19.51,N,[]
272,1023660,환경부,파주시(비룡대교),경기도 파주시,적성면 가월리 비룡대교,126-55-09,37-59-07 ,7.428,6.9,9.5,11.5,13.6,13.57,Y,[]
273,1023662,환경부,연천군(사미천교),경기도 연천군,장남면 전동리 사미천교,126-52-42,38-00-12 ,6.592,8.5,9.5,12,14.9,14.85,N,[]
274,1023670,환경부,파주시(통일대교),경기도 파주시,문산읍 마정리 통일대교,126-44-30,37-54-16 ,1.302,6,7,8.5,9.4,9.42,N,[]
275,1023680,환경부,파주시(아가메교),경기도 파주시,월롱면 능산리 아가메교,126-47-02,37-49-17 ,2.072,3.5,6,7.5,9,9.02,N,[]
276,1101605,환경부,화성시(화산교),경기도 화성시,송산동 화산교,127-01-13,37-13-04 ,12.231,5,6,7.5,8.3,8.3,N,[]
277,1101609,한국농어촌공사,금광,경기도 안성시 금광면,금광리 175,127-19-44,36-59-51 , , , , , , ,N,[]
278,1101610,환경부,안성시(옥산대교),경기도 안성시,도기동 옥산대교,127-15-01,37-00-05 ,18.667,2,3,3.5,4.4,8.13,N,[]
279,1101615,한국농어촌공사,고삼,경기도 안성시 고삼면,월향리 624-1,127-16-19,37-04-54 , , , , , , ,N,[]
280,1101620,환경부,안성시(건천리),경기도 안성시,공도읍 건천리 2-5,127-10-57,36-58-25 ,8.321,1,4.5,5.5,6.2,6.24,N,[]
281,1101625,한국농어촌공사,이동,경기도 용인시 처인구 이동읍,어비리 1335-1,127-11-04,37-06-37 , , , , , , ,N,[]
282,1101630,환경부,천안시(안성천교),충청남도 천안시,서북구 성환읍 신가리 (구)안성천교,127-06-39,36-58-13 ,3.761,3,4,5,6.1,6.1,N,[]
283,1101635,환경부,평택시(군문교),경기도 평택시,군문동 군문교,127-04-48,36-59-01 ,.129,4.2,6,7,8.4,8.36,Y,[]
284,1101645,환경부,오산시(탑동대교),경기도 오산시,누읍동 탑동대교,127-03-29,37-08-02 ,10.736,1.5,3.5,4,4.2,4.18,N,[]
285,1101650,환경부,화성시(수직교),경기도 화성시,향남면 수직리 수직교,126-59-59,37-07-25 ,4.333,4,5,6,7.4,7.38,N,[]
286,1101663,환경부,평택시(진위1교),경기도 평택시,진위면 하북리 진위1교,127-03-08,37-05-42 ,5.334,2.5,4.5,5.5,7,7.04,N,[]
287,1101665,환경부,평택시(회화리),경기도 평택시,서탄면 회화리 388,127-01-44,37-05-46 ,4.977,3,4.5,5.5,6.7,6.71,N,[]
288,1101670,환경부,평택시(동연교),경기도 평택시,고덕면 동청리 동연교,126-59-51,37-03-09 ,-.283,5,7.5,8.5,10.1,10.09,Y,[]
289,1101675,환경부,궁안교,경기도 평택시 고덕면,관안리 ,127-01-00,37-01-00 ,.717, , , , , ,N,[]
290,1101680,환경부,평택시(팽성대교),경기도 평택시,팽성읍 원정리 팽성대교,127-02-01,36-58-41 ,.296,4,5,6,6.9,6.88,N,[]
291,1101685,한국농어촌공사,아산호,경기도 평택시 오성면,길음리 길음양수장,126-58-33,36-58-05 , , , , , , ,N,[]
292,1101690,환경부,노양,경기도 평택시 ,노양리 ,127-00-00,36-56-00 ,-2.516, , , , , ,N,[]
293,1101695,한국농어촌공사,아산만(내),경기도 평택시,안중읍 안중리 42-60,126-55-41,36-58-48 , , , , , , ,N,[]
294,1101696,한국농어촌공사,아산만(외),경기도 평택시,안중읍 안중리 42-60,126-55-41,36-58-48 , , , , , , ,N,[]
295,1201620,환경부,강화군(강화대교),인천광역시 강화군,강화읍 갑곶리 강화대교,126-31-40,37-43-54 ,.135, ,7.5,9.5, ,10.95,N,[]
296,1201651,한국수자원공사,아라서해갑문(내),인천광역시 서구,경서로 31번길 1,126-36-15,37-33-40 , , , , , , ,N,[]
297,1201652,한국수자원공사,아라서해갑실(남),인천광역시 서구,경서로 31번길 1,126-36-11,37-33-38 , , , , , , ,N,[]
298,1201653,한국수자원공사,아라서해갑문(외),인천광역시 서구,경서로 31번길 1,126-36-5 ,37-33-37 , , , , , , ,N,[]
299,1201654,한국수자원공사,아라서해갑실(북),인천광역시 서구,경서로 31번길 1,126-36-10,37-33-40 , , , , , , ,N,[]
300,1202630,환경부,반월2,경기도 안산시,장상2동,126-52-30,37-20-54 ,35.374, , , , , ,N,[]
301,1202660,환경부,반월1,경기도 안산시상록구 성포동,노적봉공원내,126-51-25,37-19-22 ,10.475, , , , , ,N,[]
302,1202670,한국농어촌공사,남양(외),경기도 평택시 포승면,원정리 ,126-48-00,37-00-02 , , , , , , ,N,[]
303,1202690,한국수자원공사,서해배수문(내), , ,126-34-38,37-17-24 , , , , , , ,N,[]
304,1202695,한국수자원공사,서해배수문(외), , ,126-34-37,37-17-25 , , , , , , ,N,[]
305,1301630,환경부,양양군(용천2교),강원도 양양군 서면,용천리 용천2교,128-36-29,38-03-20 ,6.868,3,4,5,6.1,6.09,N,[]
306,1301658,환경부,양양군(양양대교),강원도 양양군,양양읍 월리 양양대교,128-37-54,38-04-31 ,.502,3,3.5,4.5,5.4,5.41,N,[]
307,1302645,한국농어촌공사,오봉,강원도 강릉시 성산면,오봉리 산115,128-49-11,37-41-56 , , , , , , ,N,[]
308,1302648,환경부,강릉시(회산교),강원도 강릉시,회산동 회산교,128-52-12,37-44-35 ,15.631,2.5,3,3.5,4.8,4.76,N,[]
309,1302663,한국수자원공사,동해시(달방댐),강원도 동해시,달방동 산129,129-02-17,37-30-22 , , , , , , ,N,[]
310,1302665,한국수자원공사,동해시(원평교),강원도 동해시 이로동,138,128-64-05,37-29-39 , , , , , , ,N,[]
311,1302668,환경부,동해시(북평교),강원도 동해시,북평동 북평교,129-07-30,37-29-07 ,.192,1,2.5,3.5,6.3,6.32,N,[]
312,1302670,환경부,강릉시(송림교),강원도 강릉시 연곡면,송림리 송림교,128-48-38,37-50-49 ,3.023,2.5,3.5,4.5,4.9,4.94,N,[]
313,1303610,환경부,삼척시(남양촌교),강원도 삼척시 원덕읍,기곡리 남양촌교,129-15-37,37-08-36 ,49.176, , , , , ,N,[]
314,1303650,환경부,삼척시(상정교),강원도 삼척시 미로면,상정리 상정교,129-05-55,37-22-58 ,43.024,2.5,3.5,4.5,5.4,5.38,N,[]
315,1303680,환경부,삼척시(오십천교),강원도 삼척시,남양동 오십천교,129-10-05,37-26-17 ,-1.75,4,5.5,6.5,8.5,8.45,N,[]
316,2001610,환경부,태백시(문화교),강원도 태백시,장성동 216 (문화교),129-01-02,37-05-45 ,550.39,3.3,4.4,5.2,6.36,6.26,N,[]
317,2001613,한국수자원공사,태백시(루사교),강원도 태백시 동점동,루사교,129-02-40,37-05-36 ,518.78, , , , , ,N,[]
318,2001615,환경부,봉화군(대현교),경상북도 봉화군,석포면 석포리 699-2 (대현교),129-02-39,37-03-50 ,485.47, , , , , ,N,[]
319,2001625,환경부,봉화군(광회교),경상북도 봉화군 소천면,분천리 1939(광회교),129-06-37,36-56-03 ,409.488, , , , , ,N,[]
320,2001628,환경부,봉화군(분천교),경상북도 봉화군,소천면 분천리 2082-1 (분천교),129-03-24,36-55-49 ,317.713,5.9,7.1,8,9.05, ,N,[]
321,2001629,한국수자원공사,봉화군(현동교),경상북도 봉화군 소천면,현동리 현동교,129-00-41,36-55-55 ,284.731, , , , , ,N,[]
322,2001630,한국수자원공사,봉화군(임기리),경상북도 봉화군,소천면 임기리,129-00-04,36-52-60 ,250.079, ,0,0, ,0,N,[]
323,2001650,환경부,봉화,경상북도 봉화군 명호면,풍호리,128-53-30,35-50-30 ,192.324, , , , , ,N,[]
324,2001655,환경부,봉화군(도천교),경상북도 봉화군,명호면 도천리 1378 (도천교),128-54-07,36-51-34 ,197.233,3.3,4.1,4.9,5.66, ,N,[]
325,2001658,한국수자원공사,봉화군(양삼교),경상북도 봉화군,명호면 남애길 73-34,128-53-08,36-46-43 ,173.107, , , , , ,N,[]
326,2001660,한국수자원공사,도산,경상북도 안동시,도산면 가송리,128-53-47,36-45-38 ,169.09, ,0,0, ,0,N,[]
327,2001670,기타,예안,경상북도 안동군,예안면    부표2리,128-51-00,36-41-00 ,0, , , , ,0,N,[]
328,2001675,기타,천전,경상북도 안동군,예안면    천정동,128-50-00,36-41-00 ,0, , , , ,0,N,[]
329,2001680,한국수자원공사,안동시(안동댐방수로),경상북도 안동시,성곡동 안동댐방수로 지점,128-46-16,36-35-04 , , ,0,0, ,0,N,[]
330,2001685,한국수자원공사,안동시(안동댐),경상북도 안동시,성곡동 안동댐취수탑 지점,128-46-30,36-34-58 , , ,0,0, ,0,N,[]
331,2001690,한국수자원공사,안동시(안동조정지댐),경상북도 안동시,법흥동 조정지댐 지점,128-44-57,36-33-59 , , ,0,0, ,0,N,[]
332,2002606,한국수자원공사,보현,경상북도 청송군,현서면 백자리 수락1교,128-57-03,36-13-18 ,346.371, , , , , ,N,[]
333,2002609,한국수자원공사,청송군(성덕댐),경상북도 청송군,안덕면 성덕댐로 1191,128-57-47,36-14-31 ,332, , , , , ,N,[]
334,2002610,한국수자원공사,무계,경상북도 청송군,현서면 백자리 무명교,128-58-29,36-13-02 ,361.519, , , , , ,N,[]
335,2002613,한국수자원공사,포항시(상사4교),경상북도 포항시,죽장면 하사리 상사4교,129-05-19,36-15-13 ,346.747, , , , , ,N,[]
336,2002616,한국수자원공사,청송군(명당리),경상북도 청송군,안덕면 명당3길 29,128-57-25,36-17-07 ,273.83, , , , , ,N,[]
337,2002620,한국수자원공사,영양군(양평교),경상북도 영양군,영양읍 현리,129-06-23,36-39-11 ,209.601, ,0,0, ,0,N,[]
338,2002630,한국수자원공사,청송군(송강2교),경상북도 청송군,파천면 송강리 송강2교,129-01-18,36-29-02 ,157.169, , , , , ,N,[]
339,2002633,한국수자원공사,영양군(임천교),경상북도 영양군,입암면 연당리 임천교,129-04-02,36-36-52 ,190.84, , , , , ,N,[]
340,2002634,환경부,영양군(청암교),경상북도 영양군,입암면 신구리 704 (청암교),129-05-06,36-35-50 ,181.1,5.9,6.7,7.4,8.25,8.26,N,[]
341,2002635,한국수자원공사,영양군(흥구리),경상북도 영양군,입압면 흥구리 378-1천,129-03-57,36-32-44 ,162.953, , , , , ,N,[]
342,2002636,한국수자원공사,홍구,경상북도 영양군 입암면,홍구378-1,129-04-17,36-35-22 ,163.704, , , , , ,N,[]
343,2002638,한국수자원공사,영양군(흥구교),경상북도 영양군 입암면,흥구리 흥구교,129-4-51 ,36-33-7  ,164.938, , , , , ,N,[]
344,2002645,한국수자원공사,청송군(광덕교),경상북도 청송군,진보면 각산리 광덕교,129-02-36,36-32-10 ,158.391, , , , , ,N,[]
345,2002655,한국수자원공사,청송군(덕천교),경상북도 청송군,파천면 덕천리 728-1 덕천교,129-01-49,36-26-34 ,172.45, ,0,0, ,0,N,[]
346,2002675,한국수자원공사,안동시(임하댐방수로),경상북도 안동시,임하면 천전리 1084-7,128-52-48,36-32-16 , , ,0,0, ,0,N,[]
347,2002677,한국수자원공사,안동시(임하댐),경상북도 안동시,임하면 천전리 1084-7,128-53-01,36-32-06 , , ,0,0, ,0,N,[]
348,2002680,한국수자원공사,안동시(임하조정지댐),경상북도 안동시,임하면 천전리 1084-7,128-50-43,36-32-11 , , ,0,0, ,0,N,[]
349,2002685,환경부,안동시(묵계교),경상북도 안동시,길안면 묵계리 1127-85 ((구)묵계교),128-54-39,36-25-54 ,136.586,3.1,4,5,5.93,5.94,N,[]
350,2002686,한국수자원공사,안동시(신덕교),경상북도 안동시,임하면 신덕리 신덕교,128-50-19,36-31-09 ,190.84, , , , , ,N,[]
351,2002687,한국수자원공사,임하댐하류수위(볼거리),경상북도 안동시 송천동, ,128-50-09,36-32-10 , , , , , , ,N,[]
352,2002692,한국수자원공사,안동시(포진교),경상북도 안동시,송천동 포진교,128-47-43,36-32-05 ,89.988, ,0,0, ,0,N,[]
353,2002695,환경부,안동시(대사3교),경상북도 안동시,길안면 대사리 785 (대사3교),128-57-33,36-21-58 ,201.939,3.6,4.6,5.6,6.52, ,N,[]
354,2003605,기타,안동2,경상북도 안동시,법흥동,128-44-00,36-33-00 ,0, , , , ,0,N,[]
355,2003610,한국수자원공사,안동시(안동대교),경상북도 안동시,옥동 안동대교,128-41-59,36-33-01 ,82.78, ,0,0, ,0,N,[]
356,2003635,한국농어촌공사,금봉,경상북도 의성군 옥산면,금학리 527,128-51-29,36-19-55 , , , , , , ,N,[]
357,2003640,환경부,안동시(운산리),경상북도 안동시,일직면 운산리 166-2,128-39-36,36-28-46 ,97.458,2.3,4,5,5.97, ,N,[]
358,2003650,한국수자원공사,안동시(검암교),경상북도 안동시,남후면 검바우길 99 검암교,128-39-25,36-32-27 ,76.49, , , , , ,N,[]
359,2003670,환경부,예천군(구담교),경상북도 예천군,지보면 암천리 708 (구담교),128-27-45,36-32-25 ,58.823,3.8,5.2,6.6,8.06, ,N,[]
360,2003690,환경부,의성군(풍지교),경상북도 의성군,다인면 용곡리 764 (풍지교),128-21-54,36-31-48 ,51.321,5.8,7.7,9.5,11.39,0,N,[]
361,2004605,환경부,봉화군(봉화대교),경상북도 봉화군,봉화읍 내성리 506 (봉화대교),128-43-57,36-53-19 ,184.12,2,3,3.9,4.75,4.48,N,[]
362,2004607,한국농어촌공사,경천,경상북도 문경시 동로면, 마광리 1-1,128-18-50,36-41-45 , , , , , , ,N,[]
363,2004608,한국수자원공사,영주시(이산교),경상북도 영주시 이산면,신암리 1436-4,128-41-14,36-51-10 ,164.072, , , , , ,N,[]
364,2004610,한국수자원공사,영주시(영주유사조절지),경북 영주시 이산면,신천리 152,128-42-01,36-47-04 ,0, , , , , ,N,[]
365,2004625,기타,송리원,경상북도 영주시,평은면 강동리 1283,128-41-12,36-44-08 ,134.48, , , , , ,N,[]
366,2004630,한국수자원공사,영주시(영주댐),경상북도 영주시 평은면,용혈리 산 180-1,128-39-24,36-43-19 ,0, , , , , ,N,[]
367,2004632,한국수자원공사,영주시(용혈리),경상북도 영주시 평은면,용혈리 1184-1,128-38-43,36-43-06 ,118.89, , , , , ,N,[]
368,2004635,환경부,영주시(월호교),경상북도 영주시,문수면 적동리 738 (월호교),128-37-16,36-45-47 ,116.71,4.3,5.5,7,7.98,8.09,Y,[]
369,2004640,환경부,영주시(석탑교),경상북도 영주시,문수면 조제리 1136 (석탑교),128-35-59,36-42-59 ,100.86,3.5,4.9,6.2,7.54,7.54,N,[]
370,2004650,환경부,예천군(미호교),경상북도 예천군,보문면 미호리 401 (미호교),128-31-06,36-40-10 ,85.71,3,4.5,5.9,7.36,7.36,N,[]
371,2004655,환경부,예천군(고평교),경상북도 예천군,호명면 월포리 624 (고평교),128-29-16,36-37-10 ,75.159,4.5,5,6,7.24,7.22,N,[]
372,2004668,환경부,예천군(신예천교),경상북도 예천군,예천읍 남본리 310-1 (신예천교),128-26-55,36-39-01 ,79.006,2.5,3.1,3.8,4.39,4.31,N,[]
373,2004675,환경부,예천군(신음리),경상북도 예천군,개포면 신음리 545,128-20-54,36-35-03 ,58.441,4,5.2,6.4,7.64, ,N,[]
374,2004680,환경부,예천군(회룡교),경상북도 예천군,용궁면 대은리 950 (회룡교),128-19-10,36-35-10 ,52.8,5,6,7,8.4,8.4,Y,[]
375,2004685,한국농어촌공사,경천댐,경상북도 문경시,동로면    마광리    경천댐내,126-07-12,36-12-36 ,0, , , , ,0,N,[]
376,2004695,환경부,예천군(산양교),경상북도 예천군,용궁면 읍부리 508 (산양교),128-15-39,36-36-41 ,67.99,2.16,2.6,3.1,3.62,3.62,N,[]
377,2005640,환경부,문경시(갈마교),경상북도 문경시,가은읍 갈전리 1014-1 (갈마교),128-05-11,36-38-20 ,126.77,3.5,4.6,5.2,5.35, ,N,[]
378,2005650,환경부,문경시(불정동),경상북도 문경시,불정동 410,128-08-55,36-38-45 ,88.14,4.2,5.3,6.2,7.95, ,N,[]
379,2005660,환경부,문경시(김용리),경상북도 문경시,영순면 김용리 262-4,128-13-00,36-35-22 ,62.96,2.9,4,4.5,4.62,4.62,Y,[]
380,2005670,한국수자원공사,상주시(상우교),경상북도 상주시,와서면 우산리 상우교,128-03-53,36-28-12 ,124.046, , , , , ,N,[]
381,2005680,환경부,상주시(이안교),경상북도 상주시,이안면 이안리 493-1 (이안교),128-09-32,36-32-38 ,62.96,2.8,3.5,4.3,5.05,5.09,N,[]
382,2006603,한국농어촌공사,오태,경상북도 상주시 공검면,오태리 127-01,128-07-47,36-29-37 , , , , , , ,N,[]
383,2006625,환경부,상주시(병성교),경상북도 상주시,병성동 805 (병성교),128-13-17,36-26-08 ,39.309,4.2,5.7,7.2,8.68, ,N,[]
384,2006630,환경부,상주시(소천2교),경상북도 상주시,가장동 637-1 (소천2교),128-08-52,36-22-31 ,56.47,2.2,3.3,4,4.66,4.66,N,[]
385,2006660,환경부,계산,경상북도 상주시,후천교,128-09-40,36-25-30 ,52.229, , , , , ,N,[]
386,2006665,환경부,상주시(후천교),경상북도 상주시,계산동 523 (후천교),128-09-31,36-25-41 ,52.328,2.95,3.3,3.7,4.62,4.63,N,[]
387,2006675,환경부,상주시(화계교),경상북도 상주시,복룡동 487 (화계교),128-11-16,36-25-13 ,46.93,2.4,3.3,4.2,5.07, ,N,[]
388,2007620,환경부,문경시(말응리),경상북도 문경시,영순면 말응리 산93,128-15-41,36-32-33 ,46.407,4.3,6.1,7.8,9.57, ,N,[]
389,2007640,환경부,문경시(이목리),경상북도 문경시,영순면 이목리 산80,128-17-46,36-33-20 ,46.677,5.9,6.4,8.4,10.5,10.46,N,[]
390,2007645,기타,달지2,경상북도 문경군,영순면    달지리,128-18-00,36-33-00 ,0, , , , ,0,N,[]
391,2007660,환경부,예천군(상풍교),경상북도 예천군,풍양면 효갈리1083-1 (상풍교),128-16-07,36-29-55 ,45.78,1.72,4,5.5,6.97,6.56,Y,[]
392,2007680,환경부,상주시(상주보상),경상북도 상주시,중동면 오상리 산91(죽암양수장),128-15-05,36-25-55 ,0,47.5,48.6,49.1,49.64,49.64,N,[]
393,2007682,환경부,상주시(상주보하),경상북도 상주시,도남동 810-1,128-14-33,36-26-05 ,0,43.1,44.7,46.3,47.86,47.86,N,[]
394,2007686,환경부,상주시(강창교),경상북도 상주시 낙동면,신상리 364-13(강창교),128-14-40,36-24-35 ,35.05,5.45,8.5,10.1,11.71,11.71,N,[]
395,2008603,한국수자원공사,군위군(군위댐),경상북도 군위군,삼국유사면 삼국유사로418,128-47-39,36-07-14 ,0, , , , , ,N,[]
396,2008605,한국수자원공사,군위군(동곡교),경상북도 군위군,삼국유사면 양지리 동곡교,128-49-19,36-09-40 ,204.07, , , , ,207.2,N,[]
397,2008610,환경부,동곡,경상북도 군위군,고로면 양지리 동곡교,128-35-18,36-09-32 ,203.169, , , , ,0,N,[]
398,2008620,환경부,고로,경상북도 군위군,고로면 화수리 고로교,128-45-22,36-07-25 ,143.142, , , , ,0,N,[]
399,2008621,한국수자원공사,군위군(화수교),경상북도 군위군,삼국유사면 화수리 화수교,128-45-15,36-07-34 ,143.14, , , , ,143.36,N,[]
400,2008628,환경부,의성군(구미교),경상북도 의성군 봉양면,구미리 475-2 (구미교),128-36-01,36-18-21 ,55.01,4,5.1,6.2,7.32,7.32,N,[]
401,2008629,한국농어촌공사,가음,경상북도 의성군 가음면,양지리 173-2,128-44-25,36-13-58 , , , , , , ,N,[]
402,2008630,환경부,군위군(미성교),경상북도 군위군,우보면 이화리 575-9 (미성교),128-40-20,36-10-54 ,102.3,2.4,2.9,3.4,3.81,3.81,N,[]
403,2008631,환경부,의성군(덕은교),경상북도 의성군,봉양면 구산리 1645-220 (덕은교),128-36-34,36-17-24 ,58.17,4.2,4.7,5.3,5.79,5.79,N,[]
404,2008632,환경부,의성군(비안교),경상북도 의성군,비안면 서부리 773 (비안교),128-29-18,36-20-06 ,44.81,3.58,6,7.5,8.99,8.99,N,[]
405,2008633,환경부,의성군(장송교),경상북도 의성군 비안면,장춘리 111-1(장송교),128-31-15,36-19-40 ,45.25,4.8,6.5,8,9.72,54.92,Y,[]
406,2008635,환경부,군위군(병수리),경상북도 군위군,효령면 병수리 703,128-35-08,36-10-37 ,85.03,2.9,3.5,4.4,5.21,5.22,N,[]
407,2008645,환경부,군위군(효령교),경상북도 군위군,효령면 중구리 725-1 (효령교),128-35-03,36-09-19 ,93.49,2.2,2.5,3.2,3.84,3.84,N,[]
408,2008650,환경부,군위군(무성리),경상북도 군위군,군위읍 무성리 821-2,128-33-51,36-11-38 ,80.26,4.2,5,6,6.12,6.12,Y,[]
409,2008660,기타,강창1,경상북도 구미시,선산면    강창리    원동,128-20-40,36-13-50 ,30.279, , , , ,0,N,[]
410,2008665,환경부,의성군(동부교),경상북도 의성군 비안면,장춘리 965-1(동부교),128-30-02,36-19-26 ,48.29,4.6,5.8,7.1,8.28,8.28,N,[]
411,2008690,환경부,의성군(위중리),경상북도 의성군,단밀면 위중리 681-1,128-23-49,36-21-35 ,38.9,5.1,6.6,8.2,9.79,9.79,N,[]
412,2009618,환경부,의성군(낙단보상),경상북도 의성군,단밀면 생송리 1441,128-18-47,36-21-26 ,0,40.5,42.2,43,43.73,43.73,N,[]
413,2009620,환경부,의성군(낙단교),경상북도 의성군,단밀면 낙정리 806 (낙단교),128-18-04,36-21-27 ,27.14,8.3,9,10.5,14,12.67,Y,[]
414,2009670,환경부,구미시(일선교),경상북도 구미시,도개면 신림리 775 (일선교),128-20-34,36-16-23 ,30.788,2.21,3.6,4.6,5.56,0,N,[]
415,2009680,환경부,구미시(구미보상),경상북도 구미시,선산읍 독동리 산98,128-20-23,36-14-18 ,0,33,34.3,34.9,35.55,35.55,N,[]
416,2009682,환경부,구미시(구미보하),경상북도 구미시,해평면 낙산리 1095-34,128-20-40,36-14-01 ,0,29.1,30.9,32.7,34.4,34.4,N,[]
417,2010620,한국수자원공사,김천시(지좌리),경상북도 김천시,부항면 지좌리 470-2,127-58-06,35-58-55 ,197.2, , , , , ,N,[]
418,2010623,한국수자원공사,김천시(도곡리),경상북도 김천시,지례면 도곡리 530-1,128-00-51,35-58-39 ,139.46, , , , , ,N,[]
419,2010625,한국수자원공사,김천시(김천부항댐),경상북도 김천시,부항면 신옥리 10-1,128-00-15,35-58-58 ,162, , , , , ,N,[]
420,2010630,한국수자원공사,김천시(교리),경상북도 김천시,지례면 교리 504-47,128-02-00,36-00-52 ,126.57, , , , , ,N,[]
421,2010635,환경부,김천시(지품교),경상북도 김천시,구성면 상원리 234-21 (지품교),128-02-23,36-01-34 ,106.54,3.3,4,4.7,5.44,5.44,N,[]
422,2010650,환경부,김천시(김천교),경상북도 김천시,지좌동 1046-1 (김천교),128-07-50,36-07-09 ,58.909,2.76,4.5,5,5.45,5.45,Y,[]
423,2010660,환경부,김천시(대동교),경상북도 김천시,개령면 서부리 669-1 (대동교),128-11-35,36-09-49 ,47.967,3,4,5.1,6.16,6.17,N,[]
424,2010687,한국농어촌공사,옥성,경상북도 구미시 옥성면,대원리 산69,128-14-59,36-16-16 , , , , , , ,N,[]
425,2010690,환경부,구미시(선주교),경상북도 구미시,선산읍 화조리 581-6 (선주교),128-18-32,36-13-40 ,31.425,2.8,3.9,5,6.1,6.13,N,[]
426,2011625,환경부,구미시(양포교),경상북도 구미시 구포동,1075(양포교),128-25-43,36-08-08 ,26.957,3.9,4.9,6,6.99, ,N,[]
427,2011640,환경부,구미시(구미대교),경상북도 구미시,임수동 550-1 (구미대교),128-23-48,36-06-39 ,23.83,2.17,4.6,5.6,6.62,8.07,N,[]
428,2011648,환경부,칠곡군(칠곡보상),경상북도 칠곡군,양목면 관호리 1번지,128-23-45,36-01-02 ,0,26,27.2,27.8,28.39,28.39,N,[]
429,2011649,환경부,칠곡군(칠곡보하),경상북도 칠곡군,약목면 관호2리 37번지,128-23-42,36-00-50 ,0,21.9,23.6,25.4,27.13,27.13,N,[]
430,2011650,환경부,칠곡군(호국의다리),경상북도 칠곡군,왜관읍 석전리 872  (호국의다리),128-23-40,36-00-01 ,13.12,6.88,10,11.5,15,13.47,Y,[]
431,2011660,환경부,성주군(성주대교),경상북도 성주군,선남면 선원리 5-3 (성주대교),128-23-25,35-52-51 ,15.272,4.73,7.5,8.7,9.96,0,N,[]
432,2011665,환경부,성주군(도성교),경상북도 성주군,선남면 도성리 651-5 (도성교),128-21-57,35-52-45 ,18.445,4.2,5.2,6.3,7.3, ,N,[]
433,2011696,환경부,대구시(강정고령보하),대구광역시 달성군,다사읍 죽곡리 705번지,128-27-55,35-50-21 ,0,17.6,19.6,21.6,23.6,23.6,N,[]
434,2011697,한국수자원공사,강정보(임),대구광역시 달성군,강정본길 222번지,128-27-43,35-50-26 , , , , , , ,N,[]
435,2012602,한국수자원공사,고현,경상북도 영천시,화북면 하송리 무명교,128-55-40,36-08-57 ,234.445, , , , , ,N,[]
436,2012605,한국수자원공사,포항시(논골교),경상북도 포항시 북구 죽장면 지동리 논골교, ,129-04-48,36-08-01 ,181.91, , , , , ,N,[]
437,2012607,한국수자원공사,영천시(굼이교),경상북도 영천시 화북면,하송리 595 굼이교,128-55-22,36-08-58 ,240.1, , , , , ,N,[]
438,2012610,한국수자원공사,영천시(보현산댐),경상북도 영천시 화북면,입석리 산2-1,128-56-58,36-07-33 ,0, , , , , ,N,[]
439,2012612,한국수자원공사,영천시(자천교),경상북도 영천시 화북면,자천리 2459,128-55-08,36-06-27 ,150.45, , , , , ,N,[]
440,2012615,한국수자원공사,영천시(영천댐),경상북도 영천시 자양면 성곡동 113-2, ,129-02-03,36-04-39 , , , , , , ,N,[]
441,2012625,환경부,영천시(단포교),경상북도 영천시,고경면 단포리 407-144 (단포교),128-58-06,35-58-43 ,77.9,2.2,2.8,3.5,4.09,4.09,N,[]
442,2012628,환경부,영천시(영동교),경상북도 영천시,완산동 1269-1 (영동교),128-56-19,35-58-08 ,67.45,3.2,4.2,5.1,6.08,6.08,N,[]
443,2012632,환경부,영천시(영양교),경상북도 영천시,쌍계동 504-1 (영양교),128-55-03,35-57-42 ,66.987,1.9,2.9,3.7,4.53, ,N,[]
444,2012640,환경부,영천시(금창교),경상북도 영천시,금호읍 교대리 661 (금창교),128-52-32,35-55-50 ,52.58,2.1,4,5,6.08,6.08,Y,[]
445,2012645,환경부,봉화군(풍호리),경상북도 봉화군,명호면 풍호리 산174,128-53-20,36-50-46 ,190.553,5,8.4,10.5,12.68, ,N,[]
446,2012648,환경부,경산시(압량교),경상북도 경산시,압량면 부적리 698 (압량교),128-45-59,35-51-08 ,38.69,2,2.9,3.8,4.71,4.71,N,[]
447,2012650,환경부,경산시(환상리),경상북도 경산시,하양읍 환상리 768-1 (금호3교 하류),128-46-45,35-52-41 ,39.21,1.8,4,5,6.14,6.14,N,[]
448,2012652,환경부,대구시(성동교),대구광역시 수성구,성동 566-1 (성동교),128-43-25,35-51-07 ,35.209,1.8,3.3,4.1,5.04,5.01,N,[]
449,2012653,환경부,대구시(안심교),대구광역시 동구,동호동 340-1 (안심교),128-42-52,35-51-42 ,32.87,1,4,5,6.11,6.11,N,[]
450,2012660,환경부,대구시(신암동),대구광역시 동구,불로동 1107-1 (보성2차APT앞),128-38-04,35-53-30 ,24.93,3.25,5.5,7.5,8.85,8.47,Y,[]
451,2012665,환경부,대구시(동화교),대구광역시 북구,서변동 1630-1 (동화교),128-36-01,35-54-59 ,23.774,2,3.8,4.8,5.87, ,N,[]
452,2012666,환경부,대구시(노곡교),대구광역시 북구 노곡동,883-2(노곡교),128-33-53,35-54-07 ,17.28,5.1,7,8.8,10.69,27.97,N,[]
453,2012670,환경부,대구시(산격대교),대구광역시 북구,서변동 1630-1 (산격대교),128-35-54,35-54-34 ,21.11,3.9,5.9,7.2,8.55,8.49,N,[]
454,2012675,기타,신천3,경상남도 달성군,가창면    구룡동,128-36-20,35-47-20 ,124.6, , , , ,0,N,[]
455,2012680,기타,신천1,경상남도 달성군,가창면    오동,128-37-00,35-48-00 ,0, , , , ,0,N,[]
456,2012681,기타,신천2,경상남도 달성군,가창면    오동,128-37-00,35-48-00 ,0, , , , ,0,N,[]
457,2012690,환경부,대구시(성북교),대구광역시 북구,산격동 1519-1 (성북교),128-35-35,35-53-35 ,24.73,2.9,3,4,4.93,4.93,N,[]
458,2012695,환경부,대구시(강창교),대구광역시 달서구,파호동 460 (강창교),128-28-18,35-51-12 ,12.73,5.5,7.6,9.8,11.88,11.97,N,[]
459,2012696,환경부,대구시(매곡리),대구광역시 달성군,다사읍 매곡리 1171 (강정취수장 상류),128-26-47,35-50-58 ,13.02,6.98,9,10,11.21,11.28,N,[]
460,2013611,한국농어촌공사,성주,겅상북도 성주군 금수면,봉두리 101-2,128-09-03,35-54-41 , , ,9.6,11.8, ,14.03,N,[]
461,2013615,환경부,성주군(가천교),경상북도 성주군,가천면 창천리 1242-1 (가천교),128-10-23,35-52-51 ,112.487,2.2,2.9,3.6,4.33, ,N,[]
462,2013620,환경부,성주군(화죽교),경상북도 성주군,수륜면 수성리 954-1 (화죽교),128-10-45,35-52-24 ,108.971,2.1,2.5,2.9,3.39, ,N,[]
463,2013630,환경부,합천군(구정리),경상남도 합천군 야로면,구정리 269-1,128-10-11,35-42-26 ,101.16,3.02,3.6,4.2,4.93,4.94,N,[]
464,2013640,환경부,고령군(귀원교),경상북도 고령군,쌍림면 매촌리 463-1 (귀원교),128-14-21,35-40-33 ,38.793,2.9,3.8,4.8,5.68, ,N,[]
465,2013650,환경부,고령군(회천교),경상북도 고령군,고령읍 장기리 331 (회천교),128-16-40,35-43-45 ,22.63,3.5,3.7,4.3,4.84,4.84,N,[]
466,2013685,환경부,고령군(사촌리),경상북도 고령군,우곡면 사촌리 899-1,128-19-19,35-42-02 ,14.342,4,5.5,6.9,8.3, ,N,[]
467,2013690,환경부,고령군(도진교),경상북도 고령군,우곡면 야정리 971 (도진교),128-20-14,35-40-44 ,10.72,4.1,5.8,7.5,9.26, ,N,[]
468,2014620,환경부,대구시(사문진교),대구광역시 달성군,화원읍 성산리 744-11 (사문진교),128-28-27,35-48-44 ,10.63,3.87,8.8,10.8,12.63,13.57,N,[]
470,2014640,환경부,고령군(고령교),경상북도 고령군,성산면 삼대리 112-3 (고령교),128-23-13,35-45-10 ,10.6,3.9,8.1,9.9,11.5,12.2,N,[]
471,2014650,환경부,대구시(달성보상),대구광역시 달성군,논공읍 하리 813번지,128-25-20,35-44-10 ,0,14.5,18.7,20.3,21.87,21.87,N,[]
472,2014651,환경부,고령군(달성보하),경상북도 고령군,개진면 이안리 12-1번지,128-24-59,35-43-55 ,0,14.2,16.6,19.1,21.52,21.71,N,[]
473,2014660,환경부,대구시(성하리),대구광역시 달성군,현풍면 성하리 274 (현풍휴게소뒤),128-26-03,35-42-10 ,8.3,2.7,10,12,12.77,13.4,Y,[]
474,2014665,한국농어촌공사,달창,대구광역시 달성군 유가면,한정리 551,128-28-26,35-38-11 , , , , , , ,N,[]
476,2014680,환경부,대구시(내리),대구광역시 달성군,구지면 내리 774-5,128-24-11,35-38-01 ,4.583,6.41,10,12.4,14.9, ,N,[]
477,2014690,환경부,합천군(율지교),경상남도 합천군,덕곡면 율지리 1 (율지교),128-21-30,35-36-44 ,4.153,6.85,10,12.3,14.66, ,N,[]
478,2014697,환경부,합천군(합천창녕보상),경상남도 합천군,청덕면 삼학리 221-1천,128-21-22,35-35-20 ,0,11,15.4,17,18.59,18.59,N,[]
479,2014699,환경부,합천군(합천창녕보하),경상남도 합천군,청덕면 삼학리 199-1,128-21-19,35-35-13 ,0,10.2,12.9,15.5,18.15,18.15,N,[]
480,2015620,한국수자원공사,거창군(의동교),경상남도 거창군,거창읍 학리 의동 825 학리교,127-55-31,35-42-54 ,195.315, ,0,0, ,0,N,[]
481,2015630,환경부,거창군(남하교),경상남도 거창군,남상면 월평리 855-15 (남하교),127-56-24,35-40-19 ,177.37,3,4,5,6.06,6.06,N,[]
482,2015635,한국수자원공사,거창군(거열교),경상남도 거창군,거창읍 원상리 거창3교,127-53-52,35-40-59 ,192.855, ,0,0, ,0,N,[]
483,2015637,한국수자원공사,합천군(술곡교),경상남도 합천군 봉산면,술곡리 술곡교,127-59-21,35-34-51 ,163.254, , , , , ,N,[]
484,2015645,기타,거창,경상남도 거창군,남하면    무릉리,127-56-40,35-39-40 ,179.969, , , , ,0,N,[]
485,2015650,한국농어촌공사,가북,경상남도 거창군 가북면,박암리 479,128-00-05,35-47-38 , , , , , , ,N,[]
486,2015655,한국수자원공사,거창군(지산교),경상남도 거창군,가조면 기리 지산교,128-00-52,35-39-58 ,224.53, ,0,0, ,0,N,[]
487,2015680,한국수자원공사,합천군(합천댐),경상남도 합천군,용주면 죽죽리 산24-16,128-01-53,35-32-02 , , ,0,0, ,0,N,[]
488,2015690,기타,창리,경상남도 합천군,대병면    창리,128-01-40,35-31-40 ,93.106, , , , ,0,N,[]
489,2016630,한국수자원공사,합천군(합천댐방수로),경상남도 합천군,용주면 가호리,128-02-00,35-32-00 , , ,0,0, ,0,N,[]
490,2016635,한국수자원공사,합천군(합천조정지댐),경상남도 합천군,용주면 봉기리,128-05-03,35-32-25 , , ,0,0, ,0,N,[]
491,2016640,한국수자원공사,합천군(합천조정지방수로),경상남도 합천군,용주면 봉기리,128-05-05,35-32-23 , , ,0,0, ,0,N,[]
492,2016650,환경부,합천군(남정교),경상남도 합천군,합천읍 합천리 남정교,128-09-40,35-33-27 ,29.75, , , , ,0,N,[]
493,2016660,환경부,합천군(기리교),경상남도 합천군 율곡면,항곡리 산3-2 (기리교),128-13-10,35-36-49 ,15.6, , , , ,23.72,N,[]
494,2016680,환경부,합천군(황강교),경상남도 합천군,적중면 죽고리 922-1 (황강교),128-17-34,35-34-19 ,8.291,5,7,9,10.93,10.85,Y,[]
495,2017620,환경부,합천군(적포교),경상남도 합천군,청덕면 앙진리 1 (적포교),128-21-33,35-31-39 ,.574,4.93,11.3,14,16.78,0,N,[]
496,2017630,환경부,의령군(대곡교),경상남도 의령군,부림면 대곡리 996 (대곡교),128-20-54,35-29-07 ,6.757,5,6.9,8.7,10.6, ,N,[]
497,2017640,환경부,창녕군(유어교),경상남도 창녕군 이방면,성산리 200-4 (유어교),128-22-36,35-31-11 ,3.565, , , , , ,N,[]
498,2017670,환경부,의령군(여의리),경상남도 의령군,부림면 경산리 679 (박진교),128-22-33,35-26-24 ,-5.18, , , , , ,N,[]
499,2017685,환경부,의령군(세간교),경상남도 의령군,유곡면 세간리 29-4 (세간교),128-21-00,35-26-36 ,20.89,2.66,3.5,4,4.8,4.8,N,[]
500,2018608,한국수자원공사,함양군(금천리),경상남도 함양군,안의면 금천리,127-48-55,35-37-39 ,186.17, ,0,0, ,0,N,[]
501,2018609,환경부,함양군(안의교),경상남도 함양군,안의면 금천리 254-1 (안의교),127-48-49,35-37-45 ,189.55,1.5,2.9,3.7,4.47,4.28,N,[]
502,2018620,한국수자원공사,함양군(용평리),경상남도 함양군,함양읍 용평리,127-43-54,35-30-49 ,153.36, ,0,0, ,0,N,[]
503,2018623,한국수자원공사,함양군(대웅교),경상남도 함양군 함양읍,백천리 대웅교,127-46-54,35-30-54 ,128.129, , , , , ,N,[]
504,2018630,한국수자원공사,함양군(의탄리),경상남도 함양군,마천면 의탄리,127-40-58,35-24-06 ,244, ,0,0, ,0,N,[]
505,2018635,한국수자원공사,함양군(화촌리),경상남도 함양군,유림면 화촌리,127-47-28,35-27-52 ,122.73, ,0,0, ,0,N,[]
506,2018640,환경부,산청군(고읍교),경상남도 산청군 생초면,하촌리 160-6 (고읍교),127-49-50,35-29-21 ,106.71,5.3,6.1,6.7,9.33,9.33,N,[]
507,2018645,한국수자원공사,산청군(경호교),경상남도 산청군,산청읍 산청리 349(경호교),127-52-27,35-25-04 ,86.15,3.76,6.5,8,10.61,10.61,Y,[]
508,2018650,한국수자원공사,산청군(수산교),경상남도 산청군,신안면 신안리,127-56-24,35-20-15 ,49.3, , , , , ,N,[]
509,2018653,한국농어촌공사,삼가,경상남도 의령군 대의면,신전리 산63-3,128-10-17,35-23-06 , , , , , , ,N,[]
510,2018655,한국수자원공사,합천군(소오리),경상남도 합천군,삼가면 소오리,128-07-03,35-24-49 ,81.036, ,0,0, ,0,N,[]
511,2018658,한국농어촌공사,손항,경상남도 산청군 신등면,장천리 산74,127-58-31,35-26-17 , , , , , , ,N,[]
512,2018662,환경부,산청군(소이교),경상남도 산청군 신안면,외고리 431-1 (소이교),128-00-27,35-21-36 ,56.513,2.2,3.4,4.5,5.6, ,N,[]
513,2018665,한국수자원공사,산청군(하정리),경상남도 산청군,신안면 하정리,127-59-45,35-19-12 ,46.574, ,0,0, ,0,N,[]
514,2018670,기타,원지,경상남도 산청군,신안면    하정리,127-50-00,35-18-00 ,43.885, , , , ,0,N,[]
515,2018673,한국수자원공사,산청군(원리교),경상남도 산청군 시천면,원리 원리교,127-50-10,35-16-36 ,100.049, , , , , ,N,[]
516,2018674,환경부,산청군(묵곡교),경상남도 산청군,단성면 묵곡리 140-11 (묵곡교),127-57-51,35-16-55 ,37.8,4.4,6.3,8.2,10.09,10.09,N,[]
517,2018675,기타,시천,경상남도 산청군,의청면    사리,127-50-00,35-16-00 ,0, , , , ,0,N,[]
518,2018680,한국수자원공사,산청군(창촌리),경상남도 산청군,단성면 창촌리,127-53-33,35-16-12 ,81, ,0,0, ,0,N,[]
519,2018685,한국수자원공사,하동군(대곡리),경상남도 하동군,옥종면 대곡리,127-55-13,35-10-43 ,51.862, ,0,0, ,0,N,[]
520,2018690,한국수자원공사,진주시(내평리),경상남도 진주시,나동면 내평리,128-01-16,35-09-04 ,28.5, ,0,0, ,0,N,[]
521,2018692,한국수자원공사,사천시(검정리),경상남도 사천시,곤양면 검정리 47-1,128-01-45,35-09-08 ,-1.4, ,0,0, ,0,N,[]
522,2018695,한국수자원공사,진주시(판문동),경상남도 진주시,판문동,128-01-47,35-10-35 ,26.5, , , , ,0,N,[]
523,2018698,한국수자원공사,진주시(남강댐방수로),경상남도 진주시,내동면 삼계리 1088,128-02-07,35-09-40 , , ,0,0, ,0,N,[]
524,2019610,환경부,고성군(두문교),경상남도 고성군,영오면 오서리 1611-1 (두문교),128-11-27,35-05-55 ,33.21,2.9,3.5,4.1,5.41,5.41,N,[]
525,2019615,한국수자원공사,진주시(장대동),경상남도 진주시,장대동 진주교,128-05-12,35-11-25 ,18.3, ,0,0, ,0,N,[]
526,2019620,환경부,함안군(송도교),경상남도 함안군 대산면,구혜리 927-1 (송도교),128-24-57,35-21-38 ,-.099,8.6,11,13.3,15.66, ,N,[]
527,2019625,환경부,진주시(옥산교),경상남도 진주시 문산읍,옥산리 39-2(옥산교),128-09-22,35-09-47 ,16.433,5.1,6,6.7,7.87, ,N,[]
528,2019635,환경부,진주시(덕오리),경상남도 진주시,집현면 덕오리 22-2,128-08-13,35-14-15 ,12.11,4.5,5.8,7.1,8.43, ,N,[]
529,2019640,환경부,진주시(월강교),경상남도 진주시,진성면 가진리 1718  (월강교),128-11-56,35-13-21 ,10.727,3.7,5.4,7.2,8.86, ,N,[]
530,2019647,환경부,진주시(장박교),경상남도 진주시,지수면 청담리 1684-1 (장박교),128-16-20,35-15-23 ,4.711,6.3,8.4,10.6,12.72, ,N,[]
531,2019651,한국농어촌공사,서암,경상남도 의령군 가례면,괴진리 산19-10,128-14-35,35-21-47 , , , , , , ,N,[]
532,2019653,환경부,의령군(공단교),경상남도 의령군 의령읍,동동리 845-2(공단교),128-16-07,35-19-02 ,8.79,4.5,5.7,6.8,7.94,7.94,N,[]
533,2019655,환경부,의령군(정암교),경상남도 의령군,의령읍 정암리 430-43 ((구)정암교),128-17-43,35-18-48 ,6.04,6.2,7,8.5,10.69,10.69,Y,[]
534,2019660,기타,남지교,경상남도 함안군,칠서면    계내리    남지교,128-28-30,35-22-45 ,15.996, , , , ,0,N,[]
535,2019680,환경부,함안군(서촌리),경상남도 함안군,대산면 서촌리 1446 (악양교 하류),128-24-02,35-19-54 ,3.041,5.9,8.2,10.6,12.92, ,N,[]
536,2019685,환경부,함안군(대사교),경상남도 함안군 함안면,대산리 1242-2(대사교),128-25-32,35-15-18 ,20.46,2.3,2.8,3.3,3.86, ,N,[]
537,2019695,환경부,의령군(성산리),경상남도 의령군,지정면 성산리 1106-4,128-25-45,35-23-27 ,3.09,5.1,7.5,9.9,12.21,0,N,[]
538,2020603,환경부,밀양시(판곡교),경상남도 밀양시,무안면 죽월리 672-1 (판곡교),128-39-13,35-30-16 ,19.757,2.6,3.2,3.8,4.36, ,N,[]
539,2020605,환경부,창녕군(강리),경상남도 창녕군,장마면 강리 1085-1 (화영삼거리 부근),128-27-45,35-27-27 ,8.789,2.3,3.4,4.4,5.41, ,N,[]
540,2020615,환경부,함안군(계내리),경상남도 함안군,칠서면 계내리 343 (진동양수장옆),128-29-01,35-23-00 ,1.9,3.6,7,9,12.54,12.31,Y,[]
541,2020640,환경부,함안군(소랑교),경상남도 함안군,칠북면 덕남리 328-4 (소랑교),128-31-21,35-22-53 ,-.168,5.67,10.1,12.3,14.44, ,N,[]
542,2020646,환경부,함안군(창녕함안보하),경상남도 함안군,칠북면 봉촌리 257 천,128-33-02,35-22-58 ,0,5.8,8.4,10.9,13.43,13.43,N,[]
543,2020647,환경부,창녕군(창녕함안보상),경상남도 창녕군,길곡면 오호리 1001,128-33-04,35-22-51 ,0,5.5,10.2,11.9,13.68,13.68,N,[]
544,2020650,환경부,창녕군(청암리),경상남도 창녕군,부곡면 청암리 1110 (청암취수장옆),128-36-03,35-23-44 ,-4.011,11.5,11.9,14.1,16.37,16.44,N,[]
545,2020651,환경부,밀양시(인교),경상남도 밀양시,초동면 오방리 682 (인교),128-39-04,35-25-31 ,1.766,4.8,6.9,8.9,10.97, ,N,[]
546,2020675,환경부,창원시(수산대교),경상남도 창원시,의창구 대산면 모산리 701 (수산대교),128-42-51,35-21-55 ,-.518,5.4,7.6,9.7,11.91,0,N,[]
547,2020680,환경부,김해시(오서교),경상남도 김해시,한림면 금곡리 1015 (오서교),128-48-54,35-20-10 ,-.608,4.5,6,7.5,9.04, ,N,[]
548,2021610,환경부,경주시(의곡교),경상북도 경주시 산내면,의곡리 591-40(의곡교),129-02-51,35-45-30 ,191.412,2.3,3,3.7,4.32, ,N,[]
549,2021612,한국수자원공사,청도군(신원교),경상북도 청도군 운문면,신원리 신원1교,128-57-44,35-41-17 , , , , , , ,N,[]
550,2021620,한국수자원공사,청도군(운문댐),경상북도 청도군,운문면 대천리,128-54-56,35-43-23 , , , , , , ,N,[]
551,2021625,한국수자원공사,청도군(임당리),경상북도 청도군,금천면 임당리 990-1,128-55-00,35-42-22 ,101.34, , , , , ,N,[]
552,2021630,한국수자원공사,청도군(당호리),경상북도 청도군,매전면 당호리 558,128-52-01,35-40-25 ,77.4, , , , , ,N,[]
553,2021635,한국수자원공사,경주시(매곡교),경상북도 청도군 청도읍,부야리 652-3수,128-47-51,35-40-31 , , , , , , ,N,[]
554,2021640,환경부,청도군(원리),경상북도 청도군,청도읍 원리 988-1,128-45-46,35-37-11 ,53.27,1.8,3.8,4.8,5.58,5.8,N,[]
555,2021650,한국수자원공사,양산시(대리),경상남도 양산시,원동면 대리 995,128-58-50,35-28-45 ,221, , , , , ,N,[]
556,2021660,한국수자원공사,밀양시(밀양댐),경상남도 밀양시,단장면 고례리 산308-1,128-56-05,35-28-53 ,160, , , , , ,N,[]
557,2021665,환경부,밀양시(상동교),경상남도 밀양시,상동면 옥산리 141-2 (상동교),128-45-54,35-33-53 ,25.744,4,5.5,7.1,8.6, ,N,[]
558,2021670,환경부,밀양시(금곡리),경상남도 밀양시,산외면 금곡리 83-8 (금곡교 하류),128-50-20,35-30-31 ,31.494,4.4,5,5.5,7.81, ,N,[]
559,2021675,환경부,밀양시(용평동),경상남도 밀양시,용평동 963 (활성교 상류),128-46-44,35-29-40 ,11.15,1.7,3.5,4.5,6.06,6.06,Y,[]
560,2021677,환경부,밀양시(남천교),경상남도 밀양시,삼문동 377 (남천교),128-44-50,35-29-21 ,5.37,4.5,4.8,6.2,7.58,8.04,N,[]
561,2021680,기타,예림교,경상남도 밀양군,상남면    예림리    예림교 우안 3교각,128-46-50,35-28-00 ,3.02, , , , ,0,N,[]
562,2021685,환경부,밀양시(남포동),경상남도 밀양시,남포동 408,128-47-07,35-27-40 ,.046,3.5,7.3,9.5,11.64,11.21,N,[]
563,2021690,환경부,밀양시(삼상교),경상남도 밀양시,삼랑진읍 미전리 894-15 (삼상교),128-47-48,35-24-39 ,-.88,4.5,7.8,9.9,12.01,12.01,N,[]
564,2022610,환경부,밀양시(삼랑진교),경상남도 밀양시,삼랑진읍 삼랑리 854 (삼랑진교),128-49-18,35-22-57 ,-.828,4,5,7,11.67,11.57,Y,[]
565,2022620,기타,하단,부산광역시 서구,하단동,128-58-00,35-06-00 ,-2.637, , , , ,0,N,[]
566,2022640,환경부,김해시(월촌리),경상남도 김해시,대동면 월촌리 988,128-59-39,35-17-22 ,-.81,3.23,5.5,7,8.41,8.41,N,[]
567,2022655,환경부,양산시(효충교),경상남도 양산시,상북면 소토리 1287-47 (효충교),129-02-49,35-22-50 ,7.25,3.4,4.6,5.8,6.97,6.37,N,[]
568,2022660,환경부,양산시(양산교),경상남도 양산시,신기동 600 (양산교),129-02-10,35-21-27 ,4.26,2.4,4,5,6.31,6.31,N,[]
569,2022670,환경부,양산시(호포대교),경상남도 양산시,물금읍 증산리 136-4 (호포대교),129-00-41,35-17-22 ,-.98,3.25,5.8,7.2,8.59,8.59,N,[]
570,2022680,환경부,부산시(구포대교),부산광역시 북구,구포동 1065-1 (구포대교),128-59-37,35-12-13 ,-1.59,2.53,4,5,7.55,7.55,Y,[]
571,2022685,환경부,김해시(정천교),경상남도 김해시,명법동 1118 (정천교),128-50-02,35-12-20 ,-2.077,3.2,4.1,4.9,5.81, ,N,[]
572,2022690,환경부,부산시(강동교),부산광역시 강서구 죽림동,1069-2 (강동교),128-54-20,35-11-31 ,-6.46, , , , ,1.24,N,[]
573,2022696,한국수자원공사,부산시(낙동강하구언(내)),부산광역시 사하구,하단동 1149번지,128-57-02,35-06-28 , , ,0,0, ,0,N,[]
574,2022697,한국수자원공사,부산시(낙동강하구언(외)),부산광역시 사하구,하단동 1149번지,128-57-01,35-06-25 , , , , , ,0,N,[]
575,2101610,환경부,경주시(망성교),경상북도 경주시 배동,1125-152(망성교),129-12-02,35-47-17 ,39.53, , , , , ,N,[]
576,2101620,환경부,경주시(효현교),경상북도 경주시 효현동,1125-31(효현교),129-10-44,35-48-54 ,33.94,4.3,5.2,6.1,6.96, ,N,[]
577,2101625,환경부,경주시(서천교),경상북도 경주시,서악동 1491-1 (서천교),129-12-06,35-50-17 ,26.59,1.7,4,4.8,6.56,6.57,N,[]
578,2101632,한국농어촌공사,보문,경상북도 경주시 보문동,998-15,129-16-02,35-50-52 , , , , , , ,N,[]
579,2101650,환경부,경주시(모아리),경상북도 경주시,천북면 모아리 848,129-14-25,35-55-16 ,9.057,2.9,4,5.1,6.12, ,N,[]
580,2101668,환경부,경주시(달성교),경상북도 경주시,안강읍 노당리 1503 (달성교),129-14-18,36-03-07 ,19.313,2.4,3,3.6,4.16, ,N,[]
581,2101672,한국수자원공사,경주시(안계댐),경상북도 경주시 강동면 안계리 산10, ,129-16-08,36-00-36 , , , , , , ,N,[]
582,2101675,환경부,경주시(강동대교),경상북도 경주시,강동면 오금리 1046-1 (강동대교),129-15-55,35-58-52 ,.64,5.29,6.5,7.5,9.73,9.73,Y,[]
583,2101680,환경부,경주시(국당리),경상북도 경주시,강동면 국당리 산92,129-17-46,35-59-39 ,-1.138, ,0,0, , ,N,[]
584,2101690,환경부,포항시(형산교),경상북도 포항시,남구 해도동 229 ((신)형산교),129-22-19,36-00-41 ,-1.09,1.8,2.5,3,4.47,4.09,Y,[]
585,2201610,한국수자원공사,울산시(대곡댐),울산광역시 울주군 두동면 천전리 산82, ,129-10-25,35-37-14 , , , , , , ,N,[]
586,2201611,환경부,울산시(구수교),울산광역시 울주군 언양읍,반송리 1044-91(구수교),129-09-03,35-32-53 ,43.02,4,4.9,5.9,6.81, ,N,[]
587,2201613,한국수자원공사,울산시(대암교),울산광역시 울주군 언양읍 반천리 1023-45, ,129-11-00,35-32-58 , , , , , , ,N,[]
588,2201614,한국수자원공사,울산시(왕방교),울산광역시 울주군 삼동면,하잠리 왕방교,129-09-21,35-30-53 ,54.08, , , , , ,N,[]
589,2201615,한국수자원공사,울산시(대암댐),울산광역시 울주군 언양읍 구수리 산 189-2, ,129-10-53,35-32-37 , , , , , , ,N,[]
590,2201617,한국수자원공사,울산시(반구교),울산광역시 울주군 두동면,천전리 반구교,129-10-14,35-36-32 ,57.44, , , , , ,N,[]
591,2201625,한국수자원공사,울산시(사연댐),울산광역시 울주군 범서면 사연리 산 93-2, ,129-11-41,35-34-47 , , , , , , ,N,[]
592,2201630,환경부,울산시(사연교),울산광역시 울주군,범서읍 사연리 531-5 (사연교),129-12-16,35-34-21 ,15.319,3.3,4.2,4.9,6.23,4.23,N,[]
593,2201640,환경부,울산시(선바위교),울산광역시 울주군 범서읍,입암리 26-10 (선바위교),129-14-07,35-34-41 ,3.54,3.5,6,7.5,8.97,8.97,N,[]
594,2201650,환경부,척과,울산광역시 중구 다운동, ,129-15-00,35-34-00 ,1.592, , , , , ,N,[]
595,2201653,환경부,울산시(구영교),울산광역시 울주군,범서읍 구영리 1073-1 (구영교),129-14-55,35-33-41 ,1.911, , , , , ,N,[]
596,2201660,환경부,울산시(삼호교),울산광역시 남구,무거동 1035-1 (삼호교),129-16-31,35-33-14 ,-.22,1.7,4.5,6,7.9,7.9,N,[]
597,2201670,환경부,울산시(태화교),울산광역시 중구,성남동 337 (태화교),129-18-33,35-33-10 ,-1.08,3.5,4.5,5.5,6.78,6.48,Y,[]
598,2201685,환경부,울산시(신답교),울산광역시 북구 상안동,320-1 (신답교),129-20-48,35-37-47 ,16.63,3.75,4.2,4.8,5.39,5.39,N,[]
599,2201690,환경부,울산시(병영교),울산광역시 북구,진장동 1028 (병영교),129-21-07,35-34-36 ,2.437,3.74,4.3,5.5,6.68,6.75,N,[]
600,2301630,환경부,울산시(통천교),울산광역시 울주군,웅촌면 통천리 881-1 (통천교 상류),129-14-21,35-28-12 ,33.72,1.4,2,2.7,3.43,3.43,N,[]
601,2301640,한국수자원공사,울산시(선암댐),울산광역시 남구 선암동 236, ,129-19-51,35-31-01 , , , , , , ,N,[]
602,2301650,환경부,울산시(동천1교),울산광역시 울주군,온양읍 망양리 725-1 (동천1교),129-17-05,35-27-48 ,7.17,2.2,3,3.7,4.37,4.37,N,[]
603,2301670,환경부,울산시(덕신교),울산광역시 울주군 온산읍,덕신리 980-1(덕신교),129-18-17,35-26-03 ,-1.46,4.3,5.6,6.7,7.85,7.85,N,[]
604,2302640,환경부,부산시(동천교),부산광역시 금정구 금사동,14-3(동천교),129-07-06,35-13-03 ,-1.4, , , , ,7.45,N,[]
605,2302650,환경부,부산시(원동교),부산시 해운대구 반여동,1475-8,129-06-51,35-11-38 ,-2.41,3.3,4.6,5.4,6.14,6.14,N,[]
606,2302655,환경부,부산시(세병교),부산광역시 연제구 거제동,149-8 (세병교),129-04-58,35-11-48 ,-1.34, , , , ,5.62,N,[]
607,2302660,기타,독산,경상남도 진양군,내동면    독산리,128-04-00,35-10-00 ,20.314, , , , ,0,N,[]
608,2302690,환경부,부산시(다대포),부산광역시 사하구 다대동,(홍티1교),128-57-20,35-03-42 ,-1.43, , , , , ,N,[]
609,2302695,한국수자원공사,부산시(신평동),부산광역시 사하구,신평동 1번지,128-57-14,35-05-28 ,-.345, ,0,0, ,0,N,[]
610,2401613,환경부,울진군(올미골교),경상북도 울진군 울진읍,정림리 911-4(올미골교),129-19-31,37-01-51 ,49.838, , , , , ,N,[]
611,2401616,환경부,울진군(월변교),경상북도 울진군 울진읍,읍내리 105-12 (월변교),129-24-05,36-59-20 ,15.6, , , , ,7.84,N,[]
612,2401620,한국수자원공사,울진군(구산리),경상북도 울진군,근남면 구산리 450-4,129-22-23,36-57-06 ,7.96, , , , , ,N,[]
613,2401650,환경부,울진군(수산교),경상북도 울진군 근남면,노음리 322-2(수산교),129-23-52,36-57-53 ,-1.98,4.2,5.1,6,6.98,6.98,N,[]
614,2401690,환경부,영덕군(인량교),경상북도 영덕군 창수면,인량리 606-40(인량교),129-22-38,36-32-56 ,6.44,2.9,3.4,4,4.46,4.46,N,[]
615,2401691,한국농어촌공사,묘곡,경상북도 영덕군 영해면,묘곡리 114,129-21-17,36-31-35 , , , , , , ,N,[]
616,2402610,한국농어촌공사,용연,경상북도 포항시 북구,신광면 호리 93,129-18-03,36-07-08 , , , , , , ,N,[]
617,2402620,한국수자원공사,영덕군(대지리),경상북도 영덕군,달산면 대지리 881-13,129-18-27,36-23-35 ,55.84, , , , , ,N,[]
618,2402630,환경부,영덕군(영덕대교),경상북도 영덕군 영덕읍,남산리 875((구)영덕대교),129-22-24,36-24-09 ,3.66,2.8,3.7,4.5,5.34,5.34,N,[]
619,2403610,한국수자원공사,경주시(감포댐),경상북도 경주시 감포읍 오류리 산 16-2, ,129-30-38,35-50-07 ,100, , , , , ,N,[]
620,2501620,한국수자원공사,판문,경상남도 진주시,판문동,128-01-49,35-10-38 ,26.5, ,0,0, ,0,N,[]
621,2501640,한국수자원공사,제수문,경상남도 진주시,삼계,128-01-58,35-04-49 , , , , , , ,N,[]
622,2503620,한국수자원공사,거제시(연초댐),경상남도 거제시 연초면 덕치리, ,128-40-08,34-56-11 , , , , , , ,N,[]
623,2503625,한국수자원공사,거제시(죽전교),경상남도 거제시 연초면 죽토리, ,128-39-18,34-39-58 , , , , , , ,N,[]
624,2503640,한국수자원공사,거제시(구천댐),경상남도 거제시 동부면,구천리,128-38-09,34-49-21 ,0, , , , , ,N,[]
625,2503650,한국수자원공사,거제시(구천교),경상남도 거제시 동부면 구천리, ,128-38-10,34-48-54 , , , , , , ,N,[]
626,2504695,기타,명지,부산광역시 사하구,명지동,128-55-50,35-05-50 ,-1.372, , , , ,0,N,[]
627,3001603,한국농어촌공사,대곡,전라북도 장수군 장계면,대곡리 산25-07,127-37-30,35-42-02 , , , , , , ,N,[]
628,3001604,한국농어촌공사,천천,전라북도 장수군 천천면,남양리 산52,127-30-13,35-42-32 , , , , , , ,N,[]
629,3001605,환경부,장수군(운곡교),전라북도 장수군,천천면 삼고리 운곡교,127-31-51,35-43-17 ,342.567,1.5,2.7,3.5,4.2,346.78,N,[]
630,3001610,환경부,장수군(장계제2교),전라북도 장수군,장계면 장계리 장계교,127-34-59,35-43-49 ,345.488,1.5,2,2.5,5.9,351.42,N,[]
631,3001615,한국수자원공사,천천,전라북도 장수군,천천면 연평리 2222-15,127-31-48,35-47-09 ,273.5, , , , , ,N,[]
632,3001620,한국수자원공사,장수군(연화교),전라북도 장수군,천천  연평2222-15,127-31-38,35-47-19 ,273.5, , , , , ,N,[]
633,3001630,한국수자원공사,진안군(송대교),전라북도 진안군 진안읍,운산리 488-3,127-27-10,35-48-17 ,265.46, , , , , ,N,[]
634,3001640,한국수자원공사,진안군(성산리),전라북도 진안군,동향 성산 산193,127-32-41,35-49-59 ,291.5, , , , , ,N,[]
635,3001660,한국수자원공사,진안군(석정교),전라북도 진안군 정천면,월평리 1380,127-26-24,35-51-16 ,266.481, , , , , ,N,[]
636,3001680,한국수자원공사,주천,전라북도 진안군 주천면,주양리 634-6,127-25-58,35-58-03 ,270.861, , , , , ,N,[]
637,3001690,한국수자원공사,진안군(용담댐),전라북도 진안군,안천면 삼락리,127-31-40,35-56-36 ,222, , , , , ,N,[]
638,3001695,한국수자원공사,진안군(용담댐방수로),전라북도 진안군,안천면 삼락리 1159-2,127-31-33,35-56-44 ,204.3, , , , , ,N,[]
639,3002630,한국수자원공사,진안군(신용담교),전라북도 진안군,안천면 삼락리,127-31-31,35-57-06 ,0, , , , , ,N,[]
640,3002650,환경부,진안군(감동교),전라북도 진안군,용담면 송풍리 감동교,127-32-05,35-58-15 ,197.476,2.4,4.8,6.2,7.5,204.92,N,[]
641,3002655,환경부,무주군(대티교),전라북도 무주군,부남면 굴암리 대티교,127-34-39,35-59-38 ,183.952,1.5,3.3,4.2,5.7,189.7,N,[]
642,3003617,환경부,무주군(하두교),전라북도 무주군 설천면,두길리 2323(하두교),127-47-33,35-59-25 ,304.861,3,3.9,4.8,5.7, ,N,[]
643,3003620,환경부,무주군(신촌농2교),전라북도 무주군,설천면 소천리 신촌농2교,127-47-43,36-00-20 ,289.594,1.7,3,3.7,4.3,293.99,N,[]
644,3003660,환경부,무주군(여의교),전라북도 무주군,무주읍 장백리 여의교(충청북도 영동군 용화면 여의리),127-42-42,36-02-09 ,205.966,2.4,4.1,5.2,6.2,212.15,N,[]
645,3003675,환경부,무주군(산성교),전라북도 무주군 적상면,북창리 433-4(산성교),127-41-45,35-59-14 ,213.794,2.7,3.3,3.9,4.5, ,N,[]
646,3003680,환경부,무주군(취수장),전라북도 무주군,무주읍 읍내리 무주상수도취수장,127-40-26,36-00-32 ,185.652,1.3,3,4,5.4,191.13,Y,[]
647,3003692,환경부,무주군(무명교),전라북도 무주군 무주읍,용포리 1435-27(무명교),127-38-21,35-59-09 ,186.79,3.3,3.8,4.3,4.8, ,N,[]
648,3004610,환경부,수통,충청남도 금산,부리  수통,127-35-52,36-02-48 ,147.23, , , , , ,N,[]
649,3004620,한국수자원공사,금산군(적벽교),충청남도 금산군,부리면 수통리 428,127-35-37,36-02-56 ,146.13, , , , , ,N,[]
650,3004637,환경부,금산군(황풍교),충청남도 금산군 남일면,황풍리 960-21,127-30-27,36-04-54 ,142.746,2,2.4,2.8,4.3,147.13,N,[]
651,3004640,환경부,금산군(제원대교),충청남도 금산군,제원면 저곡리 제원대교(충청남도 금산군 제원면 천내리),127-34-02,36-06-40 ,126.08,2.5,5,6,6.7,132.86,Y,[]
652,3004645,환경부,금산군(음대교),충청남도 금산군,남일면 음대리 음대교(충청남도 금산군 남일면 신천리),127-30-08,36-01-48 ,167.275,1.5,2.5,3,3.4,170.76,N,[]
653,3004650,한국수자원공사,영동군(호탄리),충청북도 영동군,양산면 호탄리 산15-1,127-39-00,36-07-55 ,113.96, , , , , ,N,[]
654,3004680,환경부,영동군(영산교),충청북도 영동군,영동읍 계산리 영산교,127-46-21,36-10-44 ,119.657,1.6,3.5,4,5.4,125.31,N,[]
655,3004685,환경부,영동군(초강교),충청북도 영동군,심천면 초강리 (구)초강교,127-42-57,36-12-40 ,97.811,2.8,4.8,6,7.2,105.03,N,[]
656,3004690,환경부,영동군(양강교),충청북도 영동군,심천면 고당리 양강교,127-42-28,36-12-43 ,97.008,3.2,5,6,7,104.05,Y,[]
657,3005620,기타,강창2,경상북도 선산군,도개면    신림동,128-20-00,36-16-00 ,0, , , , ,0,N,[]
658,3005670,환경부,영동군(금상교),충청북도 영동군,황간면 마산리 555 금상교,127-54-37,36-13-31 ,155.467,1.6,3,4,4.8,160.29,N,[]
659,3005675,환경부,영동군(백화교),충청북도 영동군,황간면 우매리 백화교,127-53-48,36-15-35 ,171.937,2.6,3.5,4.5,6,178,N,[]
660,3005680,한국수자원공사,영동군(율리),충청북도 영동군,용산면 율리 676-1,127-48-18,36-13-47 ,120.8, , , , , ,N,[]
661,3005681,기타,송천,충청북도 영동,용산율  송천교,127-48-19,36-13-25 ,118.941, , , , , ,N,[]
662,3005690,환경부,영동군(심천교),충청북도 영동군,심천면 심천리 심천교,127-43-18,36-13-50 ,96.19,1.7,4,5.2,6.2,102.48,N,[]
663,3006650,환경부,이원,충청북도 옥천군,이원면 원동리 이원대교,127-40-17,36-14-15 ,88.274, , , , , ,N,[]
664,3006675,기타,옥천,충청북도 옥천군,동이면    적하리,127-39-00,36-16-00 ,83.499, , , , , ,N,[]
665,3006680,한국수자원공사,옥천군(이원대교),충청북도 옥천군,이원면 원동리 241-1(이원대교),127-40-04,36-14-22 ,88.09,3.2,6.4,7.9,9.9, ,N,[]
666,3006690,환경부,옥천군((구)금강2교),충청북도 옥천군 동이면,적하리 17-4 (구)금강2교,127-38-43,36-17-22 ,79.506,4.7,7,9,12.8, ,N,[]
667,3007606,한국수자원공사,두평,충청북도 보은군,내북면 두평리 326-1,127-41-39,36-32-17 ,197.2, , , , , ,N,[]
668,3007610,환경부,보은군(산성교),충청북도 보은군,보은읍 산성리 산성교,127-43-06,36-31-13 ,160.142,1.4,2.3,2.8,3.4,162.88,N,[]
669,3007612,기타,산성교(지), , ,127-43-14,36-31-03 ,273.5, , , , , ,N,[]
670,3007620,환경부,보은군(이평교),충청북도 보은군,보은읍 이평리 이평교(충청북도 보은군 보은읍 교사리),127-43-21,36-29-22 ,149.294,1.8,2.9,3.7,4.5,152.86,N,[]
671,3007622,기타,이평교(지), , ,127-43-30,36-29-12 ,273.5, , , , , ,N,[]
672,3007626,한국농어촌공사,보청,충청북도 보은군 수한면,병원리 산60-21,127-40-29,36-28-38 , , , , , , ,N,[]
673,3007637,한국농어촌공사,비룡,충청북도 보은군 장안면,서원리 산5,127-50-21,36-29-20 , , , , , , ,N,[]
674,3007640,환경부,보은군(탄부교),충청북도 보은군,탄부면 임한리 탄부교,127-48-42,36-26-14 ,135.201,1.7,2.7,3.4,3.9,139.17,N,[]
675,3007642,기타,탄부교(지), , ,127-48-51,36-26-04 ,273.5, , , , , ,N,[]
676,3007645,환경부,보은군(대양교),충청북도 보은군,탄부면 대양리 대양교,127-47-53,36-25-15 ,129.394,2.3,3.4,4.1,4.7,134.17,N,[]
677,3007650,환경부,보은군(기대교),충청북도 보은군,마로면 기대리 기대교,127-49-15,36-24-57 ,125.851,2.6,4.7,5.9,6.8,132.66,N,[]
678,3007652,기타,기대교(지), , ,127-49-25,36-24-42 , , , , , , ,N,[]
679,3007655,한국수자원공사,옥천군(대성1교),충청북도 옥천군 청산면,대성리 대성1교,127-49-03,36-22-13 ,113.89, , , , , ,N,[]
680,3007660,환경부,옥천군(산계교),충청북도 옥천군,청성면 산계리 산계교,127-45-29,36-19-02 ,95.792,2.5,3.5,4.5,6.2,102.06,N,[]
681,3007662,기타,산계교(지), , ,127-45-38,36-18-52 ,106.398, , , , , ,N,[]
682,3007670,한국수자원공사,옥천군(산계리),충청북도 옥천군,청성면 산계리 3구 산62,127-44-07,36-18-50 ,92.02, , , , , ,N,[]
683,3008605,환경부,금산군(원당교),충청남도 금산군 추부면,신평리 599,127-30-10,36-13-26 ,160.276,3.1,3.5,3.9,4.3, ,N,[]
684,3008630,환경부,옥천군(옥각교),충청북도 옥천군,옥천읍 옥각리 458-6 옥각교,127-33-18,36-19-03 ,79.893,2.5,3,4,5.4,85.33,N,[]
685,3008670,환경부,금산군(제원교),충청남도 금산군,제원면 저곡리 639-1,127-33-10,36-06-42 ,126.512,2.8,4,5,6.4,133,N,[]
686,3008680,한국수자원공사,대전시(대청조정지댐),대전광역시 대덕구,용호동 천426-1,127-27-08,36-26-59 ,33, , , , , ,N,[]
687,3008685,한국수자원공사,청주시(대청댐방수로),충청북도 청원군,문의면 덕유리 629-10,127-28-47,36-28-39 ,27, , , , , ,N,[]
688,3008690,한국수자원공사,청주시(대청댐),충청북도 청원군,문의면 덕유리 629-10,127-28-50,36-28-43 ,60, , , , , ,N,[]
689,3008695,환경부,대전시(금강1교),대전광역시 대덕구,석봉동 금강1교 (충청북도 청원군 현도면 양지리),127-25-00,36-27-17 ,22.26,2.3,4,5,7.8,31.16,N,[]
690,3009620,환경부,금산군(문암교),충청남도 금산군,복수면 신대리 문암교,127-22-40,36-13-30 ,97.419,2,2.5,3.2,4,100.72,N,[]
691,3009630,환경부,대전시(복수교),대전광역시 서구,복수동 복수교 (대전광역시시 중구 사정동),127-23-04,36-17-57 ,51.993,2.05,2.5,3.1,3.9,56.37,N,[]
692,3009640,환경부,대전시(인창교),대전광역시 동구,인동 인창교 (대전광역시 중구 문창동),127-26-04,36-19-25 ,47.679,2.3,2.8,3.2,4.6,52.28,N,[]
693,3009645,환경부,대전시(철갑교),대전광역시 동구,소제동 철갑교,127-26-17,36-20-06 ,49.629,.5,1.3,1.8,2.1,51.76,N,[]
694,3009650,환경부,대전시(용촌교),대전광역시 서구,용촌동 용촌교,127-18-58,36-14-51 ,72.409,2,2.5,3.1,3.9,75.85,N,[]
695,3009655,환경부,대전시(두계교),대전광역시 유성구,방동 두계교 (충청남도 계룡시 두마면 두계리),127-16-44,36-15-59 ,91.983,2,2.5,3,3.9,95.98,N,[]
696,3009665,환경부,대전시(가수원교),대전광역시 서구,가수원동 가수원교,127-21-32,36-18-24 ,47.883,2.8,3.2,3.6,4.4,52.21,N,[]
697,3009670,환경부,대전시(만년교),대전광역시 서구,월평동 만년교 (대전광역시 유성구 봉명동),127-20-59,36-21-06 ,39.345,2.5,3.5,4.5,5,44.42,Y,[]
698,3009673,환경부,대전시(한밭대교),대전광역시 서구,둔산동 한밭대교 (대전광역시 대덕구 오정동),127-24-11,36-21-25 ,33.438,3,3.8,4.8,5.4,39.25,N,[]
699,3009675,환경부,대전시(대덕대교),대전광역시 유성구,도룡동 대덕대교 (대전광역시시 서구 만년동),127-22-47,36-22-24 ,34.065,1,1.5,2,4.5,38.25,N,[]
700,3009680,환경부,대전시(원촌교),대전광역시 대덕구,대화동 원촌교 (대전광역시시 유성구 원촌동),127-24-36,36-22-42 ,31.191,2.7,4,4.5,5.7,36.23,Y,[]
701,3009693,환경부,대전시(신구교),대전광역시 유성구,봉산동 신구교 (대전광역시시 대덕구 문평동),127-23-36,36-26-14 ,21.952,3.65,5,6.4,8.5,30.41,N,[]
702,3009698,환경부,대전시(봉산동),대전광역시 유성구,봉산동 53,127-23-40,36-27-05 ,20.538,3.5,6,7.9,9.8,30.08,N,[]
703,3010620,환경부,세종시(노호리),세종특별자치시,부강면 노호리 423,127-23-44,36-29-34 ,18.141,3.9,5.7,7.6,9.4,27.59,N,[]
704,3010660,환경부,세종시(명학리),세종특별자치시,연동면 명학리 963,127-21-27,36-31-12 ,13.821,2.7,6,8,10.6,24.51,N,[]
705,3011607,한국농어촌공사,맹동,충청북도 음성군 맹동면,통동리 152,127-34-11,36-53-47 , , , , , , ,N,[]
706,3011612,한국농어촌공사,백곡,충청북도 진천군 진천읍,건송리 산 106-13,127-24-33,36-52-07 , , , , , , ,N,[]
707,3011615,환경부,진천군(신정교),충청북도 진천군,진천읍 신정리 신정교(충청북도 진천군 진천읍 성석리),127-27-44,36-51-18 ,56.672,1.5,2,3,3.2,59.56,N,[]
708,3011617,환경부,진천군(금곡교),충청북도 진천군,초평면 용정리 금곡교,127-31-54,36-50-48 ,65.256,1.2,2.3,3,3.6,68.93,N,[]
709,3011620,환경부,진천군(가산교),충청북도 진천군,덕산면 인산리 가산교,127-28-38,36-52-35 ,52.144,2,3.9,4.5,6.1,58.26,N,[]
710,3011623,환경부,진천군(인산리),충청북도 진천군,충청북도 진천군 덕산읍 인산리 1266-1,127-30-20,36-51-57 ,49.547,2.6,4,5.5,6.4,56.49,N,[]
711,3011624,환경부,진천군(오갑교),충청북도 진천군,초평면 오갑리 오갑교(충청북도 진천군 초평면 중석리),127-30-12,36-50-44 ,47.438,3.2,4.8,5.8,7.9,55.37,N,[]
712,3011625,환경부,증평군(반탄교),충청북도 증평군,증평읍 초중리 반탄교,127-34-20,36-47-02 ,48.855,1.9,3,3.5,5.3,53.29,N,[]
713,3011627,한국농어촌공사,미호,충청북도 진천군 초평면,화산리 134,127-29-53,36-49-01 , , , , , , ,N,[]
714,3011630,환경부,청주시(여암교),충청북도 청주시,청원구 오창읍 여천리 여암교(충청북도 진천군 초평면),127-30-35,36-46-19 ,36.978,3.3,4,5,5.7,42.78,N,[]
715,3011635,환경부,청주시(팔결교),충청북도 청주시,청원구 외하동 팔결교(충청북도 청주시 청원구 오창읍 가곡리),127-28-32,36-42-51 ,30.121,4,5,6,7.7,37.44,N,[]
716,3011641,환경부,청주시(노동교),충청북도 청원군,가덕면 노동리 471-1 노동교,127-31-56,36-33-07 ,78.739,1.7,2.5,3.1,4,82.79,N,[]
717,3011643,환경부,청주시(용평교),충청북도 청주시,흥덕구 분평동 용평교,127-29-50,36-36-42 ,43.869,1.75,3.5,4.5,5.5,48.77,N,[]
718,3011645,환경부,청주시(흥덕교),충청북도 청주시,흥덕구 운천동 흥덕교,127-28-53,36-38-48 ,36.428,1.6,4,5,6,42.42,Y,[]
719,3011650,환경부,천안시(장산교),충청남도 천안시,수신면 장산리 장산교,127-17-49,36-44-25 ,48.97,2.5,3.5,4.5,5.7,54.12,N,[]
720,3011657,한국농어촌공사,오창,충청북도 청주시 청원구 오창읍,성산리 352-1,127-24-29,36-44-03 , , , , , , ,N,[]
721,3011660,환경부,청주시(환희교),충청북도 청주시,흥덕구 옥산면 환희리 72-1,127-21-42,36-40-28 ,31.484,2.1,3.6,4.5,5.3,36.84,N,[]
722,3011665,환경부,청주시(미호천교),충청북도 청주시,흥덕구 강내면 탑연리 미호천교(충청북도 청주시 흥덕구 오송읍 궁평리),127-21-02,36-37-23 ,19.783,5,7,8,9.2,29.08,Y,[]
723,3011675,환경부,세종시(상조천교),세종특별자치시,조치원읍 신안리 상조천교 (충청북도 청원군 오송읍 상봉리),127-17-16,36-38-10 ,29.629,2,2.5,3.5,4.7,33.8,N,[]
724,3011685,환경부,세종시(미호교),충청북도 청주시,흥덕구 오송읍 미호교(세종시 연동면 예양리),127-18-59,36-34-57 ,18.253,3.3,4.5,5.5,8.9,27.1,N,[]
725,3011686,한국농어촌공사,용암,세종특별자치시 연서면,고복리 산54-11,127-14-52,36-36-35 , , , , , , ,N,[]
726,3011687,환경부,세종시(월암교),세종특별자치시,연서면 봉암리 월암교(세종특별자치시 연서면 월하리),127-17-18,36-34-15 ,19.86,3.3,4.5,5.5,7.1,26.33,N,[]
727,3011695,환경부,세종시(월산교),세종특별자치시,연기면 세종리 23-3,127-19-09,36-31-32 ,12.496,5,7,8.5,12.3,24.89,N,[]
728,3012602,환경부,세종시(햇무리교),세종특별자치시,연기면 세종리 햇무리교,127-17-57,36-29-57 ,10.272,8.1,8.5,11,13.7,24.03,Y,[]
729,3012604,한국수자원공사,나성, ,충청남도 연기군 남면 나성리 나성교,127-16-27,36-28-48 , , , , , , ,N,[]
730,3012605,환경부,세종시(금남교),세종특별자치시,연기면 세종리 금남교,127-16-15,36-28-40 ,10.308,5.5,7.5,9.5,13.2,23.51,N,[]
731,3012606,기타,세종보(상),세종특별자치시,연기면 세종리 금남교,127-16-15,36-28-39 ,10.928, , , , , ,N,[]
732,3012607,환경부,세종시(도암교),세종특별자치시,금남면 도암리 도암교,127-17-06,36-26-48 ,20.325,1.5,2,2.5,4,24.42,N,[]
733,3012608,환경부,세종시(세종보하),세종특별자치시 연기면,세종리 학나래교,127-15-30,36-28-10 ,-.114,15,17.5,20.5,23.4,23.34,N,[]
734,3012609,환경부,세종시(산봉교),세종특별자치시,장군면 봉안리 산봉교,127-14-22,36-28-40 ,18.064,2.7,3.5,4,6,24.13,N,[]
735,3012611,한국농어촌공사,중흥,충청남도 공주시 의당면,중흥리 556-1,127-10-30,36-34-05 , , , , , , ,N,[]
736,3012612,환경부,공주시(마암리),충청남도 공주시,반포면 마암리(산 96-8번지 주변),127-12-32,36-26-06 ,9.318,3,6.7,9.1,11.4,20.77,N,[]
737,3012620,환경부,공주시(금강교),충청남도 공주시,금성동 금강교,127-07-29,36-28-02 ,5.623,6.3,9,11,12.8,18.48,Y,[]
738,3012625,환경부,공주시(오인교),충청남도 공주시,의당면 요룡리 오인교,127-07-37,36-31-39 ,18.093,2,3,4,4.7,22.85,N,[]
739,3012630,한국수자원공사,공주시(평소리),충청남도 공주시,신풍면 평소리 272-3,126-59-12,36-30-58 ,33.4, , , , , ,N,[]
740,3012633,환경부,공주시(공주보상),충청남도 공주시,우성면 평목리 87,127-05-55,36-27-54 ,.083,13,14,15.9,17.6,17.72,N,[]
741,3012634,환경부,공주시(공주보하),충청남도 공주시,우성면 평목리 87,127-05-46,36-27-39 ,-.126,8,12.2,14.9,17.6,17.49,N,[]
742,3012635,환경부,공주시(국재교),충청남도 공주시,사곡면 화월리 국재교,127-02-35,36-28-56 ,14.177,3.4,5.1,6.1,7.8,22.01,N,[]
743,3012650,환경부,청양군(신흥리),충청남도 청양군,목면 신흥리(46-1번지 주변),127-01-22,36-23-52 ,2.063,8,8.7,10.9,13.1,15.19,N,[]
744,3012655,환경부,청양군(지천교),충청남도 청양군,청양읍 적누리 지천교(충청남도 청양군 청양읍 정좌리),126-47-27,36-25-43 ,77.052,1.4,2.6,3.3,4,81.08,N,[]
745,3012662,환경부,청양군(백제보상),충청남도 청양군,청남면 왕진리 77,126-57-15,36-19-41 ,-.017,7,8,9,13,13.02,N,[]
746,3012664,환경부,부여군(백제보하),충청남도 부여군,부여읍 정동리 산14-1,126-56-08,36-18-58 ,.045,4.7,8.1,10.3,12.4,12.54,N,[]
747,3012665,환경부,부여군(지천교),충청남도 부여군,은산면 회곡리 지천교,126-51-32,36-19-34 ,6.698,3.8,4.8,5.5,7.6,13.32,N,[]
748,3012674,환경부,부여군(송학교),충청남도 부여군,남면 송학리 송학교,126-48-05,36-13-18 ,4.158,3,5,7,8.6,12.78,N,[]
749,3012675,환경부,부여군(백제교),충청남도 부여군,규암면 규암리 백제교(충청남도 부여군 부여읍 구교리),126-53-30,36-16-33 ,.76,4.5,7.5,9,10.6,11.45,Y,[]
750,3012680,환경부,부여군(석동교),충청남도 부여군,장암리 석동리 석동교,126-53-03,36-14-51 ,1.542,4.9,6.4,8.5,10.4,12.01,N,[]
751,3012681,환경부,논산시(석성천교),충청남도 논산시,광석면 득윤리 석성천교 (충청남도 부여군 석성면 증산리),127-01-56,36-14-08 ,4.099,2.5,8,11,14.2,18.3,N,[]
752,3012685,환경부,부여군(반조원리),충청남도 부여군,세도면 반조원리 549,126-58-34,36-11-47 ,-.001,5.2,6.3,7.8,9.3,9.35,N,[]
753,3012690,환경부,논산시(동성교),충청남도 논산시,성동면 우곤리 동성교 (충청남도 부여군 석성면 석성리),127-00-24,36-12-36 ,.532,4.1,6.4,8.1,9.7,10.25,N,[]
754,3013603,환경부,완주군(엄목1교),전라북도 완주군 운주면,완창리 643-3,127-15-38,36-06-15 ,62.335,1.7,2.7,3.7,4.7, ,N,[]
755,3013605,환경부,논산시(인천교),충청남도 논산시,양촌면 인천리 인천교,127-14-09,36-08-13 ,45.015,2.5,3,3.5,4.7,49.72,N,[]
756,3013630,환경부,논산시(주곡교),충청남도 논산시 상월면,주곡리 181-1,127-08-42,36-16-52 ,10.782,3.1,4.5,5.9,7.3, ,N,[]
757,3013650,한국농어촌공사,탑정,충청남도 논산군,가야곡면  종연리,127-09-00,36-10-32 ,16, , , , , ,N,[]
758,3013652,한국농어촌공사,탑정2,충청남도 논산군,가야곡면  종연리 탑정관리소,127-09-04,36-10-25 ,16, , , , , ,N,[]
759,3013665,환경부,논산시(풋개다리),충청남도 논산시,광석면 항월리,127-07-48,36-14-01 ,5.225,3.5,4.5,5.5,7.1,12.34,N,[]
760,3013670,환경부,논산시(논산대교),충청남도 논산시,대교동 논산대교,127-04-49,36-12-35 ,.96,3.65,6,7.5,9.4,10.38,Y,[]
761,3013685,환경부,논산시(제내교),충청남도 논산시,채운면 채운리 제내교,127-02-15,36-08-38 ,1.07,3.5,6.5,8,8.5,9.57,N,[]
762,3014610,환경부,논산시(황산대교),충청남도 논산시,강경읍 황산리 황산대교 (충청남도 부여군 세도면 가회리),127-00-26,36-09-14 ,-1.131,5.5,7,8,9.7,8.65,Y,[]
763,3014650,환경부,부여군(입포리),충청남도 부여군,양화면 입포리 209-9,126-53-00,36-08-06 ,.354,2.9,4.4,5.6,6.6,6.96,N,[]
764,3014656,한국농어촌공사,덕용,충청남도 부여군 양화면,송정리 산47-4,126-49-37,36-08-26 , , , , , , ,N,[]
765,3014670,환경부,서천군(옥포리),충청남도 서천군,화양면 옥포리 528-8,126-46-53,36-02-10 ,-1.192,4,4.7,5.3,5.9,4.77,N,[]
766,3014680,환경부,서천군(북원교),충청남도 서천군,기산면 원길리 북원교,126-43-51,36-04-28 ,.347,1.7,4.6,5.8,6.9,7.31,N,[]
767,3014690,한국농어촌공사,금강하구둑(내),전라북도 옥구,성산  성덕  금강하구둑,126-45-06,36-00-49 ,0, , , , , ,N,[]
768,3014695,한국농어촌공사,금강하구둑(외),전라북도 옥구,성산  성덕  금강하구둑,126-45-29,36-00-35 ,0, , , , , ,N,[]
769,3101603,한국농어촌공사,신대교,충청남도 예산군 광시면,관음리 190-15 인근 교량,126-47-07,36-34-10 ,18.805, , , , , ,N,[]
770,3101604,환경부,예산군(은사교),충청남도 예산군,광시면 용두리 은사교,126-46-43,36-33-38 ,20.066,2.5,3.5,4.5,5.5,25.65,N,[]
772,3101613,환경부,예산군(서계양교),충청남도 예산군,신양면 녹문리 서계양교,126-51-36,36-36-23 ,23.822,2.1,4.1,5.3,6.5,30.36,N,[]
773,3101614,한국농어촌공사,배약교,충청남도 예산군 신양면,녹문리 308번지 인근 교량,126-50-56,36-36-42 ,21.637, , , , , ,N,[]
774,3101615,한국농어촌공사,무봉,충청남도 예산군,대흥면 무봉리 부봉교,126-50-00,36-37-00 , , , , , , ,N,[]
775,3101620,한국농어촌공사,대흥,충청남도 예산군,대흥면 노동리 예당지취수탑,126-48-00,36-38-00 , , , , , , ,N,[]
776,3101622,한국농어촌공사,예당 간선,충청남도 예산군 응봉면,입침리 268-8 인근,126-48-27,36-38-52 , , , , , , ,N,[]
777,3101625,환경부,예산군(예산대교),충청남도 예산군,예산읍 산성리 예산대교,126-49-15,36-41-03 ,4.861,3.4,4,5,6.1,11.06,Y,[]
778,3101630,환경부,예산군(신례원교),충청남도 예산군,신암면 종경리 신례원교,126-49-48,36-43-59 ,.704,3.8,4.6,5.7,6.8,7.53,N,[]
779,3101635,환경부,홍성군(삽교천교),충청남도 홍성군,홍성읍 구룡리 삽교천교(충청남도 홍성군 홍성읍 고암리),126-41-08,36-35-33 ,18.46,2.7,3.2,4,4.8,23.27,N,[]
780,3101638,환경부,예산군(신리교),충청남도 예산군,삽교읍 신리 신리교,126-40-15,36-41-17 ,24.522,1.3,2,2.5,2.8,27.4,N,[]
781,3101640,환경부,예산군(충의대교),충청남도 예산군,삽교읍 두리 충의대교,126-43-50,36-41-12 ,5.828,3.5,5,6,6.8,12.68,N,[]
782,3101645,환경부,예산군(구만교),충청남도 예산군,고덕면 구만리 구만교(충청남도 예산군 신암면 별리),126-45-16,36-44-10 ,.818,3.3,5.6,7,8.4,9.24,N,[]
783,3101650,환경부,당진시(구양교),충청남도 당진군,합덕읍 옥금리 구양교 (충청남도 예산군 신암면 신택리),126-48-54,36-46-27 ,-.226,3.5,5.3,6.4,7.4,7.19,N,[]
784,3101655,환경부,천안시(신흥교),충청남도 천안시,동남구 광덕면 매당리 신흥교,127-06-50,36-42-10 ,45.147,2.5,3.3,3.9,4.5,49.67,N,[]
785,3101660,환경부,천안시(가송교),충청남도 천안시,풍세면 가송리 가송교,127-08-37,36-44-06 ,30.25,1.6,2.3,2.8,3.2,33.53,N,[]
786,3101665,안전행정부,남관, , ,127-07-58,36-45-01 , , , , , , ,N,[]
787,3101670,환경부,아산시(휴대교),충청남도 아산시,배방면 휴대리 휴대교,127-06-49,36-46-51 ,18.102,2,3,4,5.3,23.41,N,[]
788,3101672,환경부,아산시(덕지리),충청남도 아산시,음봉면 덕지리 524,127-05-02,36-49-51 ,24.11,1.8,3.1,3.9,4.6,28.77,N,[]
789,3101673,환경부,아산시(새터교),충청남도 아산시,탕정면 호산리 새터교,127-04-58,36-48-29 ,17.42,2,2.7,3.4,4,21.49,N,[]
790,3101675,환경부,아산시(한내다리),충청남도 아산시,탕정면 갈산리 한내대교,127-03-14,36-47-25 ,7.9,4,4.5,5.5,6.9,14.88,N,[]
791,3101679,한국농어촌공사,궁평,충청남도 아산시 송악면,궁평리 267,126-59-37,36-43-19 , , , , , , ,N,[]
792,3101680,한국농어촌공사,궁평,충청남도 아산시 송악면,궁평,126-59-46,36-43-17 ,51.3, , , , , ,N,[]
793,3101683,환경부,아산시(온천교),충청남도 아산시,신동 온천교,127-01-56,36-46-29 ,10.663,2.3,3.4,4.3,5.1,14.57,N,[]
794,3101685,환경부,아산시(충무교),충청남도 아산시,염치읍 석정리 충무교,127-00-30,36-47-52 ,5.943,3.4,4,5,6,11.98,Y,[]
795,3101690,환경부,아산시(강청교),충청남도 아산시,염치면 가덕리 강청교,126-56-01,36-49-18 ,1.136,3.5,3.9,5,6,7.21,N,[]
796,3101693,환경부,당진시(신촌리),충청남도 당진군,우강면 신촌리 107-119,126-49-39,36-50-52 ,-1.245,4.3,4.8,5.7,6.6,5.38,N,[]
797,3101695,한국농어촌공사,삽교호,충청남도 당진군 신평면,운정,126-49-46,36-53-16 , , , , , , ,N,[]
798,3101696,환경부,당진시(북창교),충청남도 당진군 순성면,중방리 150-4,126-45-41,36-51-08 ,1.018,3.5,4.5,5.5,6.5, ,N,[]
799,3102623,한국농어촌공사,예당,충청남도 예산군 대흥면,노동,126-30-00,37-54-00 ,14.5, , , , , ,N,[]
800,3201675,한국농어촌공사,삽교호 내수위,충청남도 당진군 신평면,삽교천 3길 72 인근,126-49-24,36-53-28 , , , , , , ,N,[]
801,3201680,한국농어촌공사,고풍,충청남도 서산시 운산면,고풍리 336,126-35-43,36-47-28 , , , , , , ,N,[]
802,3201690,환경부,당진시(채운교),충청남도 당진군,당진시 우두동 채운교,126-36-52,36-54-18 ,1.192,2.5,4,5,6.2,7.4,N,[]
803,3203620,환경부,보령시(동대교),충청남도 보령시,동대동 동대교,126-35-55,36-20-48 ,3.079,1.8,2.5,3.5,4.1,7.23,N,[]
804,3203629,한국농어촌공사,청천,충청남도 보령시 죽정동,2-7,126-37-34,36-22-48 , , , , , , ,N,[]
805,3203630,한국농어촌공사,청천,충청남도 보령시, ,126-37-32,36-22-46 ,23.2, , , , , ,N,[]
806,3203640,한국수자원공사,보령시(보령댐),충청남도 보령시,미산면 용수리 산39-1,126-38-55,36-14-59 ,44, , , , , ,N,[]
807,3203645,한국수자원공사,보령시(보령댐방수로),충청남도 보령시,미산면 용수리 산39-1,126-38-44,36-14-58 ,32, , , , , ,N,[]
808,3203652,환경부,보령시(노천교),충청남도 보령시,웅천읍 노천리 노천교,126-35-38,36-13-52 ,-.544,2.5,3.8,5,6,5.47,N,[]
809,3203655,한국수자원공사,대창, , , - -  -  , - -     , , , , , , ,N,[]
810,3203660,한국농어촌공사,서부,충청남도 서천군 종천면,석촌리 580-4,126-41-29,36-07-14 , , , , , , ,N,[]
811,3301605,한국농어촌공사,동상,전라북도 완주군 동상면,수만 ,127-16-27,35-57-11 ,108, , , , , ,N,[]
812,3301610,한국농어촌공사,대아,전라북도 완주군 고산면,소향 ,127-15-47,35-58-57 ,80, , , , , ,N,[]
813,3301611,한국농어촌공사,대아,전라북도 완주군,동상면 대아리 742,127-15-39,35-58-52 , , , , , , ,N,[]
814,3301612,환경부,완주군(대아저수지),전라북도 완주군,동상면 대아리,127-15-39,35-58-54 ,0, , , , ,121.3,N,[]
815,3301615,한국수자원공사,신흥천,전라북도 완주군,경천면 가천리 1124,127-16-10,36-00-15 ,88.62, , , , , ,N,[]
816,3301618,한국농어촌공사,경천,전라북도 완주군,화산면 성북리 990,127-14-02,36-01-21 , , , , , , ,N,[]
817,3301619,환경부,완주군(경천저수지),전라북도 완주군,화산면 성북리,127-14-29,36-01-21 ,0, , , , ,85.6,N,[]
818,3301620,한국농어촌공사,경천,전라북도 완주군 경천면,경천 ,127-14-20,36-01-16 ,43.25, , , , , ,N,[]
819,3301623,환경부,완주군(마안교),전라북도 완주군,화산면,127-14-27,36-00-29 ,58.43, , , , ,3.73,N,[]
820,3301625,환경부,완주군(오성교),전라북도 완주군,고산면 읍내리 오성교 하류,127-12-54,35-58-24 ,43.25, , , , ,3.68,N,[]
821,3301630,환경부,완주군(용봉교),전라북도 완주군,봉동읍 장기리 1118 용봉교,127-10-15,35-56-31 ,27.07, , , , ,4.34,N,[]
822,3301632,한국수자원공사,소양천,전라북도 완주군,소양면 화심리 634-49,127-16-56,35-49-54 ,106.462, , , , , ,N,[]
823,3301635,환경부,완주군(소양용연교),전라북도 완주군,소양면 황운리 소양용연교,127-14-33,35-51-40 ,60.7, , , , ,3.9,N,[]
824,3301640,환경부,완주군(제2소양교),전라북도 완주군,용진면 상운리 제2소양교,127-09-19,35-52-41 ,21.25, , , , ,4.94,N,[]
825,3301645,환경부,완주군(하리교),전라북도 완주군,삼례면 하리 하리교,127-05-56,35-53-50 ,5.33, , , , ,7.37,N,[]
826,3301650,한국농어촌공사,구이,전라북도 완주군 구이면,두현 ,127-07-35,35-44-26 ,47, , , , , ,N,[]
827,3301651,한국농어촌공사,구이,전라북도 완주군,구이면 두현리 30,127-07-29,35-44-23 , , , , , , ,N,[]
828,3301652,환경부,전주시(신평교),전라북도 전주시,완산구 원당동 신평교,127-07-01,35-46-20 ,30.59, , , , ,3.64,N,[]
829,3301653,환경부,전주시(삼천교),전라북도 전주시,완산구 중인동,127-06-40,35-46-48 ,29.55, , , , , ,N,[]
830,3301654,환경부,전주시(세내교),전라북도 전주시,완산구,127-06-44,35-47-33 ,24.45, , , , ,5.54,N,[]
831,3301655,환경부,전주시(서곡교),전라북도 전주시,완산구 효자동 서곡교,127-06-20,35-50-11 ,17.25, , , , ,4.7,N,[]
832,3301657,환경부,전주시(서천교),전라북도 전주시,완산구 서완산동1가,127-08-29,35-48-44 ,33.22, , , , ,5.75,N,[]
833,3301660,기타,색장,전라북도 전주시,완산구 색장동 색장교,127-11-15,35-47-56 ,56.28, , , , , ,N,[]
834,3301662,환경부,전주시(은석교),전라북도 전주시,완산구 색장동 은석교,127-11-39,35-47-49 ,61.06, , , , ,4.13,N,[]
835,3301665,환경부,전주시(미산교),전라북도 전주시,덕진구 전미동2가 1384-6,127-05-51,35-52-46 ,9.118, ,3,4, ,5.13,Y,[]
836,3301670,환경부,완주군(삼례교),전라북도 완주군,삼례읍 삼례리 647,127-04-16,35-53-54 ,2.929, ,6,7, ,8.01,Y,[]
837,3301675,환경부,익산시(인수교),전라북도 익산시,춘포면 인수리 인수교,127-02-04,35-55-23 ,3.1, , , , ,7.29,N,[]
838,3301685,환경부,익산시(만경교),전라북도 익산시,오산면 목천리 1177-5 만경교,126-55-55,35-54-49 ,-2.11, , , , ,9.47,N,[]
839,3301688,환경부,군산시(원두교),전라북도 군산시,대야면 광교리 원두교,126-51-23,35-55-31 ,-.07, , , , ,5.38,N,[]
840,3301690,환경부,김제시(만경대교),전라북도 김제시,청하면 동지산리 1100 만경대교 ,126-50-18,35-54-39 ,-2.24, , , , ,6.78,N,[]
841,3302605,한국수자원공사,칠보,전라북도 정읍시,칠보면 시산210,127-00-42,35-35-35 , , , , , , ,N,[]
842,3302610,한국농어촌공사,수청,전라북도 정읍시 칠보면,반곡리 수청저수지,126-57-03,35-33-24 ,94, , , , , ,N,[]
843,3302611,한국농어촌공사,수청,전라북도 정읍시,칠보면 수청리 95,126-56-57,35-33-22 , , , , , , ,N,[]
844,3302615,환경부,정읍시(행정교),전라북도 정읍시,옹동면 산성리 행정교,126-58-42,35-36-57 ,19.14, , , , ,3.84,N,[]
845,3302617,한국수자원공사,정읍시(종산리),전라북도 정읍시,산외면 종산리 269,127-05-43,35-35-32 ,154.497, ,0,0, ,0,N,[]
846,3302620,환경부,정읍시(거산교),전라북도 정읍시,태인읍 태서리 거산교,126-55-38,35-38-55 ,6.45, , , , ,7.4,N,[]
847,3302630,환경부,정읍시(정우교),전라북도 정읍시,정우면 대사리 878-19 정우교,126-53-21,35-40-37 ,1.454, ,6,7, ,6.92,Y,[]
848,3302635,한국농어촌공사,내장,전라북도 정읍시 내장상동,내장저수지,126-53-45,35-31-03 ,94, , , , , ,N,[]
849,3302640,한국농어촌공사,부전,전라북도 정읍시,부전저수지,126-54-43,35-31-52 ,108, , , , , ,N,[]
850,3302643,환경부,정읍시(상동교),전라북도 정읍시,송산동 상동교,126-52-09,35-33-17 ,45.75, , , , ,4.44,N,[]
851,3302645,환경부,정읍시(죽림교),전라북도 정읍시,연지동 죽림교,126-50-37,35-34-04 ,27.29, , , , ,3.4,N,[]
852,3302650,한국농어촌공사,용산,전라북도 정읍시,용산저수지,126-51-16,35-30-42 ,74, , , , , ,N,[]
853,3302652,환경부,정읍시(상평교),전라북도 정읍시 상평동, ,126-49-24,35-33-42 ,22.965, , , , , ,N,[]
854,3302653,환경부,정읍시(정읍교),전라북도 정읍시,용계동 정읍교 하류,126-49-45,35-35-10 ,15.17, , , , ,4.67,N,[]
855,3302654,환경부,정읍시(망담교),전라북도 정읍시 정우면,우산리,126-52-17,35-37-43 ,7.607, , , , , ,N,[]
856,3302655,환경부,정읍시(정읍천대교),전라북도 정읍시,정우면 초강리 정읍천대교,126-51-52,35-38-19 ,3.09, , , , ,6.75,N,[]
857,3302657,환경부,정읍시(풍월교),전라북도 정읍시,영원면 풍월리,126-44-57,35-38-44 ,-.12, , , , ,5.98,N,[]
858,3302658,환경부,정읍시(초강리),전라북도 정읍시,정우면 초강리 614-10,126-51-46,35-38-40 ,2.975, ,5,6, ,6.66,Y,[]
859,3302660,환경부,정읍시(양전교),전라북도 정읍시,감곡면 삼평리,126-54-27,35-44-50 ,1.79, , , , ,5.1,N,[]
860,3302661,한국농어촌공사,금평,전라북도 김제시,금산면 금산리 501-2,127-00-49,35-43-05 , , , , , , ,N,[]
861,3302665,환경부,김제시(군포교),전라북도 김제시,부량면 옥정리 (구)군포교,126-49-03,35-43-04 ,-1.05, , , , ,6.93,N,[]
862,3302675,환경부,부안군(평교),전라북도 부안군,백산면 평교리 평교,126-46-57,35-42-20 ,-.87, , , , ,5.88,N,[]
863,3302680,환경부,김제시(용동교),전라북도 김제시,황산동 683-26,126-54-20,35-47-20 ,2.4, , , , ,5.71,N,[]
864,3302685,환경부,김제시(죽산교),전라북도 김제시,죽산면 죽산리 죽산교,126-48-44,35-46-00 ,-2.1, , , , ,7.09,N,[]
865,3302690,한국농어촌공사,동진대교,전라북도 김제시 죽산면,동진대교,126-46-38,35-45-27 ,-1.974, , , , , ,N,[]
866,3303110,한국수자원공사,부안댐,전라북도 부안군,변산면 부안댐로 286-26,126-34-18,35-40-43 ,0, ,0,0, ,0,N,[]
867,3303660,한국수자원공사,부안군(거석교),전라북도 부안군 상서면,청림리 906 (거석교),126-36-47,35-39-21 ,46.405, , , , , ,N,[]
868,3303670,한국수자원공사,부안댐,전라북도 부안군,변산면 중계리,126-33-36,35-40-30 ,49, , , , , ,N,[]
869,4001610,환경부,진안군(좌포교),전라북도 진안군,성수면 도통리 좌포교 하류,127-19-06,35-44-12 ,243.63, , , , ,6.27,N,[]
870,4001620,한국수자원공사,임실군(호암교),전라북도 임실군,신평면 호암리 호암교,127-14-27,35-39-19 ,201.064, , , , , ,N,[]
871,4001628,한국수자원공사,임실군(임운교),전라북도 임실군,운암면 학암리 임운교,127-12-17,35-36-40 ,204.221, , , , , ,N,[]
872,4001660,한국수자원공사,순창군(운암교),전라북도 순창군,쌍치면 운암리 운암교,127-00-50,35-30-13 ,217.445, , , , , ,N,[]
873,4002605,한국수자원공사,임실군(섬진강댐),전라북도 임실군,강진면 용수리 산5,127-06-35,35-32-27 ,0, , , , , ,N,[]
874,4002610,한국수자원공사,임실군(회문리),전라북도 임실군,덕치면 회문리 88-5,127-08-16,35-31-18 ,123.952, , , , , ,N,[]
875,4002620,환경부,임실군(강동교),전라북도 임실군 강진면,갈담리,127-09-37,35-31-40 ,125.355, , , , , ,N,[]
876,4002640,환경부,임실군(일중리),전라북도 임실군,덕치면 일중리 568,127-08-60,35-29-47 ,114.547, ,4,5, ,6.17,Y,[]
877,4002690,환경부,순창군(평남리),전라북도 순창군,적성면 평남리,127-12-57,35-25-25 ,78.26, , , , ,7.05,N,[]
878,4003615,한국농어촌공사,장남,전라북도 장수군,번암면 국포리 900,127-25-03,35-33-43 , , , , , , ,N,[]
879,4003630,환경부,임실군(오수교),전라북도 임실군,오수면 오수리,127-19-29,35-32-30 ,117.1, , , , ,4.46,N,[]
880,4003650,환경부,임실군(신기교),전라북도 임실군,오수면 신기리 398-1천 신기교,127-19-29,35-30-28 ,108, , , , ,4.97,N,[]
881,4003690,환경부,순창군(현포리),전라북도 순창군,동계면 현포리,127-14-43,35-26-22 ,84.35, , , , ,4.73,N,[]
882,4004615,환경부,순창군(유적교),전라북도 순창군,적성면 고원리 928 유적교,127-12-33,35-23-34 ,72.69, , , , ,8.36,N,[]
883,4004630,환경부,순창군(옥천교),전라북도 순창군,순창읍 순화리 옥천교,127-08-00,35-22-29 ,84.92, , , , ,4.08,N,[]
884,4004640,환경부,순창군(유풍교),전라북도 순창군,풍산면 두승리 유풍교,127-11-04,35-21-33 ,69.02, , , , ,7.08,N,[]
885,4004650,환경부,곡성군(합강교),전라남도 곡성군,옥과면 합강리 합강교,127-10-50,35-19-19 ,64.83, , , , ,7,N,[]
886,4004660,환경부,남원시(신덕리),전라북도 남원시,대강면 신덕리,127-12-59,35-19-53 ,58.88, , , , ,10.13,N,[]
887,4004680,환경부,곡성군(용두교),전라남도 곡성군 옥과면,리문리,127-08-07,35-16-17 ,81.615, , , , , ,N,[]
888,4004690,환경부,곡성군(금곡교),전라남도 곡성군,곡성읍 장선리 1067 금곡교,127-17-45,35-18-41 ,46.619, ,6,7, ,8.22,Y,[]
889,4005620,한국농어촌공사,장남,전라북도 장수군,번암면 국포리,126-46-48,35-33-31 ,370, , , , , ,N,[]
890,4005624,한국농어촌공사,용림,전라북도 장수군,장수읍 덕산리 670,127-33-06,35-36-32 , , , , , , ,N,[]
891,4005627,환경부,장수군(동화저수지),전라북도 장수군,번암면 죽림리,127-32-19,35-32-44 ,0, , , , ,324.6,N,[]
892,4005628,한국농어촌공사,동화,전라북도 장수군,번암면 죽림리 336,127-32-17,35-32-45 , , , , , , ,N,[]
893,4005630,한국농어촌공사,동화,전북 장수군 번암면,동화리,127-32-06,35-32-38 ,279, , , , , ,N,[]
894,4005645,환경부,남원시(월석교),전라북도 남원시,산동면 월석리 월석교 하류,127-30-52,35-29-52 ,193.53, , , , ,5.57,N,[]
895,4005660,환경부,남원시(요천교),전라북도 남원시,이백면 남계리 요천교,127-26-10,35-27-19 ,131.88, , , , ,4.58,N,[]
896,4005670,환경부,남원시(동림교),전라북도 남원시,신촌동 460,127-23-29,35-24-31 ,93.853, ,4,5, ,6.26,Y,[]
897,4005690,환경부,남원시(요천대교),전라북도 남원시,송동면 세전리 요천대교,127-18-41,35-19-08 ,48.67, , , , ,6.53,N,[]
898,4006660,환경부,곡성군(고달교),전라남도 곡성군,고달면 뇌죽리 고달교 상류,127-19-47,35-17-41 ,43.68, , , , ,9.49,N,[]
899,4006667,환경부,곡성군(충의교),전라남도 곡성군 곡성읍,묘천리,127-17-52,35-16-41 ,51.941, , , , , ,N,[]
900,4006680,환경부,곡성군(예성교),전라남도 곡성군,오곡면 압록리,127-22-27,35-11-55 ,27.38, , , , ,15.37,N,[]
901,4007615,한국수력원자력,죽동교,전라남도 장흥군,장평면 녹양리,127-00-05,34-47-34 ,143.22, , , , , ,N,[]
902,4007616,환경부,보성군(돈다교),전라남도 보성군,노동면 감정리,127-01-49,34-47-31 ,135.17, , , , ,7.01,N,[]
903,4007618,한국수력원자력,보성교,전라남도 보성군,보성읍 옥평리 893-5 보성교(구),127-05-40,34-46-14 ,137.783, , , , , ,N,[]
904,4007620,한국수력원자력,광곡교,전라남도 보성군,노동면 광곡리 117-8,127-04-25,34-47-42 ,127.3, , , , , ,N,[]
905,4007623,한국수력원자력,보성강댐,전라남도 보성군,겸백면 용산리 220,127-09-14,34-47-02 , , , , , , ,N,[]
906,4007625,한국수자원공사,보성군(보성강댐),전라남도 보성군,겸백면 용산리 산 35-1,127-08-42,34-48-19 ,0, , , , , ,N,[]
907,4007630,한국수자원공사,보성군(가장교),전라남도 보성군,겸백면 석호리 758,127-08-51,34-49-52 ,111.25, , , , , ,N,[]
908,4007660,한국수자원공사,화순군(동복댐),전라남도 화순군,동복면 연월리 산127-2,127-06-09,35-04-57 ,0, , , , , ,N,[]
909,4007661,환경부,화순군(만수교),전라남도 화순군,동복면 연월리,127-06-10,35-04-42 ,129.45, , , , ,4.89,N,[]
910,4007670,한국수자원공사,화순군(용리교),전라남도 화순군,남면 용리,127-06-49,35-01-36 ,115.51, , , , , ,N,[]
911,4007695,한국수자원공사,순천시(주암댐),전라남도 순천시,주암면 구산리 786-1,127-14-13,35-03-42 ,0, , , , , ,N,[]
912,4008603,한국수자원공사,곡성군(압록3교),전라남도 곡성군,오곡면 압록리 압록3교,127-22-16,35-11-20 ,28.06, , , , , ,N,[]
913,4008650,한국수자원공사,순천시(광천교),전라남도 순천시,주암면 구산리 811,127-14-13,35-04-33 ,61.311, , , , , ,N,[]
914,4008655,한국수자원공사,곡성군(목사동2교),전라남도 곡성군,목사동면 공북리 목사동2교,127-15-32,35-07-36 ,0, , , , ,7.79,N,[]
915,4008660,환경부,곡성군(목사동1교),전라남도 곡성군,목사동면 평리 목사동1교,127-17-56,35-07-40 ,47.12, , , , ,54.9,N,[]
916,4008661,한국농어촌공사,동상,전라북도 완주군,동상면 대아리 39-7,127-16-27,35-07-05 , , , , , , ,N,[]
917,4008670,환경부,곡성군(태안교),전라남도 곡성군,죽곡면 유봉리 549-24 태안교,127-20-48,35-09-37 ,37.625, ,5.5,7, ,8.76,Y,[]
918,4009608,환경부,순천시(용서교),전라남도 순천시,황전면 선변리 용서교,127-27-48,35-08-58 ,25.94, , , , ,7.14,N,[]
919,4009610,환경부,구례군(구례교),전라남도 구례군,구례읍 신월리 595-1 구례교,127-27-15,35-09-56 ,21.937, ,7,8, ,11.06,Y,[]
920,4009618,환경부,구례군(문척교),전라남도 구례군 구례읍,봉서리,127-28-28,35-11-47 ,19.026, , , , , ,N,[]
921,4009622,환경부,구례군(광용교),전라남도 구례군,용방면 신지리,127-26-29,35-15-29 ,44.89, , , , ,4.85,N,[]
922,4009625,환경부,구례군(서시교),전라남도 구례군,구례읍 봉동리 서시교,127-28-29,35-12-40 ,20.37, , , , ,8.18,N,[]
923,4009628,한국농어촌공사,효곡,전라남도 구례군,간전면 금산리 127,127-32-20,35-07-56 , , , , , , ,N,[]
924,4009630,환경부,구례군(송정리),전라남도 구례군,토지면 송정리 639-1,127-33-31,35-11-32 ,6.217, ,14.5,17, ,19.17,Y,[]
925,4009638,환경부,하동군(가탄교),경상남도 하동군,화개면 탑리,127-37-58,35-12-01 ,20.95, , , , ,6.03,N,[]
926,4009640,환경부,광양시(남도대교),전라남도 광양시,다압면 하천리,127-37-34,35-10-51 ,4.07, , , , ,14.51,N,[]
927,4009650,환경부,광양시(고사리),전라남도 광양시,다압면,127-41-09,35-08-06 ,.96, , , , ,11.68,N,[]
928,4009665,환경부,하동군(읍내리),경상남도 하동군,하동읍 읍내리 1563,127-44-25,35-03-60 ,-6.16, ,12,13, ,14.81,Y,[]
929,4009668,한국농어촌공사,하동,경상남도 하동군,청암면 중이리 1483,127-47-05,35-09-49 , , , , , , ,N,[]
930,4009670,환경부,하동군(대석교),경상남도 하동군,적량면 고절리 대석교,127-47-01,35-03-33 ,2.05, , , , ,5.63,N,[]
931,4104603,한국수자원공사,순천시(송전교),전라남도 순천시,승주읍 신성리 송전교,127-22-53,35-00-17 ,159.97, , , , , ,N,[]
932,4104610,한국수자원공사,순천시(노동교),전라남도 순천시,상사면 봉내리 노동교,127-22-43,34-57-14 ,0, , , , , ,N,[]
933,4104620,한국수자원공사,순천시(주암조절지댐),전라남도 순천시,상사면 용계리 170,127-25-12,34-56-45 ,0, , , , , ,N,[]
934,4104625,한국수자원공사,순천시(주암조절지방수로),전라남도 순천시,상사면 용계리 170,127-25-32,34-56-43 ,0, , , , , ,N,[]
935,4104655,한국수자원공사,순천시(주암조절지조정지댐),전라남도 순천시,상사면 용계리 170,127-26-20,34-56-48 ,0, , , , , ,N,[]
936,4104665,환경부,순천시(노디목교),전라남도 순천시,상사면 응령리 노디목교,127-27-12,34-56-26 ,9.02, , , , ,4.38,N,[]
937,4104680,환경부,순천시(동천교),전라남도 순천시,풍덕동 630-1,127-30-10,34-55-49 ,2.76, , , , ,4.94,N,[]
938,4104685,환경부,순천시(연동교),전라남도 순천시,교량동 연동교,127-29-15,34-55-00 ,2.91, , , , ,4.38,N,[]
939,4105210,한국수자원공사,수어댐,전라남도 광양시,진상면 섬거리 35-1,127-43-14,35-01-46 ,0, ,0,0, ,0,N,[]
940,4105630,환경부,광양시(서산교),전라남도 광양시,광양읍 칠성리,127-34-48,34-58-04 ,6.78, , , , , ,N,[]
941,4105640,환경부,광양시(용강교),전라남도 광양시,광양읍,127-36-07,34-58-29 ,4.54, , , , ,4.19,N,[]
942,4105660,한국수자원공사,수어댐,전라남도 광양시,진상면 섬거리 35-1,127-43-00,35-01-57 ,69.121, , , , , ,N,[]
943,4105665,한국수자원공사,광양시(지원교),전라남도 광양시,진상면 지원리 신지원교(일반국도 2호선),127-43-32,35-00-45 ,.685, ,0,0, ,0,N,[]
944,4105670,한국수자원공사,광양시(수어천교),전라남도 광양시,진월면 진정리 수어천교(군도10호선),127-43-00,34-59-07 ,-3.215, ,0,0, ,0,N,[]
945,5001610,환경부,담양군(담양댐),전라남도 담양군,용면 도림리 취수탑 도교,127-00-50,35-22-24 ,0, , , , ,124.4,N,[]
946,5001615,환경부,담양군(금월교),전라남도 담양군,담양읍 학동리 금월교 하류,127-01-00,35-19-58 ,53.59,1.5,2,2.5,3,3.65,N,[]
947,5001616,한국수자원공사,담양군(중방4교),전라남도 담양군,월산면 중월리 460-24,126-56-44,35-20-29 ,80.87, , , , , ,N,[]
948,5001617,한국수자원공사,담양군(월계교),전라남도 담양군,월산면 월계리 615-24,126-58-23,35-20-59 ,55.21, , , , , ,N,[]
949,5001618,한국수자원공사,담양군(장천교),전라남도 담양군,용면 두장리 장천교,126-59-23,35-20-52 ,60.96, , , , , ,N,[]
950,5001620,환경부,담양군(덕용교),전라남도 담양군,무정면 봉안리 덕용교,127-02-21,35-17-22 ,50.31, , , , ,3.5,N,[]
951,5001625,환경부,담양군(삼지교),전라남도 담양군,수북면 정중리 삼지교 하류,126-56-09,35-16-14 ,26.88, , , , ,4.45,N,[]
952,5001627,환경부,담양군(양지교),전라남도 담양군,봉산면 양지리,126-56-37,35-15-22 ,28.09, , , , ,6.11,N,[]
953,5001630,환경부,담양군(광주댐),전라남도 담양군,고서면 분향리 광주광역시댐내,126-59-22,35-11-60 ,2.45, , , , ,77.45,N,[]
954,5001640,환경부,광주광역시(용산교),광주광역시 북구,용전동 1027-3 용산교 하류 (舊 광주),126-53-19,35-14-26 ,20.76, , , , ,3.33,N,[]
955,5001645,환경부,광주광역시(첨단대교),광주광역시 광산구,오룡동,126-51-25,35-13-03 ,15.92, , , , ,5.19,N,[]
956,5001650,환경부,광주광역시(유촌교),광주광역시 서구,유촌동 30,126-51-24,35-10-01 ,15.64, , , , ,4.85,N,[]
957,5001655,환경부,광주광역시(풍영정천2교),광주광역시 광산구,월곡동 풍영정천2교 하류,126-48-53,35-10-18 ,12.29, , , , , ,N,[]
958,5001660,환경부,광주광역시(어등대교),광주광역시 광산구,우산동 어등대교 하류 (舊 어등),126-49-23,35-09-36 ,8.47, , , , ,6.56,N,[]
959,5001670,환경부,광주광역시(설월교),광주광역시 동구,학동 설월교 (舊 학동),126-55-39,35-07-46 ,52.7, , , , ,4.31,N,[]
960,5001673,환경부,광주광역시(천교),광주광역시 서구,양동 천교,126-54-26,35-09-04 ,34.9, , , , ,4.1,N,[]
961,5001680,환경부,광주광역시(극락교),광주광역시 서구,벽진동 564-1,126-49-33,35-08-09 ,4.702, ,7.5,8.5, ,8.81,Y,[]
962,5002201,한국수자원공사,평림댐,전라남도 장성군,삼계면 수옥리 762-3,126-40-15,35-18-14 ,0, ,0,0, ,0,N,[]
963,5002610,환경부,장성군(용동교),전라남도 장성군,북하면,126-53-27,35-24-16 ,94.97, , , , ,3.99,N,[]
964,5002620,환경부,장성군(장성댐),전라남도 장성군,장성읍 용강리 취수탑,126-49-10,35-21-34 ,0, , , , ,91,N,[]
965,5002643,환경부,장성군(금계리),전라남도 장성군,서삼면 금계리 566-27,126-46-34,35-19-10 ,42.11, , , , ,4.24,N,[]
966,5002650,환경부,장성군(제2황룡교),전라남도 장성군, 황룡면 월평리 163,126-46-12,35-17-27 ,35.561, ,3.5,4.5, ,5.13,Y,[]
967,5002660,환경부,광주광역시(용진교),광주광역시 광산구,임곡동 용진교 (舊 임곡),126-44-48,35-12-55 ,22.43, , , , ,5.37,N,[]
968,5002666,환경부,장성군(수양저수지),전라남도 장성군,삼서면 두월리,126-40-45,35-13-43 ,0, , , , ,48.4,N,[]
969,5002667,한국농어촌공사,수양(함동),전라남도 장성군,삼서면 두월리 1019,126-40-45,35-13-44 , , , , , , ,N,[]
970,5002670,한국수자원공사,장성군(죽탄교),전라남도 장성군,삼계면 상도리 718-1,126-41-59,35-15-10 ,51.02, , , , , ,N,[]
971,5002673,한국수자원공사,장성군(수산리),전라남도 장성군,삼계면 수산리 780,126-39-57,35-18-31 ,112.22, , , , , ,N,[]
972,5002677,환경부,광주광역시(평림교),광주광역시 광산구,지평동 죽산교 하류,126-41-24,35-09-55 ,21.692, , , , ,21.4,N,[]
973,5002680,한국수자원공사,장성군(평림댐),전라남도 장성군,삼계면 수옥리 산210-1,126-41-03,35-16-56 ,0, , , , , ,N,[]
974,5002690,환경부,광주광역시(장록교),광주광역시 광산구,광산구 도산동 976-19,126-47-06,35-08-03 ,8.047, ,5.5,6.5, ,7,Y,[]
975,5003604,한국수자원공사,화순군(세청교),전라남도 화순군,이양면 오류리 세청교,126-59-13,34-53-25 ,71.2, , , , , ,N,[]
976,5003605,환경부,화순군(용두교),전라남도 화순군,춘양면 용두리 용두교,126-58-58,34-56-25 ,48.8, , , , ,4.88,N,[]
977,5003606,한국수자원공사,화순군(한지교),전라남도 화순군,이양면 품평리 1138-41,126-58-51,34-54-37 ,63.952, , , , , ,N,[]
978,5003607,한국수자원공사,화순군(구입교),전라남도 화순군,이양면 강성리 805-40,126-59-13,34-55-56 ,57.078, , , , , ,N,[]
979,5003610,환경부,화순군(능주교),전라남도 화순군,능주면 석고리 능주교 하류,126-57-37,34-59-49 ,33.43, , , , ,3.43,N,[]
980,5003615,환경부,화순군(주도교),전라남도 화순군,화순읍 주도리 주도교 상류,126-56-51,35-01-58 ,33.95, , , , ,3.67,N,[]
981,5003620,환경부,화순군(신성교),전라남도 화순군,도곡면 평리 신성교 하류,126-53-46,35-00-13 ,19.65, , , , ,6.4,N,[]
982,5003640,환경부,나주시(나주댐),전라남도 나주시,다도면 판촌리 취수탑 도교,126-50-40,34-57-50 ,0, , , , ,65.95,N,[]
983,5003650,환경부,나주시(우산교),전라남도 나주시,남평읍 우산리 우산교,126-52-57,34-59-00 ,25.57, , , , ,8.03,N,[]
984,5003680,환경부,나주시(남평교),전라남도 나주시,남평읍 남평리 283,126-50-43,35-02-58 ,11.15, ,4.5,5.5, ,6.49,Y,[]
985,5004620,환경부,광주광역시(승용교),광주광역시 광산구,용봉동 승용교 하류 (舊 본동),126-46-20,35-04-16 ,3.87, , , , ,7.8,N,[]
986,5004630,환경부,승촌보(하류),광주광역시 남구,승촌동 495-4천,126-45-35,35-03-48 ,-1.22, , , , ,12.77,N,[]
987,5004650,환경부,나주시(나주대교),전라남도 나주시,삼도동 913,126-43-56,35-02-14 ,-2.566, ,10,11, ,13.32,Y,[]
988,5004655,환경부,나주시(동곡리),전라남도 나주시,세지면 동곡리,126-42-58,34-58-03 ,3.92, , , , ,5.38,N,[]
989,5004670,환경부,나주시(영산교),전라남도 나주시,영산동 영산교 하류부,126-42-17,34-59-56 ,-4.57, , , , ,13.95,N,[]
990,5004690,환경부,나주시(회진리),전라남도 나주시,다시면 회진리,126-40-16,34-59-56 ,-4.62, , , , ,8.16,N,[]
991,5004696,환경부,죽산보,전라남도 나주시,왕곡면 옥곡리 죽산교,126-38-08,34-58-19 ,0, , , , ,7.39,N,[]
992,5004698,환경부,죽산보(하류),전라남도 나주시,다시면 죽산리,126-37-24,34-58-10 ,0, , , , ,7.1,N,[]
993,5005650,환경부,함평군(나산교),전라남도 함평군,나산면 삼축리 나산교 하류,126-36-43,35-06-42 ,12.97, , , , ,5.33,N,[]
994,5005680,환경부,함평군(원고막교),전라남도 함평군,학교면 고막리 원고막교 상류,126-35-28,35-02-07 ,1.23, , , , ,6.24,N,[]
995,5006610,환경부,함평군(동강교),전라남도 함평군,학교면 곡창리 동강교 상류,126-32-44,34-59-03 ,-7.03, , , , ,11.93,N,[]
997,5006620,환경부,함평군(영수교),전라남도 함평군,함평읍 기각리 영수교 상류,126-31-22,35-03-58 ,4.41, , , , ,5.39,N,[]
998,5006621,한국농어촌공사,대동,전라남도 함평군,대동면 운교리 152,126-30-38,35-07-05 , , , , , , ,N,[]
999,5006630,환경부,함평군(학야교),전라남도 함평군,엄다면 학야리 학야교 하류,126-31-42,35-01-07 ,-.78, , , , ,7.12,N,[]
1000,5006670,환경부,무안군(몽탄대교),전라남도 무안군,몽탄면 몽강리 몽탄대교 상류,126-31-18,34-54-15 ,-6.86, , , , ,9.5,N,[]
1001,5007640,환경부,영암군(해창교),전라남도 영암군,덕진면 용산리 해창교,126-38-59,34-49-15 ,-2.86, , , , ,4.3,N,[]
1002,5008690,환경부,하구언(내),전라남도 영암군,삼호면 나불리 삼호대교,126-26-57,34-47-10 ,0, , , , ,1.64,N,[]
1003,5008695,환경부,하구언(외),전라남도 영암군,삼호면 나불리 하구언,126-26-57,34-47-10 ,0, , , , , ,N,[]
1004,5101620,한국수자원공사,장흥군(동산교),전라남도 장흥군,유치면 봉덕리 514,126-53-26,34-48-59 ,104.26, , , , , ,N,[]
1005,5101631,한국수자원공사,장흥군(장흥댐),전라남도 장흥군,부산면 지천리 133-1,126-53-07,34-45-02 ,0, , , , , ,N,[]
1006,5101650,환경부,장흥군(별천교),전라남도 장흥군,부산면 금자리 별천교 하류,126-54-22,34-43-53 ,30.09, , , , ,5.45,N,[]
1007,5101670,환경부,장흥군(예양교),전라남도 장흥군,장흥읍 예양리 197-1,126-54-11,34-40-29 ,14.974, ,3.5,4.5, ,5.24,Y,[]
1008,5101675,환경부,장흥군(감천교),전라남도 장흥군,장흥읍 순지리 감천교,126-53-12,34-39-44 ,10.73, , , , ,5.56,N,[]
1009,5101680,한국수자원공사,강진군(풍동리),전라남도 강진군,군동면 풍동리 1104,126-52-14,34-38-59 ,6.59, , , , , ,N,[]
1010,5101690,환경부,강진군(석교교),전라남도 강진군,군동면 석교리 석교교 상류,126-48-58,34-38-11 ,.31, , , , ,8.14,N,[]
1011,5301660,환경부,고창군(부정교),전라북도 고창군,아산면 계산리 부전교 (舊 계산),126-37-24,35-28-21 ,7.04, , , , ,4.86,N,[]
1012,5301690,환경부,고창군(용선교),전라북도 고창군,심원면 용기리 용선교 (舊 용선),126-35-42,35-31-46 ,-1.09, , , , ,6.45,N,[]
1013,5302620,환경부,영광군(반와교),전라남도 영광군,영광읍 양평리 반와교,126-30-26,35-18-59 ,2.85, , , , ,4.31,N,[]
1014,5302640,한국농어촌공사,불갑,전라남도 영광군,불갑면 녹산리 174-2,126-30-31,35-13-31 , , , , , , ,N,[]
1015,5302660,환경부,영광군(외간교),전라남도 영광군,군남면 동간리,126-27-58,35-14-56 ,3.37, , , , ,5.77,N,[]
1016,6001650,환경부,제주시(개롱이교),제주특별자치도 제주시 애월읍,금성리,126-18-03,33-26-12 ,16.685, , , , , ,N,[]
1017,6002670,환경부,제주시(제2동산교),제주특별자치도 제주시 오라일동, ,126-30-43,33-29-45 ,51.845, , , , , ,N,[]
1018,6003620,환경부,서귀포시(개끄리민교),제주특별자치도 서귀포시 안덕면,감산리,126-20-31,33-14-38 ,5.132, , , , , ,N,[]
1019,6004670,환경부,서귀포시(평화교),제주특별자치도 서귀포시 성산읍,신천리,126-50-48,33-20-33 ,13.477, , , , , ,N,[]
