rfobscd,agcnm,obsnm,addr,etcaddr,lon,lat,links,시도명,시군구명
10014010,환경부,평창군(월정분교),강원도 평창군,진부면 내동산길 4 진부초등학교 월정분교(폐교),128.5991666666667,37.70944444444445,[],강원도,평창군
10014020,환경부,정선군(정선군2청사),강원도 정선군,정선읍 녹송4길 71 정선군 제2청사,128.67361111111111,37.384166666666665,[],강원도,정선군
10014070,환경부,상원사,강원도 평창군 진부면,동산 오대산장,128.57944444444445,37.761944444444445,[],강원도,평창군
10014080,환경부,강릉시(대기리),강원도 강릉시,왕산면 대기리 922-1,128.7775,37.586111111111116,[],강원도,강릉시
10014090,환경부,정선군(고한읍사무소),강원도 정선군,고한읍 고한2길 1 고한읍행정복지센터,128.85166666666666,37.20416666666667,[],강원도,정선군
10014100,환경부,삼척시(번천리),강원도 삼척시,하장면 번천리 125-1,128.9972222222222,37.365833333333335,[],강원도,삼척시
10014110,한국수자원공사,평창군(상진부리),강원도 평창군,진부면 상진부리 42-4,128.57805555555555,37.65888888888889,[],강원도,평창군
10014120,한국수자원공사,평창군(수하리),강원도 평창군,도암면 수하리 142-1,128.70749999999998,37.659166666666664,[],강원도,평창군
10014130,한국수자원공사,정선군(여탄리),강원도 정선군,정선읍 애산3리250,128.69944444444445,37.38138888888889,[],강원도,정선군
10014140,한국수자원공사,정선군(송계리),강원도 정선군,임계면 송계1리 887-2,128.82,37.494166666666665,[],강원도,정선군
10014150,한국수자원공사,정선군(직전리),강원도 정선군,사북읍 직전리 산588-2,128.81944444444443,37.234722222222224,[],강원도,정선군
10014160,한국수자원공사,평창군(율치리),강원도 평창군,미탄면 율치리 산20-4,128.49249999999998,37.325,[],강원도,평창군
10014170,한국수자원공사,강릉시(대기리2),강원도 강릉시,왕산면 대기3리 산1656,128.74416666666664,37.573055555555555,[],강원도,강릉시
10014180,한국수자원공사,삼척시(광동리),강원도 삼척시,하장면 광동리 120,128.93666666666667,37.35,[],강원도,삼척시
10014190,한국수자원공사,삼척시(광동댐),강원도 삼척시,하장면 숙암리 산104,128.96694444444444,37.336666666666666,[],강원도,삼척시
10014197,한국수자원공사,태백시(상사미동),강원도 태백시,삼수동 2통 1반,128.99166666666665,37.280277777777776,[],강원도,태백시
10014200,한국수자원공사,평창군(회동리),강원도 평창군,미탄면 회동리 619,128.48722222222221,37.36416666666667,[],강원도,평창군
10014210,한국수자원공사,평창군(수항리),강원도 평창군,진부면 수항리 96-1,128.5675,37.56111111111111,[],강원도,평창군
10014220,한국수자원공사,정선군(문곡리),강원도 정선군,남면 문곡리 273-2,128.6786111111111,37.26833333333333,[],강원도,정선군
10014230,한국수자원공사,정선군(유천리),강원도 정선군 여량면,노추산로 205,128.72861111111112,37.48722222222222,[],강원도,정선군
10014240,한국수자원공사,정선군(덕암리),강원도 정선군,임계면 덕암리 305-3,128.83416666666668,37.35722222222223,[],강원도,정선군
10014250,한국수자원공사,원동,강원도 태백시,원동 41번지,128.9636111111111,37.264722222222225,[],강원도,태백시
10014260,한국수력원자력,송천1교,강원도 평창군,대관령면 횡계리,128.7097222222222,37.668055555555554,[],강원도,평창군
10024010,환경부,평창군(가평초교),강원도 평창군,대화면 가평로 400 가평초등학교,128.48250000000002,37.447222222222216,[],강원도,평창군
10024060,환경부,평창군(방림면사무소),강원도 평창군,방림면 서동로 1337 방림면사무소,128.39416666666665,37.42638888888889,[],강원도,평창군
10024070,환경부,대화,강원도 평창군 대화면,대화410-5(대화면사무소),128.46027777777778,37.49805555555556,[],강원도,평창군
10024080,환경부,계촌,강원도 평창군 방림면,계촌4 계촌초교,128.30694444444447,37.45,[],강원도,평창군
10024090,환경부,평창군(흥정리),강원도 평창군,봉평면 흥정리계곡4길 61-4,128.31694444444443,37.651111111111106,[],강원도,평창군
10024100,환경부,평창군(계촌리),강원도 평창군,방림면 고원로 1249 (구)헴프전시체험실,128.34555555555556,37.45416666666667,[],강원도,평창군
10024110,환경부,평창군(유포리),강원도 평창군,봉평면 유포리 597-10,128.37722222222223,37.525555555555556,[],강원도,평창군
10024120,환경부,평창군(유포리2),강원도 평창군,봉평면 금당계곡로 1761 (구)등매비룡수련원,128.39333333333332,37.55166666666666,[],강원도,평창군
10024130,환경부,평창군(도사리),강원도 평창군,용평면 도사리 332-1,128.43916666666667,37.61055555555556,[],강원도,평창군
10024140,환경부,평창군(고길리),강원도 평창군,평창읍 고길리 산1-2,128.4561111111111,37.40472222222222,[],강원도,평창군
10024150,환경부,평창군(신리),강원도 평창군,대화면 신리 597-8 송빈공원,128.45694444444445,37.53444444444444,[],강원도,평창군
10024160,환경부,평창군(이승복기념관),강원도 평창군,용평면 운두령로 500-11 이승복기념관,128.46277777777777,37.674166666666665,[],강원도,평창군
10024170,한국수자원공사,영월군(무릉리),강원도 영월군,수주면 무릉리 210,128.28916666666666,37.28527777777778,[],강원도,영월군
10024180,한국수자원공사,평창군(계촌리2),강원도 평창군,방림면 계촌리 582-1,128.29833333333332,37.44361111111111,[],강원도,평창군
10024190,한국수자원공사,평창군(원길리),강원도 평창군,봉평면 원길 2리 417-2 번지,128.35833333333332,37.62166666666667,[],강원도,평창군
10024200,한국수자원공사,평창군(후평리),강원도 평창군,평창읍 후평리 725,128.38916666666665,37.375,[],강원도,평창군
10024210,한국수자원공사,평창군(대화리),강원도 평창군,대화면 대화리 산70,128.45749999999998,37.49027777777778,[],강원도,평창군
10024220,한국수자원공사,영월군(북쌍리),강원도 영월군,남면 북상리 252-1,128.4113888888889,37.19138888888889,[],강원도,영월군
10024230,한국수자원공사,횡성군(부곡리),강원도 횡성군,안흥면 부곡2 793,128.08138888888888,37.32555555555556,[],강원도,횡성군
10024240,한국수자원공사,원주시(황둔리),강원도 원주시,신림면 황둔리 1558-8,128.1447222222222,37.24805555555556,[],강원도,원주시
10024250,한국수자원공사,횡성군(상안리),강원도 횡성군,안흥면 상안리 733-2,128.19194444444446,37.409166666666664,[],강원도,횡성군
10024260,한국수자원공사,영월군(연덕리),강원도 영월군,북면 연덕리 산222-1,128.42444444444445,37.27972222222222,[],강원도,영월군
10034050,환경부,단양군(영춘중교),충청북도 단양군,영춘면 온달평강로 105 영춘중학교,128.48416666666665,37.08222222222223,[],충청북도,단양군
10034060,환경부,제천시(덕주휴게소),충청북도 제천시,한수면 송계리 1149 덕주휴게소,128.08861111111113,36.86361111111111,[],충청북도,제천시
10034070,환경부,단양군(올산리),충청북도 단양군,대강면 올산리 159-2,128.37222222222223,36.84,[],충청북도,단양군
10034080,한국수자원공사,제천시(평동리),충청북도 제천시,백운면 평동리 229-1,128.02472222222224,37.13611111111111,[],충청북도,제천시
10034090,한국수자원공사,제천시(물태리),충청북도 제천시,청풍면 물태리 산 8-2,128.17249999999999,36.993611111111115,[],충청북도,제천시
10034100,한국수자원공사,단양군(하방리),충청북도 단양군,단성면 하방리 산15-2,128.32694444444445,36.93888888888888,[],충청북도,단양군
10034110,한국수자원공사,단양군(오사리),충청북도 단양군,영춘면 오사리 36,128.51277777777779,37.09583333333334,[],충청북도,단양군
10034120,한국수자원공사,영월군(주문리),강원도 영월군,하동면 주문리 166-3,128.61694444444444,37.13638888888889,[],강원도,영월군
10034130,한국수자원공사,충주시(충주댐),충청북도 충주시,동량면 조동리 산 180-4,127.99694444444445,37.00416666666667,[],충청북도,충주시
10034140,한국수자원공사,단양군(가평리),충청북도 단양군 매포읍, 가평리 142-7,128.2861111111111,37.06888888888889,[],충청북도,단양군
10034150,한국수자원공사,제천시(삼거리),충청북도 제천시,봉양읍 삼거리 220-1,128.13777777777776,37.084722222222226,[],충청북도,제천시
10034160,한국수자원공사,제천시(도전리),충청북도 제천시,덕산면 도전리 907-9,128.15944444444446,36.89805555555556,[],충청북도,제천시
10034170,한국수자원공사,단양군(율곡리),충청북도 단양군,어상천면 율곡리 220,128.3836111111111,37.05694444444444,[],충청북도,단양군
10034180,한국수자원공사,영월군(내리),강원도 영월군,하동면 내리 산279-3,128.7097222222222,37.0925,[],강원도,영월군
10044010,환경부,괴산군(청천면사무소),충청북도 괴산군,청천면 괴산로 1342-1 청천면사무소,127.7375,36.660555555555554,[],충청북도,괴산군
10044020,환경부,충주시(수안보면사무소),충청북도 충주시,수안보면 관동길 9-9 수안보행정복지센터,127.99472222222222,36.84722222222222,[],충청북도,충주시
10044030,환경부,괴산군(연풍초교),충청북도 괴산군,연풍면 중앙로 53 연풍초등학교,127.9975,36.761944444444445,[],충청북도,괴산군
10044040,기타,갈계,경상남도 거창군,북상면    갈계리    북상면사무소,127.81666666666666,36.766666666666666,[],경상남도,거창군
10044060,환경부,보은군(법주분교),충청북도 보은군,속리산면 속리산로 743 수정초등학교 법주분교(폐교),127.80638888888889,36.51027777777778,[],충청북도,보은군
10044080,환경부,상주시(입석분교),경상북도 상주시,화북면 문장로 2645 화북초등학교 입석분교,127.88611111111112,36.63805555555555,[],경상북도,상주시
10044090,환경부,보은군(법주사),충청북도 보은군,속리산면 법주사로 421 법주사,127.8325,36.54083333333333,[],충청북도,보은군
10044100,한국수자원공사,괴산군(고마리),충청북도 괴산군,소수면 고마리 전339-1,127.7363888888889,36.815555555555555,[],충청북도,괴산군
10044110,환경부,청주시(성대리),충청북도 청주시,상당구 미원면 성대리 596-29,127.65833333333335,36.617222222222225,[],충청북도,청주시
10044120,한국수자원공사,충주시(대곡리),충청북도 충주시,주덕읍 대곡리 45,127.76305555555555,36.959722222222226,[],충청북도,충주시
10044130,한국수자원공사,충주시(향산리),충청북도 충주시,살미면 향산리 산20-1,127.79305555555555,36.80777777777777,[],충청북도,충주시
10044140,한국수자원공사,괴산군(오가리),충청북도 괴산군,장연면 오가리 641-10,127.95361111111112,36.81027777777778,[],충청북도,괴산군
10044150,환경부,음성군(음성고교),충청북도 음성군,음성읍 중앙로 109-16 음성고등학교,127.68611111111112,36.93416666666666,[],충청북도,음성군
10044160,환경부,괴산군(송면중교),충청북도 괴산군,청천면 문장로 2915 송면중학교,127.87472222222222,36.66,[],충청북도,괴산군
10044170,환경부,괴산군(문당리),충청북도 괴산군,청안면 문당리 932-2,127.6713888888889,36.74138888888889,[],충청북도,괴산군
10044180,환경부,보은군(탁주리),충청북도 보은군,산외면 탁주리105-2,127.74888888888889,36.569722222222225,[],충청북도,보은군
10044182,한국수력원자력,괴산댐,충청북도 괴산군,칠성면 산막이옛길 43,127.84305555555555,36.759166666666665,[],충청북도,괴산군
10044270,한국수력원자력,송면,충청북도 괴산군,청천면 송면리 116-2 (송면초등학교 뒤 아람슈퍼 건물 옥상),127.86388888888888,36.67111111111111,[],충청북도,괴산군
10044280,한국수력원자력,미원,충청북도 청원군,미원면 미원리 403-4 (미원시외버스터미널에서 보은방향으로 800m지점 첫번째 주택 옥상),127.66000000000001,36.62277777777778,[],충청북도,청원군
10044282,한국수력원자력,내속리,충청북도 보은군,속리산면 상판리 (속리중학교속리중학교 표지판이 있는 집 옥상),127.8111111111111,36.510555555555555,[],충청북도,보은군
10044284,한국수력원자력,압항천,충청북도 괴산군,청안면 부흥리 190-4 (부흥차부하이퍼 건물 옥상에 위치),127.73222222222222,36.70277777777778,[],충청북도,괴산군
10044285,한국수력원자력,고성교,충청북도 괴산군 청천면,고성리 575,127.76333333333334,36.66611111111111,[],충청북도,괴산군
10044286,한국수력원자력,후영교,충청북도 괴산군 청천면,후영리 499,127.81222222222222,36.70472222222222,[],충청북도,괴산군
10054010,환경부,원주시(법천교),강원도 원주시,부론면 법천리 법천교,127.75416666666666,37.20444444444445,[],강원도,원주시
10054020,환경부,충주시(엄정면사무소),충청북도 충주시,엄정면 내창로 185 엄정면행정복지센터,127.915,37.08638888888889,[],충청북도,충주시
10054030,환경부,충주시(용대리),충청북도 충주시,앙성면 용대리 485-1,127.75166666666667,37.08694444444445,[],충청북도,충주시
10064010,환경부,원주,강원도 원주시, ,127.95,37.35,[],강원도,원주시
10064020,환경부,횡성군(횡성군청),강원도 횡성군,횡성읍 태기로 15 횡성군청,127.985,37.492222222222225,[],강원도,횡성군
10064030,환경부,양평군(양동주민자치센터),경기도 양평군,양동면 학둔지아래길 24 양동주민자치센터,127.75138888888888,37.42444444444444,[],경기도,양평군
10064040,환경부,횡성군(청일면사무소),강원도 횡성군,청일면 유동로 17 청일면행정복지센터,128.15027777777777,37.58388888888889,[],강원도,횡성군
10064050,환경부,원주시(지정면사무소),강원도 원주시,지정면 간현로 126 지정면사무소,127.83972222222222,37.36222222222222,[],강원도,원주시
10064060,환경부,원주시(문막교),강원도 원주시,문막읍 문막리 문막교,127.81027777777777,37.305,[],강원도,원주시
10064070,환경부,원주시(서곡초교),강원도 원주시,판부면 용수골길 159 서곡초등학교,127.93944444444445,37.29833333333333,[],강원도,원주시
10064080,환경부,횡성군(우항리),강원도 횡성군,우천면 우항리 658-3,128.0652777777778,37.461666666666666,[],강원도,횡성군
10064090,환경부,원주시(흥양초교),강원도 원주시,소초면 하초구길 6 흥양초등학교,127.99777777777778,37.38055555555555,[],강원도,원주시
10064100,한국수자원공사,횡성군(춘당리),강원도 횡성군,청일면 춘당2리 653,128.15166666666667,37.60611111111111,[],강원도,횡성군
10064110,한국수자원공사,횡성군(갑천리),강원도 횡성군,청일면 갑천리 303-1,128.18416666666667,37.57138888888889,[],강원도,횡성군
10064120,한국수자원공사,횡성군(횡성댐),강원도 횡성군,갑천면 대관대리 산37번지,128.0338888888889,37.544444444444444,[],강원도,횡성군
10074010,환경부,양평군(양평교),경기도 양평군,양평읍 양근리 양평대교,127.49,37.48638888888889,[],경기도,양평군
10074020,환경부,장호원,경기도 이천군 장호원읍,창전리 읍사무소,127.61666666666666,37.016666666666666,[],경기도,이천군
10074030,환경부,여주시(여주대교),경기도 여주시,상동 여주대교,127.64805555555556,37.29555555555555,[],경기도,여주시
10074040,환경부,양평군(청운면사무소),경기도 양평군,청운면 용두로 170 청운면사무소,127.71055555555556,37.55638888888888,[],경기도,양평군
10074050,환경부,음성군(생극면사무소),충청북도 음성군,생극면 음성로 1646 생극면행정복지센터,127.60694444444444,37.034166666666664,[],충청북도,음성군
10074060,환경부,이천시(이천남초교),경기도 이천시,경충대로 2614번길 32 이천남초등학교,127.44472222222223,37.27638888888889,[],경기도,이천시
10074070,환경부,여주시(금당초교),경기도 여주시,가남읍 가남로 649 금당초등학교,127.60527777777777,37.1975,[],경기도,여주시
10074080,환경부,안성시(삼죽초교),경기도 안성시,삼죽면 삼죽초교길 20 삼죽초등학교,127.37444444444444,37.07666666666667,[],경기도,안성시
10074090,환경부,이천시(장천초교),경기도 이천시,설성면 설성로 164-25 장천초등학교,127.5275,37.145833333333336,[],경기도,이천시
10074100,환경부,여주시(주암리),경기도 여주시,북내면 주암길225-3 (구)주암분교,127.67944444444444,37.39722222222222,[],경기도,여주시
10074110,환경부,광주시(검천리),경기도 광주시,남종면 검천리362,127.34222222222222,37.530833333333334,[],경기도,광주시
10074120,환경부,여주시(상품중교),경기도 여주시,산북면 상품1길 28 상품중학교,127.43944444444445,37.401944444444446,[],경기도,여주시
10074170,한국수력원자력,흑천,경기도 양평군,양평읍 원덕리,127.54305555555555,37.46416666666667,[],경기도,양평군
10074175,한국수력원자력,남한강,경기도 여주군,강천면 이호리,127.68666666666667,37.183055555555555,[],경기도,여주군
10094010,한국수자원공사,화천군(평화의댐),강원도 화천군,화천읍 동촌리,127.84833333333333,38.20944444444445,[],강원도,화천군
10094020,한국수자원공사,화천군(풍산리),강원도 화천군 화천읍,풍산리 산 268,127.81388888888888,38.28527777777778,[],강원도,화천군
10104010,환경부,화천군(화천군청),강원도 화천군,화천읍 화천새싹길 45 화천군청,127.70833333333334,38.10583333333334,[],강원도,화천군
10104020,환경부,화천군(다목초교),강원도 화천군,상서면 다파로 9-4 다목초등학교,127.53611111111111,38.17583333333333,[],강원도,화천군
10104030,환경부,양구군(방산초교),강원도 양구군,방산면 평화로 5121-7 방산초등학교,127.94305555555556,38.21027777777778,[],강원도,양구군
10104040,환경부,화천군(명월리),강원도 화천군,사내면 명월리 221-2,127.53083333333333,38.125277777777775,[],강원도,화천군
10104048,한국수력원자력,화천댐,강원도 화천군,간동면 어룡동길 42,127.7611111111111,38.09861111111111,[],강원도,화천군
10104050,환경부,화천군(화천댐),강원도 화천군,간동면 구만리 화천댐,127.77722222222222,38.1175,[],강원도,화천군
10104060,환경부,양구군(금악리),강원도 양구군,방산면 금악리 484-4,127.93138888888889,38.19333333333333,[],강원도,양구군
10104070,환경부,춘천시(지촌초교),강원도 춘천시,사북면 지촌길 130 지촌초등학교,127.64527777777778,38.0375,[],강원도,춘천시
10104080,환경부,화천군(상승초교),강원도 화천군,상서면 평촌길 126-30 상승초등학교,127.64944444444446,38.158055555555556,[],강원도,화천군
10104082,한국수력원자력,춘천댐,강원도 춘천시,신북읍 영서로 3741,127.66944444444445,37.967222222222226,[],강원도,춘천시
10104170,한국수력원자력,수입천,강원도 양구군,방산면 오미리,127.90138888888889,38.183055555555555,[],강원도,양구군
10104171,한국수력원자력,양구서천,강원도 양구군,양구읍 하리,127.98416666666667,38.10777777777778,[],강원도,양구군
10104172,한국수력원자력,용신교, ,강원도 화천군 화천읍 상리,127.70444444444445,38.10888888888889,[],,
10104173,한국수력원자력,지촌천,강원도 춘천시,사북면 지촌리,127.63694444444445,38.10888888888889,[],강원도,춘천시
10104174,한국수력원자력,약수교,강원도 양구군 동면,후곡리 699 약수교,128.04305555555555,38.1675,[],강원도,양구군
10114020,환경부,용대,강원도 인제군 북면,용대2통1반1106(용대초교),128.33083333333332,38.19305555555555,[],강원도,인제군
10114030,한국수자원공사,인제군(서성초교),강원도 인제군,서화면 금강로 1801-42 서성초등학교,128.21027777777778,38.26,[],강원도,인제군
10114040,한국수자원공사,인제군(한계초교),강원도 인제군,북면 한계리 1044 한계초교,128.2577777777778,38.14111111111111,[],강원도,인제군
10114050,환경부,인제군(백담산장),강원도 인제군,북면 백담로 805 백담산장,128.3752777777778,38.15972222222222,[],강원도,인제군
10114060,환경부,장수대,강원도 인제군 북면,한계3 장수대관리소,128.3438888888889,38.11694444444444,[],강원도,인제군
10114070,한국수자원공사,인제군(덕적리),강원도 인제군,인제읍 덕적리 73-1,128.2863888888889,38.07166666666667,[],강원도,인제군
10114080,한국수자원공사,인제군(용대초교),강원도 인제군,북면 용대리 1025-1 용대초교,128.32972222222222,38.19555555555555,[],강원도,인제군
10124020,환경부,인제군(신남중교),강원도 인제군,남면 신남로 47-35 신남중학교,128.08055555555555,37.971111111111114,[],강원도,인제군
10124050,한국수자원공사,춘천시(추곡초교),강원도 춘천시 북산면,추곡리 562,127.88361111111112,38.02222222222222,[],강원도,춘천시
10124060,한국수자원공사,인제군(남전리),강원도 인제군 남면,남전리 549-3,128.14638888888888,38.03361111111111,[],강원도,인제군
10124080,한국수자원공사,인제군(현리),강원도 인제군,기린면 현리 46-2,128.3361111111111,37.94611111111111,[],강원도,인제군
10124090,한국수자원공사,홍천군(창촌리),강원도 홍천군,내면 창촌리 1733-1,128.38111111111112,37.76583333333333,[],강원도,홍천군
10124110,환경부,인제군(진동리),강원도 인제군,기린면 진동리 649-1,128.4127777777778,37.964444444444446,[],강원도,인제군
10124120,환경부,홍천군(명개리),강원도 홍천군,내면 명개리 163-3,128.50333333333333,37.85,[],강원도,홍천군
10124130,한국수자원공사,인제군(신남리),강원도 인제군,남면 신남리 508-5,128.07583333333332,37.967222222222226,[],강원도,인제군
10124140,한국수자원공사,인제군(상남초교),강원도 인제군,상남면 상남리 107 상남초교,128.26194444444445,37.873333333333335,[],강원도,인제군
10124150,한국수자원공사,인제군(귀둔리),강원도 인제군,인제읍 귀둔리 34-1,128.39416666666665,38.01138888888889,[],강원도,인제군
10124160,한국수자원공사,홍천군(명개리2),강원도 홍천군,내면 명개리 162-1,128.50861111111112,37.84777777777778,[],강원도,홍천군
10124170,환경부,춘천시(천전리),강원도 춘천시,신북읍 천전리61-20,127.78972222222222,37.930277777777775,[],강원도,춘천시
10124175,한국수력원자력,지내천,강원도 춘천시,동면 지내리 양정교,127.78166666666667,37.92194444444444,[],강원도,춘천시
10124180,한국수자원공사,춘천시(소양강댐),강원도 춘천시 신북읍,천전리 산4,127.825,37.939166666666665,[],강원도,춘천시
10134010,환경부,춘천시(소양2교),강원도 춘천시,근화동 소양2교,127.7225,37.893055555555556,[],강원도,춘천시
10134020,환경부,가평군(가평교),경기도 가평군,가평읍 읍내리 가평교,127.51805555555555,37.831388888888895,[],경기도,가평군
10134030,환경부,가평군(화악교),경기도 가평군,북면 소법리 화악교,127.56611111111111,37.921388888888885,[],경기도,가평군
10134032,한국수력원자력,의암댐,강원도 춘천시,신동면 옛경춘로 62-15,127.67750000000001,37.83583333333333,[],강원도,춘천시
10134045,한국수력원자력,목동교,경기도 가평군,북면목동리,127.54833333333333,37.88305555555556,[],경기도,가평군
10134140,한국수력원자력,가평천,경기도 가평군,북면 개곡리,127.52777777777777,37.874722222222225,[],경기도,가평군
10144010,환경부,홍천군(홍천농고),강원도 홍천군,홍천읍 홍천로 678-15 홍천농업고등학교,127.91000000000001,37.70611111111111,[],강원도,홍천군
10144020,환경부,홍천군(서석면사무소),강원도 홍천군,서석면 풍암길 10 서석면사무소,128.1863888888889,37.71361111111111,[],강원도,홍천군
10144030,환경부,두촌2,강원도 홍천군 두촌면,자은1리 869-2(두촌면사무소),128.0211111111111,37.86555555555556,[],강원도,홍천군
10144040,환경부,홍천군(내촌면사무소),강원도 홍천군,내촌면 내촌길 27 내촌면사무소,128.08694444444444,37.81638888888889,[],강원도,홍천군
10144050,환경부,홍천군(반곡교),강원도 홍천군,서면 반곡리 반곡교,127.67055555555557,37.69361111111111,[],강원도,홍천군
10144060,환경부,홍천군(매산초교),강원도 홍천군,남면 시동안로 351 매산초등학교,127.84527777777777,37.59111111111111,[],강원도,홍천군
10144070,환경부,홍천군(삼포초교),강원도 홍천군,화촌면 구룡령로 339 삼포초등학교,127.97638888888889,37.756388888888885,[],강원도,홍천군
10144080,환경부,홍천군(노천초교),강원도 홍천군,동면 공작산로 1220 노천초등학교,128.015,37.668055555555554,[],강원도,홍천군
10144090,환경부,홍천군(북방리),강원도 홍천군,북방면 북방리 826,127.84944444444444,37.815555555555555,[],강원도,홍천군
10144100,환경부,홍천군(두촌중교),강원도 홍천군,두촌면 증골길 61 두촌중학교,128.02611111111113,37.871944444444445,[],강원도,홍천군
10144165,한국수력원자력,홍천강(성포교),강원도 홍천군,화촌면 성산리,127.97416666666666,37.763333333333335,[],강원도,홍천군
10144170,한국수력원자력,홍천강(남산교),강원도 홍천군,홍천읍 희망리,127.88972222222223,37.69444444444444,[],강원도,홍천군
10144172,한국수력원자력,화천천,강원도 화천군,화천읍 상리,127.70444444444445,38.10888888888889,[],강원도,화천군
10144180,한국수력원자력,홍천강(한덕교),강원도 홍천군,서면 모곡리,127.61333333333333,37.67222222222222,[],강원도,홍천군
10154010,환경부,가평군(하면사무소),경기도 가평군,조종면 조종내길 71 조종면행정복지센터,127.3536111111111,37.81777777777778,[],경기도,가평군
10154020,환경부,가평군(신청평대교),경기도 가평군,청평면 삼회리 산90 신청평대교인근,127.41027777777778,37.71805555555556,[],경기도,가평군
10154030,환경부,가평군(중미산),경기도 가평군,설악면 가일리 산 65-37 중미산고개,127.47722222222222,37.59277777777778,[],경기도,가평군
10154032,한국수력원자력,청평댐,경기도 가평군,설악면 유명로 2630,127.42055555555557,37.72277777777778,[],경기도,가평군
10154035,한국수력원자력,산장제1교,경기도 가평군,상면덕현리,127.41027777777778,37.755,[],경기도,가평군
10164010,환경부,광주시(광주시청),경기도 광주시,행정타운로 50 광주시청,127.25472222222223,37.42944444444444,[],경기도,광주시
10164020,환경부,광주시(남한산초교),경기도 광주시,중부면 남한산성로 770 남한산초등학교,127.18555555555555,37.47833333333333,[],경기도,광주시
10164030,환경부,용인시(포곡초교),경기도 용인시,처인구 포곡읍 부곡로 24 포곡초등학교,127.21972222222223,37.28111111111111,[],경기도,용인시
10164040,환경부,용인시(운학초교),경기도 용인시,처인구 동부로 465번길 7 운학초등학교,127.24527777777777,37.20277777777778,[],경기도,용인시
10164050,환경부,용인시(모현면사무소),경기도 용인시,처인구 모현면 독점로 31-6 모현읍행정복지센터,127.24277777777777,37.330000000000005,[],경기도,용인시
10164060,환경부,용인시(용동중교),경기도 용인시,처인구 양지면 남곡로 26 용동중학교,127.28388888888888,37.231388888888894,[],경기도,용인시
10164070,환경부,용인시(역삼동주민센터),경기도 용인시,처인구 명지로 16 역삼동행정복지센터,127.18833333333333,37.23444444444444,[],경기도,용인시
10164075,한국수력원자력,경안교,경기도 광주시 ,오포읍양벌리,127.25166666666667,37.3925,[],경기도,광주시
10164080,환경부,광주시(경안교),경기도 광주시,쌍령동 경안교,127.26305555555555,37.406666666666666,[],경기도,광주시
10174020,환경부,남양주시(팔당댐),경기도 남양주시,조안면 다산로 320 팔당댐,127.28333333333333,37.52722222222222,[],경기도,남양주시
10184010,환경부,의정부시(중앙초교),경기도 의정부시,호국로 1291번길 17 중앙초등학교,127.04638888888888,37.74472222222222,[],경기도,의정부시
10184020,환경부,포천시(내촌면사무소),경기도 포천시,내촌면 내촌로 70 내촌면행정복지센터,127.22833333333334,37.78611111111111,[],경기도,포천시
10184030,환경부,남면,경기도 군포시 군포2동,군포초교,126.94416666666667,37.344722222222224,[],경기도,군포시
10184040,환경부,성남시(한국학중앙연구원),경기도 성남시,분당구 하오개로 323 한국학중앙연구원,127.05083333333333,37.39277777777778,[],경기도,성남시
10184050,환경부,고안(등록문화재),경기도 남양주시 조안면,능내리 825,127.25,37.541666666666664,[],경기도,남양주시
10184060,환경부,남양주시(금곡초교),경기도 남양주시,경춘로 995번길 7 금곡초등학교,127.21138888888889,37.63583333333333,[],경기도,남양주시
10184070,환경부,서울,서울특별시 서대문구, ,126.96666666666667,37.53333333333333,[],서울특별시,서대문구
10184080,환경부,서울시(구로구청),서울특별시 구로구,가마산로 245 구로구청,126.8863888888889,37.495,[],서울특별시,구로구
10184090,환경부,안양시(충훈1교),경기도 안양시,만안구 박달동 충훈1교,126.90305555555557,37.40472222222222,[],경기도,안양시
10184100,환경부,서울시(대곡교),서울특별시,강남구 세곡동 대곡교,127.12249999999999,37.46888888888889,[],서울특별시,
10184110,환경부,남양주시(진관교),경기도 남양주시,퇴계원면 퇴계원리 진관교,127.15194444444445,37.65,[],경기도,남양주시
10184120,환경부,포천시(진목리),경기도 포천시,내촌면 진목리 638-3,127.21138888888889,37.79111111111111,[],경기도,포천시
10184125,환경부,의정부시(도봉차량기지),경기도 의정부시,장암동 163-3 도봉차량기지,127.05194444444444,37.7025,[],경기도,의정부시
10184130,환경부,성남시(대장동),경기도 성남시,분당구 대장동 310,127.06972222222223,37.36,[],경기도,성남시
10184140,환경부,서울시(송정동),서울특별시 성동구,송정동 75-30,127.05555555555556,37.55222222222222,[],서울특별시,성동구
10184150,환경부,과천시(한국수자원공사),경기도 과천시,교육원로 11 한국수자원공사 수도권지역본부,126.98722222222223,37.42361111111111,[],경기도,과천시
10184160,환경부,부천시(부안초교),경기도 부천시,소사구 경인로 484번길 75 부안초등학교,126.81166666666667,37.480000000000004,[],경기도,부천시
10184170,환경부,군포시(군포1동주민센터),경기도 군포시,군포로 531 군포1동 행정복지센터,126.94555555555556,37.35388888888889,[],경기도,군포시
10184180,환경부,성남시(성남북초교),경기도 성남시,수정구 희망로 534번길 3 성남북초등학교,127.15111111111112,37.45138888888889,[],경기도,성남시
10184190,환경부,서울시(동막골주차장),서울특별시 노원구,덕릉로 897 동막골 주차장,127.08583333333333,37.67472222222222,[],서울특별시,노원구
10184200,환경부,서울시(월계2교),서울특별시 노원구,월계동 월계2교,127.05,37.62416666666667,[],서울특별시,노원구
10184210,환경부,의왕시(포일동),경기도 의왕시,포일동 157,126.98805555555556,37.388888888888886,[],경기도,의왕시
10184220,환경부,남양주시(진접읍사무소),경기도 남양주시,진접읍 금강로 1509-26 진접읍행정복지센터,127.19,37.726111111111116,[],경기도,남양주시
10184230,환경부,성남시(구미초교),경기도 성남시,분당구 미금로 22번길 25 구미초등학교,127.11777777777777,37.33777777777778,[],경기도,성남시
10184232,한국수력원자력,팔당댐,경기도 남양주시,조안면 다산로 320,127.28333333333333,37.52722222222222,[],경기도,남양주시
10194010,환경부,김포시(김포시청),경기도 김포시,사우중로 1 김포시청,126.71555555555555,37.61527777777778,[],경기도,김포시
10194020,한국수자원공사,귤현보,인천광역시 계양구 귤현동,59-9,126.76722222222222,37.56916666666667,[],인천광역시,계양구
10194030,한국수자원공사,아라김포TM,서울특별시 강서구 개화동,22-3,126.79916666666666,37.6,[],서울특별시,강서구
10204010,환경부,연천군(고문분교),경기도 연천군,연천읍 현문로 459 고문분교,127.11305555555555,38.06527777777777,[],경기도,연천군
10204020,환경부,연천군(상리초교),경기도 연천군,연천읍 상리로 70 상리초등학교,127.07527777777777,38.13527777777778,[],경기도,연천군
10214010,환경부,연천군(임진교),경기도 연천군,군남면 진상리 임진교,127.0175,38.05638888888888,[],경기도,연천군
10214020,한국수자원공사,연천군(횡산리),경기도 연천군 중면,횡산리 238,126.98666666666666,38.11638888888889,[],경기도,연천군
10214030,한국수자원공사,연천군(군남댐),경기도 연천군 군남면,선곡리 627-2,127.02111111111111,38.103611111111114,[],경기도,연천군
10224010,환경부,포천시(용담교),경기도 포천시,영북면 자일리 용담교,127.27194444444444,38.12388888888889,[],경기도,포천시
10224020,환경부,포천시(영송리),경기도 포천시,영중면 영송리 549-6,127.21638888888889,38.00944444444445,[],경기도,포천시
10224030,환경부,철원군(청양리),강원도 철원군,김화읍 청양로 320 홍천국토관리사무소 건물,127.37277777777777,38.2425,[],강원도,철원군
10224040,환경부,포천시(포천노곡초교),경기도 포천시,이동면 성장로 869번길 4 포천노곡초등학교,127.33611111111111,38.00805555555556,[],경기도,포천시
10224050,환경부,양주시(봉암초교),경기도 양주시,은현면 삼육사로 473 봉암초등학교,127.00583333333333,37.91083333333333,[],경기도,양주시
10224060,환경부,포천시(포천삼정초교),경기도 포천시,신북면 청신로 947번길 17 삼정초등학교,127.13138888888888,37.96388888888889,[],경기도,포천시
10224070,환경부,포천시(송우초교),경기도 포천시,소홀읍 송우로 42 송우초등학교,127.14361111111111,37.830000000000005,[],경기도,포천시
10224080,환경부,철원군(오덕초교),강원도 철원군,동송읍 오덕로 159 오덕초등학교,127.23361111111112,38.223888888888894,[],강원도,철원군
10224090,환경부,포천시(화현초교),경기도 포천시,화현면 달인동로1길 29 화현초등학교,127.28527777777778,37.90222222222222,[],경기도,포천시
10224100,환경부,철원군(서면초교),강원도 철원군,서면 자등로 634 서면초등학교,127.41694444444445,38.16916666666666,[],강원도,철원군
10234010,환경부,파주시(통일대교),경기도 파주시,문산읍 마정리 통일대교,126.74166666666667,37.904444444444444,[],경기도,파주시
10234020,환경부,파주시(법원리),경기도 파주시,법원읍 술이홀로 970-9 법원읍행정복지센터,126.88,37.85666666666667,[],경기도,파주시
10234030,환경부,파주시(신산초교),경기도 파주시,광탄면 심궁로 13 신산초등학교,126.85194444444444,37.78055555555555,[],경기도,파주시
10234040,환경부,파주시(용연초교),경기도 파주시,파평면 청송로 402번길 31 용연초등학교,126.85777777777777,37.92861111111111,[],경기도,파주시
11014010,환경부,평택시(진위면사무소),경기도 평택시,진위면 봉남길 61 진위면행정복지센터,127.09055555555555,37.1,[],경기도,평택시
11014020,환경부,안성시(안성시청),경기도 안성시,시청길 25 안성시청,127.2786111111111,37.00805555555556,[],경기도,안성시
11014030,환경부,용인시(원삼면사무소),경기도 용인시,처인구 원삼면 원양로 64 원삼면행정복지센터,127.31277777777777,37.16611111111111,[],경기도,용인시
11014040,환경부,화성시(양감면사무소),경기도 화성시,양감면 초록로 7 양감행정복지센터,126.94611111111111,37.0825,[],경기도,화성시
11014050,환경부,천안시(대홍초교),충청남도 천안시,서북구 성환읍 잠실길 4 대흥초등학교,127.14833333333334,36.94972222222222,[],충청남도,천안시
11014060,환경부,화성시(수원대학교),경기도 화성시,봉담읍 와우안길 17 수원대학교(IT대학),126.97500000000001,37.21,[],경기도,화성시
11014070,환경부,평택시(회화리),경기도 평택시,서탄면 회화리 388,127.02888888888889,37.096111111111114,[],경기도,평택시
11014080,환경부,평택시(군문교),경기도 평택시,군문동 군문교,127.08,36.98361111111111,[],경기도,평택시
11014090,환경부,용인시(신갈저수지),경기도 용인시,기흥구 고매동 산 87-1 신갈저수지 제방,127.09388888888888,37.226111111111116,[],경기도,용인시
11014100,환경부,용인시(이동면사무소),경기도 용인시,처인구 이동면 경기동로 673 이동읍행정복지센터,127.19611111111111,37.14111111111111,[],경기도,용인시
11014110,환경부,천안시(성거읍사무소),충청남도 천안시,서북구 성거읍 봉주로 469 성거읍행정복지센터,127.19916666666667,36.878055555555555,[],충청남도,천안시
11014120,환경부,안성시(삼암리),경기도 안성시,양성면 삼암리 195-5,127.20361111111112,37.02916666666667,[],경기도,안성시
11014130,환경부,안성시(안성서운중교),경기도 안성시,서운면 바우덕이로 2 안성서운중학교,127.26305555555555,36.94472222222222,[],경기도,안성시
11014140,환경부,파주시(적암초교),경기도 파주시,적성면 율곡로 3042 적암초등학교,127.00416666666666,37.98777777777778,[],경기도,파주시
12014010,한국수자원공사,아라인천TM,인천광역시 서구 오류동,1580-2,126.61833333333333,37.56388888888888,[],인천광역시,서구
12024010,환경부,안산시(안산호동초교),경기도 안산시,상록구 성호로 70 안산호동초등학교,126.865,37.312777777777775,[],경기도,안산시
12024020,환경부,안산시(장상동),경기도 안산시,상록구 장상동 523,126.88083333333333,37.35111111111111,[],경기도,안산시
13014010,환경부,양양군(갈천리),강원도 양양군,서면 갈천리 126,128.5038888888889,37.90833333333333,[],강원도,양양군
13014020,환경부,인제군(한계령),강원도 인제군,한계리 산 1-2 한계령 (한계령휴게소 인근),128.405,38.09777777777778,[],강원도,인제군
13024010,환경부,강릉시(소금강분소),강원도 강릉시,연곡면 삼산리 159-2,128.71249999999998,37.822500000000005,[],강원도,강릉시
13024030,한국수자원공사,동해시(달방댐),강원도 동해시,신흥동 24-3,129.02361111111114,37.51361111111111,[],강원도,동해시
13034010,환경부,삼척시(심포리),강원도 삼척시,도계읍 심포리 267-5,129.03305555555556,37.19444444444444,[],강원도,삼척시
20014005,기타,현동,경상북도 봉화군,소천면    현동리    소천면사무소,129.005,36.98555555555556,[],경상북도,봉화군
20014010,환경부,봉화군(재산면사무소),경상북도 봉화군,재산면 현동리 763 (재산면사무소),128.96194444444444,36.816111111111105,[],경상북도,봉화군
20014020,환경부,안동시(석동동),경상북도 안동시,석동동 412,128.80583333333334,36.574444444444445,[],경상북도,안동시
20014030,환경부,안동시(서부리),경상북도 안동시,도산면 서부리 산32 (한국국학진흥원 내 주차장옆산),128.81083333333333,36.70416666666667,[],경상북도,안동시
20014040,환경부,봉화군(애당리),경상북도 봉화군,춘양면 애당리 184-3 (무지개팬션 내),128.8725,36.98527777777778,[],경상북도,봉화군
20014050,환경부,안동시(월곡초교),경상북도 안동시,예안면 정산리 624 (월곡초교),128.88722222222222,36.66111111111111,[],경상북도,안동시
20014060,환경부,봉화군(풍호리),경상북도 봉화군,명호면 풍호리 산174,128.88888888888889,36.846111111111114,[],경상북도,봉화군
20014070,환경부,태백시(태백시청),강원도 태백시,황지동 244-3 (태백시청 견인차량 보관소 부근),128.98638888888888,37.16305555555555,[],강원도,태백시
20014080,환경부,봉화군(석포초교),경상북도 봉화군,석포면 석포리 산5-2 (석포초교 뒷산),129.06361111111113,37.0475,[],경상북도,봉화군
20014090,환경부,봉화군(분천리),경상북도 봉화군,소천면 분천리 산165-13 (옥방휴게소 부근),129.1211111111111,36.933055555555555,[],경상북도,봉화군
20014100,기타,삼계,경상북도 안동시,예안면    삼계리,128.91666666666666,36.71666666666667,[],경상북도,안동시
20014110,한국수자원공사,안동시(의촌리),경상북도 안동시,도산면 의촌리,128.85583333333332,36.714444444444446,[],경상북도,안동시
20014120,한국수자원공사,봉화군(대현리),경상북도 봉화군,석포면 대현리,128.975,37.06944444444445,[],경상북도,봉화군
20014130,한국수자원공사,봉화군(갈산리),경상북도 봉화군,재산면 갈산리,128.97666666666666,36.836111111111116,[],경상북도,봉화군
20014140,한국수자원공사,봉화군(고선리),경상북도 봉화군,소천면 고선리,128.9986111111111,36.96277777777778,[],경상북도,봉화군
20014150,한국수자원공사,현동,경상북도 봉화군,재산면    갈산리,128.9752777777778,36.83638888888889,[],경상북도,봉화군
20014160,환경부,태백시(소도동),강원도 태백시,소도동 산38-8 (공원관리사무소 주차장 내),128.95222222222222,37.1225,[],강원도,태백시
20014170,한국수자원공사,봉화군(관창리),경상북도 봉화군,명호면 관창리,128.87611111111113,36.809444444444445,[],경상북도,봉화군
20014180,한국수자원공사,안동시(기사리),경상북도 안동시,예안면 기사리,128.87861111111113,36.654444444444444,[],경상북도,안동시
20014190,한국수자원공사,봉화군(서동리),경상북도 봉화군,춘양면 서동리 산11-1,128.9186111111111,36.946666666666665,[],경상북도,봉화군
20014200,한국수자원공사,태백시(문곡동),강원도 태백시,문곡동,129.0075,37.12361111111111,[],강원도,태백시
20014210,한국수자원공사,울진군(전곡리),경상북도 울진군,서면 전곡리,129.11194444444445,36.96027777777778,[],경상북도,울진군
20014230,환경부,영천시(화남면사무소),경상북도 영천시,화남면 삼창리 1022-1 (화남면사무소),128.88944444444445,36.05916666666666,[],경상북도,영천시
20024020,환경부,안동시(당북동),경상북도 안동시,당북동 398-4,128.71916666666667,36.558611111111105,[],경상북도,안동시
20024030,환경부,청송군(현서면사무소),경상북도 청송군,현서면 구산리 97-1 (현서면사무소),128.89583333333331,36.27583333333333,[],경상북도,청송군
20024050,환경부,안동시(묵계교),경상북도 안동시,길안면 묵계리 1127-85 ((구)묵계교),128.91083333333333,36.431666666666665,[],경상북도,안동시
20024060,환경부,안동시(중평리),경상북도 안동시,임동면 중평리 산195,128.91833333333332,36.56472222222222,[],경상북도,안동시
20024070,환경부,진보2,경상북도 청송군,진보면 진안리 진보면사무소,129.04722222222222,36.52638888888889,[],경상북도,청송군
20024080,한국수자원공사,청송군(덕리),경상북도 청송군,청송읍 덕리,129.0438888888889,36.42833333333333,[],경상북도,청송군
20024090,한국수자원공사,청송군(대전리),경상북도 청송군,부남면 대전리,129.07194444444445,36.32972222222222,[],경상북도,청송군
20024100,한국수자원공사,영양군(현리),경상북도 영양군,영양읍 현리,129.10888888888888,36.650277777777774,[],경상북도,영양군
20024110,한국수자원공사,영양군(답곡리),경상북도 영양군,석보면 답곡1리,129.14333333333332,36.5425,[],경상북도,영양군
20024120,한국수자원공사,영양군(도곡리),경상북도 영양군,일월면 도곡리 440,129.08861111111113,36.748333333333335,[],경상북도,영양군
20024130,환경부,청송군(도평리),경상북도 청송군,현동면 도평리 산14-10 (청송제설창고 옆),129.0511111111111,36.301111111111105,[],경상북도,청송군
20024140,한국수자원공사,청송군(월전리),경상북도 청송군,진보면 월전리,129.0713888888889,36.52444444444444,[],경상북도,청송군
20024150,한국수자원공사,청송군(상의리),경상북도 청송군,부동면 상의리,129.14499999999998,36.376111111111115,[],경상북도,청송군
20024160,한국수자원공사,영양군(송하리),경상북도 영양군,수비면 송하리,129.20416666666665,36.69444444444444,[],경상북도,영양군
20024170,한국수자원공사,청송군(성재리),경상북도 청송군,안덕면 성덕댐로 1191,128.9647222222222,36.24,[],경상북도,청송군
20024180,한국수자원공사,청송군(갈천리),경상북도 청송군,현서면 성덕댐로 606,128.94694444444445,36.19555555555555,[],경상북도,청송군
20024190,한국수자원공사,청송군(무계리),경상북도 청송군 현서면,무계리 산49,128.98277777777778,36.183611111111105,[],경상북도,청송군
20034010,환경부,의성군(풍지교),경상북도 의성군,다인면 용곡리 764 (풍지교),128.36499999999998,36.53,[],경상북도,의성군
20034020,환경부,의성군(윤암리),경상북도 의성군,점곡면 윤암리 245-2번지,128.77361111111114,36.41694444444444,[],경상북도,의성군
20034030,환경부,안동시(만운리),경상북도 안동시,풍산읍 만운리 산29-3,128.57777777777778,36.599444444444444,[],경상북도,안동시
20034040,환경부,안동시(망호리),경상북도 안동시,일직면 망호리 401-25번지,128.6627777777778,36.47277777777778,[],경상북도,안동시
20044010,환경부,영주시(영광여고),경상북도 영주시,영주동 111-4 (영광여고),128.62027777777777,36.83083333333334,[],경상북도,영주시
20044020,환경부,영주시(부석중고교),경상북도 영주시,부석면 소천리 501-1 (부석중고교),128.6511111111111,36.97805555555556,[],경상북도,영주시
20044030,환경부,문경시(동로면사무소),경상북도 문경시,동로면 적성리 545 (동로면사무소),128.31444444444446,36.77333333333333,[],경상북도,문경시
20044040,기타,대구,대구광역시 ,                    낙동강조사단본부,128.6,36.85,[],대구광역시,
20044050,환경부,영주시(수철리),경상북도 영주시,풍기읍 수철리 산19-9,128.46666666666667,36.89805555555556,[],경상북도,영주시
20044060,한국농어촌공사,경천댐,경상북도 문경시 동로면,마광리,128.3127777777778,36.69361111111111,[],경상북도,문경시
20044070,환경부,예천군(두천리),경상북도 예천군,용문면 두천리 산21-2,128.36055555555555,36.70611111111111,[],경상북도,예천군
20044080,환경부,예천군(고평교),경상북도 예천군,호명면 월포리 624 (고평교),128.48777777777775,36.61944444444445,[],경상북도,예천군
20044090,환경부,예천군(은풍면사무소),경상북도 예천군,은풍면 우곡리 140-1 (은풍면사무소),128.44305555555556,36.745,[],경상북도,예천군
20044100,환경부,영주시(성내리),경상북도 영주시,풍기읍 성내리 143-2 (영주도서관 풍기분관 내),128.52,36.870555555555555,[],경상북도,영주시
20044110,환경부,봉화군(봉화대교),경상북도 봉화군,봉화읍 내성리 506 (봉화대교),128.73250000000002,36.88861111111111,[],경상북도,봉화군
20044120,한국수자원공사,영주시(영주댐),경상북도 영주시 평은면,용혈리 897-2,128.6552777777778,36.72666666666667,[],경상북도,영주시
20044130,한국수자원공사,봉화군(적덕리),경상북도 봉화군 봉화읍,적덕리 891-4,128.6863888888889,36.87916666666667,[],경상북도,봉화군
20044140,한국수자원공사,봉화군(운계리),경상북도 봉화군 상운면,운계리 664-1,128.7563888888889,36.8325,[],경상북도,봉화군
20054010,환경부,문경시(농암리),경상북도 문경시,농암면 농암리 99-1,128.00694444444446,36.59638888888889,[],경상북도,문경시
20054020,환경부,문경시(김용리),경상북도 문경시,영순면 김용리 259-2,128.21666666666667,36.58916666666667,[],경상북도,문경시
20054030,환경부,상주시(하송리),경상북도 상주시,화서면 하송리 181-6,127.96638888888889,36.47138888888889,[],경상북도,상주시
20054040,환경부,상주시(이안교),경상북도 상주시,이안면 이안리 493-1 (이안교),128.1588888888889,36.54388888888889,[],경상북도,상주시
20054050,기타,거창,경상남도 거창군,거창읍    금천동    거창농고,127.96666666666667,36.68333333333333,[],경상남도,거창군
20054060,환경부,상주시(화북초교),경상북도 상주시,화북면 장암리 110-1 (화북초교),127.91194444444444,36.56666666666666,[],경상북도,상주시
20054070,환경부,문경시(진안리),경상북도 문경시,문경읍 진안리 360-14 (문경도자기박물관 부근),128.08194444444445,36.7425,[],경상북도,문경시
20054080,환경부,문경시(화산리),경상북도 문경시,농암면 화산리 155-1,127.99083333333333,36.57361111111111,[],경상북도,문경시
20064010,환경부,상주시(후천교),경상북도 상주시,계산동 523 (후천교),128.15861111111113,36.42805555555555,[],경상북도,상주시
20064020,환경부,상주시(외서면사무소),경상북도 상주시,외서면 가곡리 101-1 (외서면사무소),128.10805555555555,36.47944444444445,[],경상북도,상주시
20074010,환경부,예천군(상풍교),경상북도 예천군,풍양면 효갈리1083-1 (상풍교),128.2686111111111,36.49861111111111,[],경상북도,예천군
20084010,환경부,의성군(도서리),경상북도 의성군,의성읍 도서리 81-7,128.69722222222222,36.344166666666666,[],경상북도,의성군
20084020,환경부,군위군(정리),경상북도 군위군,군위읍 정리 1123-3,128.56333333333333,36.243611111111115,[],경상북도,군위군
20084030,환경부,의성군(안계면사무소),경상북도 의성군,안계면 용기리 475-2 (안계면사무소),128.44,36.384166666666665,[],경상북도,의성군
20084050,환경부,군위군(고곡리),경상북도 군위군,효령면 고곡리 산85-1,128.5675,36.10638888888889,[],경상북도,군위군
20084060,환경부,군위군(효령교),경상북도 군위군,효령면 중구리 307-3 (효령교),128.5836111111111,36.155833333333334,[],경상북도,군위군
20084070,환경부,군위군(대율초교),경상북도 군위군,부계면 대율리 644-1 (대율초교),128.6552777777778,36.062777777777775,[],경상북도,군위군
20084080,환경부,우보,경상북도 군위군 우보면,이화리 우보초등교,128.6627777777778,36.19194444444444,[],경상북도,군위군
20084090,환경부,군위군(산성중학교),경상북도 군위군,산성면 화본리 826-1 (산성중학교),128.69694444444445,36.12777777777778,[],경상북도,군위군
20084100,환경부,군위군(화수리),경상북도 군위군,고로면 화수리 937-5,128.75194444444443,36.12722222222222,[],경상북도,군위군
20084110,환경부,군위군(고로면),경상북도 군위군,고로면 화수리 산54-3,128.74888888888887,36.10611111111111,[],경상북도,군위군
20084120,기타,석산,경상북도 군위군,고로면 양지리,128.82944444444445,36.163888888888884,[],경상북도,군위군
20084130,환경부,군위군(읍내리),경상북도 군위군,의흥면 읍내리 434-18,128.7147222222222,36.17638888888889,[],경상북도,군위군
20084140,환경부,의성군(도원리),경상북도 의성군,봉양면 도원리 460 (의성IC 진출입로 부지 내),128.57861111111112,36.28611111111111,[],경상북도,의성군
20084150,환경부,군위군(무성리),경상북도 군위군,군위읍 무성리 821-2,128.56416666666667,36.193888888888885,[],경상북도,군위군
20084160,환경부,군위군(미성교),경상북도 군위군,우보면 이화리 575-9 (미성교),128.67222222222222,36.181666666666665,[],경상북도,군위군
20084170,한국수자원공사,군위군(군위댐),경상북도 군위군,삼국유사면 학성리 407,128.7938888888889,36.12222222222222,[],경상북도,군위군
20084180,한국수자원공사,군위군(양지리),경상북도 군위군,삼국유사면 양지리 497-5,128.82694444444445,36.166666666666664,[],경상북도,군위군
20094010,환경부,의성군(낙단교),경상북도 의성군,단밀면 낙정리 806 (낙단교),128.3011111111111,36.3575,[],경상북도,의성군
20094020,환경부,구미시(일선교),경상북도 구미시,도개면 신림리 775 (일선교),128.3427777777778,36.27305555555555,[],경상북도,구미시
20104010,환경부,김천시(부곡동),경상북도 김천시,부곡동 41-1,128.10888888888888,36.12027777777778,[],경상북도,김천시
20104020,환경부,김천시(지례면사무소),경상북도 김천시,지례면 교리 570-1 (지례면사무소),128.02666666666667,35.984722222222224,[],경상북도,김천시
20104030,한국수자원공사,김천시(월곡리),경상북도 김천시,부항면 사등리,127.95833333333334,35.987500000000004,[],경상북도,김천시
20104040,한국수자원공사,김천시(파천리),경상북도 김천시,부항면 안간리,127.95555555555556,36.02361111111111,[],경상북도,김천시
20104050,환경부,구미시(선주교),경상북도 구미시,선산읍 화조리 581-6 (선주교),128.3088888888889,36.22777777777778,[],경상북도,구미시
20104060,한국수자원공사,김천시(김천부항댐),경상북도 김천시,지례면 도곡리 1005-1,128.00583333333333,35.98222222222223,[],경상북도,김천시
20114010,환경부,칠곡군(호국의다리),경상북도 칠곡군,왜관읍 석전리 872 (호국의 다리),128.39444444444445,36.000277777777775,[],경상북도,칠곡군
20114020,환경부,구미시(장천초교),경상북도 구미시,장천면 하장리 503-2 (장천초교),128.49555555555554,36.13055555555555,[],경상북도,구미시
20114030,환경부,성주군(성주대교),경상북도 성주군,선남면 선원리 5-3 (성주대교),128.39027777777778,35.880833333333335,[],경상북도,성주군
20114040,환경부,구미시(구미대교),경상북도 구미시,임수동 550-1 (구미대교),128.39666666666665,36.11083333333333,[],경상북도,구미시
20124010,환경부,영천시(영동교),경상북도 영천시,완산동 1269-1(영동교),128.93861111111113,35.96888888888889,[],경상북도,영천시
20124020,환경부,포항시(죽장초교),경상북도 포항시,북구 죽장면 입암리 730-1 (죽장초교),129.09111111111113,36.16027777777778,[],경상북도,포항시
20124030,환경부,영천시(화성리),경상북도 영천시,신령면 화성리 131-3,128.79583333333332,36.04611111111111,[],경상북도,영천시
20124035,한국수자원공사,포항시(가사리),경상북도 포항시 북구 죽장면 가사리 387, ,129.15694444444446,36.20694444444444,[],경상북도,포항시
20124037,한국수자원공사,포항시(죽장면),경상북도 포항시 북구 죽장면 현내리 552-1, ,129.07583333333332,36.19972222222222,[],경상북도,포항시
20124040,환경부,경산시(자인중학교),경상북도 경산시,자인면 북사리 242 (자인중학교),128.82166666666666,35.82027777777778,[],경상북도,경산시
20124050,기타,부산,부산광역시 동구,초량동              부산청,129.0,36.05,[],부산광역시,동구
20124060,환경부,신천,대구광역시 달성군,가창면 용계리 가창댐사무소,128.61805555555557,35.79722222222222,[],대구광역시,달성군
20124070,환경부,영천시(치산리),경상북도 영천시,신령면 치산리 1950,128.72333333333333,36.059444444444445,[],경상북도,영천시
20124080,환경부,대구시(오리),대구광역시 달성군,가창면 오리 산110,128.60055555555556,35.78388888888889,[],대구광역시,달성군
20124090,환경부,대구시(신암동),대구광역시 동구,불로동 1107-1 (보성2차APT앞),128.63444444444443,35.891666666666666,[],대구광역시,동구
20124100,환경부,영천시(정각리),경상북도 영천시,화북면 정각리 336,128.99416666666664,36.13,[],경상북도,영천시
20124118,한국수자원공사,영천시(영천댐),경상북도 영천시 자양면 성곡리 113-2, ,129.03805555555556,36.073055555555555,[],경상북도,영천시
20124120,환경부,영천시(가수리),경상북도 영천시,고경면 가수리 232-14,129.07805555555555,36.001666666666665,[],경상북도,영천시
20124130,환경부,영천시(금창교),경상북도 영천시,금호읍 교대리 661 (금창교),128.87555555555556,35.93055555555555,[],경상북도,영천시
20124150,환경부,대구시(성동교),대구광역시 수성구,성동 566-1 (성동교),128.72361111111113,35.85194444444445,[],대구광역시,수성구
20124160,환경부,칠곡군(금암리),경상북도 칠곡군,동명면 금암리 225-15,128.55583333333334,35.98305555555556,[],경상북도,칠곡군
20124170,환경부,경산시(와촌초교),경상북도 경산시,와촌면 동강리 91 (와촌초교),128.8375,35.95055555555556,[],경상북도,경산시
20124190,한국수자원공사,포항시(지동리),경상북도 포항시 북구 죽장면 지동리 산49-5, ,129.06611111111113,36.136944444444445,[],경상북도,포항시
20124200,한국수자원공사,영천시(보현산댐),경상북도 영천시 화북면,입석리 산2-1,128.9488888888889,36.12777777777778,[],경상북도,영천시
20124210,한국수자원공사,영천시(굼이교),경상북도 영천시,화북면 하송리 595,128.92277777777778,36.14944444444444,[],경상북도,영천시
20134010,환경부,고령군(회천교),경상북도 고령군,고령읍 장기리 331 (회천교),128.2777777777778,35.72916666666667,[],경상북도,고령군
20134020,환경부,합천군(야로면사무소),경상남도 합천군,야로면 구정리 290-1 (야로면사무소),128.16777777777776,35.70527777777778,[],경상남도,합천군
20134030,환경부,성주군(옥화리),경상북도 성주군,대가면 옥화리 358-1,128.18833333333333,35.89361111111111,[],경상북도,성주군
20134040,환경부,성주군(신파리),경상북도 성주군,수륜면 신파리 산78 (국도59호선 일원),128.16694444444443,35.815,[],경상북도,성주군
20144010,환경부,대구시(성하리),대구광역시 달성군,현풍면 성하리 274 (현풍휴게소 뒤),128.43416666666667,35.70277777777778,[],대구광역시,달성군
20144020,환경부,대구시(사문진교),대구광역시 달성군,화원면 성산리 744-11 (사문진교),128.47416666666666,35.81222222222222,[],대구광역시,달성군
20144030,환경부,고령군(고령교),경상북도 고령군,성산면 삼대리 112-3 (고령교),128.38694444444442,35.75277777777778,[],경상북도,고령군
20154010,환경부,거창군(산포리),경상남도 거창군,웅양면 산포리 1928-2,127.91888888888889,35.824444444444445,[],경상남도,거창군
20154020,환경부,거창군(병곡리),경상남도 거창군,북상면 병곡리 663-2,127.78194444444445,35.80277777777778,[],경상남도,거창군
20154030,한국수자원공사,거창군(농산리),경상남도 거창군,북상면 농산리 476-1,127.8125,35.76916666666666,[],경상남도,거창군
20154040,한국수자원공사,거창군(거열교),경상남도 거창군,거창읍 원상동 거창3교,127.9,35.680277777777775,[],경상남도,거창군
20154050,한국수자원공사,거창군(노현리),경상남도 거창군,웅양면 노현리 975-4,127.91055555555556,35.808055555555555,[],경상남도,거창군
20154060,한국수자원공사,거창군(덕산리),경상남도 거창군,신원면 덕산리 214-1,127.91583333333334,35.6,[],경상남도,거창군
20154070,한국수자원공사,거창군(우혜리),경상남도 거창군,가북면 우혜리 산245-2,127.99166666666667,35.75861111111111,[],경상남도,거창군
20154080,한국수자원공사,거창군(지산교),경상남도 거창군,가조면 기리 지산교,128.01666666666668,35.663333333333334,[],경상남도,거창군
20164020,환경부,합천군(남정교),경상남도 합천군,대양면 정양리 613 (남정교),128.16166666666666,35.5575,[],경상남도,합천군
20164030,환경부,합천군(황강교),경상남도 합천군,적중면 죽고리 922-1 (황강교),128.2927777777778,35.57194444444445,[],경상남도,합천군
20174010,환경부,창녕군(본초리),경상남도 창녕군,대지면 본초리 284-9,128.45305555555555,35.53055555555555,[],경상남도,창녕군
20174020,환경부,의령군(부림면사무소),경상남도 의령군,부림면 신반리 545-2 (부림면사무소),128.32472222222222,35.46638888888889,[],경상남도,의령군
20174030,환경부,의령군(청계리),경상남도 의령군,봉수면 청계리 34-1,128.23638888888888,35.478611111111114,[],경상남도,의령군
20174040,환경부,합천군(적포교),경상남도 합천군,청덕면 앙진리 1 (적포교),128.35916666666665,35.527499999999996,[],경상남도,합천군
20184020,환경부,마천2,경상남도 함양군,마천면 가흥리 마천면사무소,127.66666666666667,35.394444444444446,[],경상남도,함양군
20184040,기타,시천,경상남도 산청군,시천면    현리  시천면사무소,127.83333333333333,35.266666666666666,[],경상남도,산청군
20184060,환경부,남원시(화수리),전라북도 남원시,운봉읍 화수리 751-2,127.55166666666666,35.45,[],전라북도,남원시
20184070,환경부,함양군(중남리),경상남도 함양군,서상면 중남리 897-1,127.67361111111111,35.70611111111111,[],경상남도,함양군
20184100,환경부,산청군(홍계리),경상남도 산청군,삼장면 홍계리 1058-5,127.84194444444444,35.35138888888889,[],경상남도,산청군
20184110,환경부,산청군(상중리),경상남도 산청군,차황면 상중리 458,127.93055555555556,35.48111111111111,[],경상남도,산청군
20184120,환경부,수곡2,경상남도 진주시,수곡면 대천리 수곡면사무소,127.93472222222222,35.19583333333333,[],경상남도,진주시
20184130,한국수자원공사,산청군(경호교),경상남도 산청군,산청읍 산청리,127.87444444444444,35.418055555555554,[],경상남도,산청군
20184140,한국수자원공사,산청군(창촌리),경상남도 산청군,단성면 백운리,127.89277777777778,35.269999999999996,[],경상남도,산청군
20184150,환경부,함양군(삼정리),경상남도 함양군,마천면 삼정리 산115,127.64194444444445,35.359722222222224,[],경상남도,함양군
20184160,환경부,산청군(동당리),경상남도 산청군,시천면 동당리 573-5,127.77638888888889,35.27222222222222,[],경상남도,산청군
20184170,한국수자원공사,합천군(소오리),경상남도 합천군,삼가면 소오리,128.1175,35.413888888888884,[],경상남도,합천군
20184180,한국수자원공사,남원시(운봉읍),전라북도 남원시,운봉읍 화수리 145-215,127.56361111111111,35.448055555555555,[],전라북도,남원시
20184190,한국수자원공사,함양군(의탄리),경상남도 함양군,마천면 의탄리,127.68277777777779,35.401944444444446,[],경상남도,함양군
20184200,한국수자원공사,함양군(금천리),경상남도 함양군,안의면 금천리,127.81555555555555,35.62777777777778,[],경상남도,함양군
20184210,한국수자원공사,남원시(덕동리),전라북도 남원시,산내면 덕동리,127.5461111111111,35.346944444444446,[],전라북도,남원시
20184220,한국수자원공사,남원시(의지리),전라북도 남원시,아영면 의지리,127.61583333333333,35.52777777777778,[],전라북도,남원시
20184230,한국수자원공사,함양군(운곡리),경상남도 함양군,서하면 운곡리,127.68138888888889,35.6375,[],경상남도,함양군
20184240,한국수자원공사,산청군(내대리),경상남도 산청군,시천면 내대리,127.7238888888889,35.284166666666664,[],경상남도,산청군
20184250,한국수자원공사,함양군(용평리),경상남도 함양군,함양읍 용평리,127.73138888888889,35.51361111111111,[],경상남도,함양군
20184260,한국수자원공사,산청군(내원리),경상남도 산청군,삼장면 내원리,127.7863888888889,35.31472222222222,[],경상남도,산청군
20184270,한국수자원공사,함양군(화촌리),경상남도 함양군,유림면 화촌리,127.7911111111111,35.464444444444446,[],경상남도,함양군
20184280,한국수자원공사,하동군(위태리),경상남도 하동군,청암면 위태리,127.8436111111111,35.20111111111111,[],경상남도,하동군
20184290,한국수자원공사,하동군(대곡리),경상남도 하동군,옥종면 대곡리,127.92027777777778,35.17861111111111,[],경상남도,하동군
20184300,한국수자원공사,진주시(자매리),경상남도 진주시,수곡면 자매리,127.92833333333334,35.23555555555556,[],경상남도,진주시
20184310,한국수자원공사,산청군(실매리),경상남도 산청군,차황면 실매리,127.93222222222222,35.49166666666667,[],경상남도,산청군
20184320,한국수자원공사,산청군(하정리),경상남도 산청군,신안면 하정리,127.99583333333334,35.32,[],경상남도,산청군
20184340,환경부,구례군(문수리),전라남도 구례군,토지면 문수리,127.52888888888889,35.29333333333333,[],전라남도,구례군
20184350,한국수자원공사,산청군(장천리),경상남도 산청군,신등면 장천리 484-3,127.99111111111111,35.40888888888889,[],경상남도,산청군
20184360,한국수자원공사,산청군(향양리),경상남도 산청군,생초면 향양리 728-2,127.86222222222221,35.55444444444444,[],경상남도,산청군
20194020,한국수자원공사,진주시(장대동),경상남도 진주시,장대동 356-17,128.08666666666667,35.190555555555555,[],경상남도,진주시
20194030,환경부,진주시(운천리),경상남도 진주시,일반성면 운천리 867,128.26333333333332,35.17333333333333,[],경상남도,진주시
20194040,환경부,함안군(대사교),경상남도 함안군,함안면 대산리 1242-2(대사교),128.4261111111111,35.255,[],경상남도,함안군
20194050,환경부,의령군(정암교),경상남도 의령군,의령읍 정암리 430-43 ((구)정암교),128.29527777777778,35.31333333333333,[],경상남도,의령군
20194060,환경부,의령군(성산리),경상남도 의령군,지정면 성산리 1106-4,128.42916666666665,35.39083333333333,[],경상남도,의령군
20194070,환경부,의령군(칠곡초교),경상남도 의령군,칠곡면 외조리 85-2 (칠곡초교),128.19472222222223,35.34111111111111,[],경상남도,의령군
20194075,환경부,고성군(두문교),경상남도 고성군,영오면 오서리 1611-1 (두문교),128.19083333333333,35.09861111111111,[],경상남도,고성군
20204010,환경부,창녕군(영산면사무소),경상남도 창녕군,영산면 동리 137-3 (영산면사무소),128.5277777777778,35.453611111111115,[],경상남도,창녕군
20204020,환경부,창원시(수산대교),경상남도 창원시,의창구 대산면 모산리 701 (수산대교),128.71416666666664,35.36527777777778,[],경상남도,창원시
20204030,환경부,창녕군(청암리),경상남도 창녕군,부곡면 청암리 1110 (청암취수장옆),128.60083333333333,35.39555555555555,[],경상남도,창녕군
20204040,환경부,함안군(계내리),경상남도 함안군,칠서면 계내리 343 (진동양수장옆),128.4836111111111,35.38333333333333,[],경상남도,함안군
20204050,환경부,밀양시(내진초교),경상남도 밀양시,무안면 양효리 349 (구 내진초교),128.65194444444444,35.522777777777776,[],경상남도,밀양시
20214010,기타,밀양2,경상남도 밀양군,밀양읍 내일동,128.75,35.483333333333334,[],경상남도,밀양군
20214020,환경부,밀양시(남포동),경상남도 밀양시,남포동 408,128.78527777777776,35.461111111111116,[],경상남도,밀양시
20214030,환경부,밀양시(용전리),경상남도 밀양시,산내면 용전리 산192-1,128.86249999999998,35.56583333333333,[],경상남도,밀양시
20214040,환경부,청도군(삼신리),경상북도 청도군,화양읍 삼신리 1110-10,128.72611111111112,35.68083333333333,[],경상북도,청도군
20214050,환경부,경산시(곡신리),경상북도 경산시,용성면 곡신리 858-36,128.8725,35.79194444444444,[],경상북도,경산시
20214060,한국수자원공사,경주시(내칠리),경상북도 경주시,산내면 내칠리 1051-1,129.02361111111114,35.774166666666666,[],경상북도,경주시
20214090,환경부,청도군(수월리),경상북도 청도군,풍각면 수월리 산101,128.55444444444444,35.666666666666664,[],경상북도,청도군
20214100,한국수자원공사,양산시(선리),경상남도 양산시,원동면 선리 202,129.00694444444446,35.50972222222222,[],경상남도,양산시
20214110,한국수자원공사,밀양시(밀양댐),경상남도 밀양시,단장면 고례리 1719,128.9322222222222,35.481388888888894,[],경상남도,밀양시
20214120,한국수자원공사,청도군(신원리),경상북도 청도군,운문면 신원리,129.0038888888889,35.660555555555554,[],경상북도,청도군
20214130,한국수자원공사,청도군(운문댐),경상북도 청도군,운문면 대천리,128.71527777777777,35.71527777777778,[],경상북도,청도군
20214135,한국수자원공사,경주시(대현리),경상북도 경주시,산내면 대현리 3127-32,129.01472222222222,35.72666666666667,[],경상북도,경주시
20214140,한국수자원공사,울산시(이천리),경상북도 울주군,상북면 이천리 254-3,129.01472222222222,35.56444444444444,[],경상북도,울주군
20224010,환경부,양산시(상북면사무소),경상남도 양산시,상북면 석계리 272-20 (상북면사무소 옥상),129.06444444444446,35.41833333333333,[],경상남도,양산시
20224020,기타,금천,경상북도 청도군,금천면    동곡리    금천면사무소,128.9,35.416666666666664,[],경상북도,청도군
20224030,환경부,김해시(전하동),경상남도 김해시,전하동 1227-2,128.86305555555555,35.20027777777778,[],경상남도,김해시
20224040,환경부,양산시(양산교),경상남도 양산시,신기동 600 (양산교),129.0361111111111,35.3575,[],경상남도,양산시
20224050,환경부,밀양시(삼랑진교),경상남도 밀양시,삼랑진읍 삼랑리 854 (삼랑진교),128.82166666666666,35.3825,[],경상남도,밀양시
20224060,환경부,부산시(구포대교),부산광역시 북구,구포동 1065-1 (구포대교),128.9936111111111,35.203611111111115,[],부산광역시,북구
21014010,환경부,포항시(현내리),경상북도 포항시,북구 기계면 현내리 1112,129.1952777777778,36.07555555555556,[],경상북도,포항시
21014020,환경부,경주시(시래동),경상북도 경주시,시래동 945-49 (시래교 인근),129.3038888888889,35.772777777777776,[],경상북도,경주시
21014030,한국수자원공사,경주시(안계댐),경상북도 경주시 강동면 안계리 산10, ,129.26944444444445,36.035,[],경상북도,경주시
21014040,환경부,경주시(신평리),경상북도 경주시,건천읍 신평리 1267,129.085,35.85861111111111,[],경상북도,경주시
21014050,환경부,포항시(용기리),경상북도 포항시,북구 기북면 관천리 593,129.155,36.11833333333333,[],경상북도,포항시
21014060,환경부,경주시(옥산리),경상북도 경주시,안강읍 옥산리 464-2,129.17916666666665,35.995,[],경상북도,경주시
21014070,환경부,경주시(서천교),경상북도 경주시,서악동 1491-1 (서천교),129.20166666666665,35.838055555555556,[],경상북도,경주시
21014080,환경부,경주시(검단리),경상북도 경주시,안강읍 검단리 1468-28,129.20777777777778,35.93277777777777,[],경상북도,경주시
21014090,환경부,울산시(봉월초교),울산광역시 울주군,두동면 봉계리 1030-3 (봉월초교),129.20694444444445,35.70138888888889,[],울산광역시,울주군
21014100,환경부,경주시(달성교),경상북도 경주시,안강읍 노당리 1503 (달성교),129.23833333333332,36.051944444444445,[],경상북도,경주시
21014110,환경부,경주시(화산리),경상북도 경주시,천북면 화산리 산86-2,129.2902777777778,35.9225,[],경상북도,경주시
21014120,환경부,경주시(영지초교),경상북도 경주시,외동읍 방어리 634 (영지초교),129.29444444444445,35.75416666666667,[],경상북도,경주시
21014130,환경부,경주시(덕동),경상북도 경주시,덕동 산44-4,129.3213888888889,35.843333333333334,[],경상북도,경주시
21014140,환경부,경주시(국당리),경상북도 경주시,강동면 국당리 산92,129.29611111111112,35.994166666666665,[],경상북도,경주시
22014010,환경부,울산시(덕현리),울산광역시 울주군,상북면 덕현리 1199-1 (가지산터널관리사무소),129.04111111111112,35.608333333333334,[],울산광역시,울주군
22014020,환경부,울산시(신답교),울산광역시 북구,상안동 320-1 (신답교),129.34583333333333,35.62972222222222,[],울산광역시,북구
22014030,환경부,울산시(삼동초교),울산광역시 울주군,삼동면 하잠리 953-2 (삼동초교),129.15861111111113,35.52361111111111,[],울산광역시,울주군
22014040,기타,척과,울산광역시 울주군,범서면 척과리 척과초등학교,129.27861111111113,35.61222222222222,[],울산광역시,울주군
22014050,환경부,경주시(연안리),경상북도 경주시,외동읍 연안리 80-7,129.32333333333332,35.721944444444446,[],경상북도,경주시
22014054,한국수자원공사,울산시(사연댐),울산광역시 울주군 범서읍 사연리, ,129.19611111111112,35.57777777777778,[],울산광역시,울주군
22014060,한국수자원공사,울산시(대암댐),울산광역시 울주군 언양읍 구수리, ,129.18305555555554,35.54527777777778,[],울산광역시,울주군
22014080,환경부,울산시(태화교),울산광역시 중구,성남동 337 (태화교),129.30916666666667,35.55277777777778,[],울산광역시,중구
22014082,한국수자원공사,울산시(구미리),울산광역시 울주군 두동면 구미리 566-1, ,129.1963888888889,35.65694444444444,[],울산광역시,울주군
22014084,한국수자원공사,울산시(천전리),울산광역시 울주군 두동면 천전리 306, ,129.17055555555555,35.61888888888889,[],울산광역시,울주군
22014090,환경부,울산시(사연교),울산광역시 울주군,범서읍 사연리 703-1 (사연교),129.20444444444442,35.57222222222222,[],울산광역시,울주군
23014010,환경부,양산시(삼호동),경상남도 양산시,삼호동 953,129.17222222222222,35.41888888888889,[],경상남도,양산시
23014011,한국수자원공사,울산시(선암댐),울산관역시 남구 선암동,산 20-7,129.33166666666665,35.51611111111111,[],울산관역시,남구
24014010,환경부,영양군(신원리),경상북도 영양군,수비면 신원리 330-4 (국도 88호선 일원),129.2097222222222,36.76166666666666,[],경상북도,영양군
24034010,한국수자원공사,경주시(감포댐),경상북도 경주시 감포읍 오류리 산 16-2, ,129.51277777777779,35.83305555555556,[],경상북도,경주시
25034050,한국수자원공사,거제시(구천댐),경상남도 거제시 신현읍 삼거리 529-4, ,128.6663888888889,34.84444444444445,[],경상남도,거제시
25034052,한국수자원공사,거제시(연초댐),경상남도 거제시 연초면 덕치리 107, ,128.66916666666665,34.93611111111111,[],경상남도,거제시
25044010,환경부,부산시(을숙도),부산광역시 사하구,하단동 1149-6번지 (홍수통제소),128.94805555555556,35.109722222222224,[],부산광역시,사하구
30014010,환경부,진안군(마을지원센터),전라북도 진안군,진안읍 진무로 975,127.42305555555556,35.78333333333333,[],전라북도,진안군
30014020,환경부,무주군(안성초교),전라북도 무주군,안성면 칠연로 58,127.655,35.86555555555556,[],전라북도,무주군
30014030,환경부,용담,전라북도 진안군,용담면    옥거리    용담초교,127.53611111111111,35.94416666666666,[],전라북도,진안군
30014040,환경부,장수군(장수초교),전라북도 장수군,장수읍 향교길 11-8,127.52277777777778,35.6475,[],전라북도,장수군
30014080,환경부,진안군(대불리),전라북도 진안군,주천면 대불리 1138,127.365,35.961666666666666,[],전라북도,진안군
30014090,한국수자원공사,진안, , ,127.43277777777779,35.909444444444446,[],,
30014100,한국수자원공사,장수, , ,127.52277777777778,35.64805555555556,[],,
30014120,환경부,무주군(원통사),전라북도 무주군,안성면 죽천리 산175-1,127.69722222222222,35.81722222222223,[],전라북도,무주군
30014130,한국수자원공사,계북, , ,127.63416666666667,35.78472222222222,[],,
30014140,한국수자원공사,진안군(황금리),전라북도 진안군,부귀면 황금리 산118-9,127.40333333333334,35.86,[],전라북도,진안군
30014150,한국수자원공사,진안군(주평리),전라북도 진안군,상전면 주평리 579-5,127.48611111111111,35.80305555555555,[],전라북도,진안군
30014160,한국수자원공사,장수군(장판리),전라북도 장수군,천천면 장판리 418-1,127.51361111111112,35.681666666666665,[],전라북도,장수군
30014170,한국수자원공사,진안군(신괴리),전라북도 진안군,안천면 신괴리 177-1,127.54666666666667,35.86694444444444,[],전라북도,진안군
30014180,한국수자원공사,장수군(삼봉리),전라북도 장수군,장계면 삼봉리 748-4,127.60083333333333,35.715,[],전라북도,장수군
30014190,한국수자원공사,장수군(원촌리),전라북도 장수군,계북면 원촌리 1050-58,127.62944444444443,35.8075,[],전라북도,장수군
30014210,한국수자원공사,진안군(주양리),전라북도 진안군,주천면 주양리 산17-9,127.42611111111111,35.967777777777776,[],전라북도,진안군
30034010,환경부,무주군(무주중앙초교),전라북도 무주군,무주읍 읍내리 향학로 87,127.66305555555556,36.011944444444445,[],전라북도,무주군
30034020,환경부,무주군(적상초교),전라북도 무주군,적상면 사산리 1235-1,127.65666666666667,35.931666666666665,[],전라북도,무주군
30034030,한국수자원공사,무주군(삼가리),전라북도 무주군,적상면 삼가리 산329-1,127.66055555555556,35.893055555555556,[],전라북도,무주군
30034040,환경부,무주군(구천정수장),전라북도 무주군,설천면 백련사길 132,127.77694444444444,35.88583333333333,[],전라북도,무주군
30034050,한국수자원공사,무주군(증산리),전라북도 무주군,무풍면 증산리 791-2,127.84722222222221,35.94638888888888,[],전라북도,무주군
30034060,한국수자원공사,무주군(기곡리),전라북도 무주군,설천면 기곡리 408-1,127.71805555555555,36.01277777777778,[],전라북도,무주군
30044010,기타,영동,충청북도 영동군,영동읍              영동농고,127.78333333333333,36.18333333333333,[],충청북도,영동군
30044020,기타,금산,전라북도 금산군,금산읍    중도리    금산군청,127.5,36.1,[],전라북도,금산군
30044030,한국수자원공사,금산군(선원리),충청남도 금산군,부리면 선원리 산142,127.53666666666666,36.07055555555556,[],충청남도,금산군
30044040,한국수자원공사,영동군(산막리),충청북도 영동군,양강면 산막리 산17-1,127.79138888888889,36.11138888888889,[],충청북도,영동군
30054010,환경부,상주시(삼포리),경상북도 상주시,모서면 삼포리 산22-4,127.95777777777778,36.33861111111111,[],경상북도,상주시
30054020,환경부,영동군(궁촌리),충청북도 영동군,상촌면 궁촌5길 6,127.9175,36.10777777777778,[],충청북도,영동군
30054030,한국수자원공사,영동군(남성리),충청북도 영동군,황간면 남성리 산4-1,127.91638888888889,36.23583333333333,[],충청북도,영동군
30054040,환경부,상주시(화동초교),경상북도 상주시,화동면 이소1길 78,127.95194444444445,36.39222222222222,[],경상북도,상주시
30054050,환경부,상주시(화령초교),경상북도 상주시,화서면 화령로 57,127.95222222222222,36.4475,[],경상북도,상주시
30054060,환경부,영동군(웅북리),충청북도 영동군,추풍령면 웅북리 555-11,128.02027777777778,36.25694444444444,[],충청북도,영동군
30054070,한국수자원공사,상주시(득수리),경상북도 상주시,모서면 득수리 250-1,127.90027777777779,36.33111111111111,[],경상북도,상주시
30054080,한국수자원공사,영동군(궁촌리2),충청북도 영동군,상촌면 궁촌리 128-1,127.92888888888889,36.33111111111111,[],충청북도,영동군
30064010,기타,개심,충청북도 옥천군,이원면    개심리,127.63333333333334,36.2,[],충청북도,옥천군
30064020,한국수자원공사,옥천군(원동리),충청북도 옥천군,이원면 원동리 산26-2,127.6525,36.23888888888889,[],충청북도,옥천군
30074010,환경부,옥천군(청산초교),충청북도 옥천군,청산면 지전길 36-19,127.79416666666667,36.346111111111114,[],충청북도,옥천군
30074030,환경부,보은군(삼산초교),충청북도 보은군,보은읍 보은로 109-6,127.71666666666667,36.485,[],충청북도,보은군
30074040,환경부,보은, , ,127.73333333333333,36.46666666666667,[],,
30074050,환경부,보은군(관기초교),충청북도 보은군,마로면 관기송현로 109,127.82194444444444,36.43555555555555,[],충청북도,보은군
30074060,한국수자원공사,보은군(구병리),충청북도 보은군,속리산면 구병리 산5,127.87722222222222,36.47527777777778,[],충청북도,보은군
30074070,환경부,옥천군(도로관리사업소),충청북도 옥천군,청성면 남부로 3172,127.73416666666667,36.373333333333335,[],충청북도,옥천군
30074080,환경부,보은군(동정리),충청북도 보은군,수한면 동정리 75-3,127.66416666666667,36.47361111111111,[],충청북도,보은군
30074090,환경부,보은군(이원리),충청북도 보은군,내북면 이원리 234-3,127.67777777777778,36.54222222222222,[],충청북도,보은군
30074100,환경부,옥천군(묘금리),충청북도 옥천군,청성면 묘금리 67-2,127.73222222222222,36.27583333333333,[],충청북도,옥천군
30074110,환경부,보은군(송죽초교),충청북도 보은군,삼승면 남부로 3927,127.73444444444445,36.43722222222222,[],충청북도,보은군
30074130,환경부,보은군(삼가분교),충청북도 보은군,속리산면 삼가구병길 9,127.86083333333333,36.49111111111111,[],충청북도,보은군
30074140,한국수자원공사,보은군(신함리),충청북도 보은군,보은읍 신함리 452-2,127.72722222222222,36.516666666666666,[],충청북도,보은군
30074150,한국수자원공사,옥천군(산계리),충청북도 옥천군,청성면 산계리 산64,127.73722222222223,36.31083333333333,[],충청북도,옥천군
30074160,한국수자원공사,부여군(삼산리),충청남도 부여군,외산면 삼산리 84,126.71694444444445,36.34277777777778,[],충청남도,부여군
30084010,환경부,옥천,충청북도 옥천군,옥천면 매화리 농업기술센터,127.59861111111111,36.29722222222222,[],충청북도,옥천군
30084030,환경부,옥천군(안내초교),충청북도 옥천군,안내면 현리길 74,127.66166666666668,36.39416666666666,[],충청북도,옥천군
30084040,한국수자원공사,옥천군(대정리),충청북도 옥천군,군북면 대정리 답574-8,127.54166666666667,36.38472222222222,[],충청북도,옥천군
30084050,한국수자원공사,금산군(마전리),충청남도 금산군,추부면 마전리 353-2,127.46944444444445,36.19,[],충청남도,금산군
30084060,한국수자원공사,금산군(상곡리),충청북도 옥천군,이원면 윤정리 268-1,127.57638888888889,36.20472222222222,[],충청북도,옥천군
30084070,환경부,청주시(문화재조사연구단),충청북도 청주시,서원구 현도면 노산2길 3-57,127.44416666666667,36.455000000000005,[],충청북도,청주시
30084080,한국수자원공사,청원군(상장리),충청북도 청주시,문의면 상장리 산1-8,127.50861111111111,36.51277777777778,[],충청북도,청주시
30084090,한국수자원공사,옥천군(인포리),충청북도 옥천군,안내면 인포리 390-2,127.65611111111112,36.36972222222222,[],충청북도,옥천군
30094010,환경부,금산군(신대리),충청남도 금산군,복수면 신대리 448,127.37916666666666,36.21388888888889,[],충청남도,금산군
30094020,환경부,대전시(원촌교),대전광역시 대덕구,대화동 원촌교,127.41000000000001,36.37833333333333,[],대전광역시,대덕구
30094030,환경부,대전시(두계교),대전광역시 유성구,방동 두계교,127.27888888888889,36.26638888888889,[],대전광역시,유성구
30094040,환경부,대전시(만년교),대전광역시 서구,월평동 만년교,127.34972222222221,36.35166666666667,[],대전광역시,서구
30094050,환경부,대전시(인창교),대전광역시 동구,인동 인창교,127.43444444444445,36.32361111111111,[],대전광역시,동구
30104010,환경부,세종시(부강면사무소),세종특별자치시,부강면 부강5길 38,127.3711111111111,36.52916666666667,[],세종특별자치시,
30114010,환경부,천안시(병천초교),충청남도 천안시,병천면 병천2로 35,127.3,36.765,[],충청남도,천안시
30114020,환경부,청주시(흥덕교),충청북도 청주시,흥덕구 운천동 흥덕교,127.48138888888889,36.64666666666667,[],충청북도,청주시
30114030,환경부,진천군(진천여중),충청북도 진천군,진천읍 성석리 산8-6,127.45611111111111,36.869166666666665,[],충청북도,진천군
30114040,환경부,청주시(가덕초교),충청북도 청주시상당구,가덕면 병암리 97-1,127.5775,36.57805555555556,[],충청북도,청주시상당구
30114050,환경부,음성군(대소보건지소),충청북도 음성군,대소면 오태로 57-16,127.48388888888888,36.972500000000004,[],충청북도,음성군
30114060,환경부,증평군(반탄교),충청북도 증평군,증평읍 초중리 518 (반탄교),127.57249999999999,36.78361111111111,[],충청북도,증평군
30114070,환경부,세종시(농정원),세종특별자치시,조치원읍 군청로 87-16,127.2925,36.5925,[],세종특별자치시,
30114090,환경부,음성군(쌍봉리),충청북도 음성군,금왕면 쌍봉리 488,127.55527777777777,37.00277777777778,[],충청북도,음성군
30114100,환경부,천안시(화청교),충청남도 천안시,동면 화덕리 650,127.39805555555556,36.761944444444445,[],충청남도,천안시
30114110,환경부,옥산,충청북도 청원군 옥산면,환희리,127.36166666666666,36.67444444444444,[],충청북도,청원군
30114120,환경부,초평,충청북도 진천군 초평면,용정리 금곡교,127.53166666666667,36.846944444444446,[],충청북도,진천군
30124010,환경부,공주시(금강교),충청남도 공주시,신관동 금강교입구,127.12777777777777,36.47027777777778,[],충청남도,공주시
30124020,환경부,부여군(홍산초교),충청남도 부여군,홍산면 홍산로111번길 7,126.7625,36.2175,[],충청남도,부여군
30124030,기타,부여,충청북도 부여군,부여읍    구료리,126.91666666666667,36.266666666666666,[],충청북도,부여군
30124040,환경부,청양군(청양읍사무소),충청남도 청양군,청양읍 칠갑산로9길 32,126.80666666666666,36.453611111111115,[],충청남도,청양군
30124050,환경부,청양군(119안전센터),충청남도 청양군,정산면 용두리 76-8,126.94,36.418055555555554,[],충청남도,청양군
30124060,환경부,공주시(정안면사무소),충청남도 공주시,정안면 정안중앙길 157,127.12027777777777,36.60861111111111,[],충청남도,공주시
30124070,환경부,공주시(반포중),충청남도 공주시,반포면 원당1길 28,127.24305555555556,36.40361111111111,[],충청남도,공주시
30124080,환경부,공주시(복룡리),충청남도 공주시,이인면 복룡리 562-4,127.06805555555555,36.345555555555556,[],충청남도,공주시
30124090,환경부,부여군(백제교),충청남도 부여군,규암면 규암리 백제교,126.89166666666668,36.27583333333333,[],충청남도,부여군
30124100,환경부,공주시(유구초교),충청남도 공주시,유구읍 석남리 196-1,126.95055555555555,36.55361111111111,[],충청남도,공주시
30124110,환경부,세종시(문성교),세종특별자치시,장군면 평기리 349-9,127.19611111111111,36.514722222222225,[],세종특별자치시,
30124120,환경부,우성,충청남도 공주시 사곡면,화월리 국재교,127.04333333333334,36.4825,[],충청남도,공주시
30134010,환경부,논산시(연산중),충청남도 논산시,연산면 청동로 113-14,127.20694444444445,36.21333333333334,[],충청남도,논산시
30134020,환경부,완주군(장선초교),전라북도 완주군,운주면 장선리 505-1,127.27916666666667,36.09111111111111,[],전라북도,완주군
30134030,한국농어촌공사,탑정,충청남도 논산군,가야곡면  동면리,127.15,36.175555555555555,[],충청남도,논산군
30134040,환경부,논산시(동산초교),충청남도 논산시,양촌면 황산벌로 436번길 43-4,127.24166666666667,36.140277777777776,[],충청남도,논산시
30134050,환경부,논산시(토양리),충청남도 논산시,은진면 토양리 69(도),127.10249999999999,36.149166666666666,[],충청남도,논산시
30144010,환경부,논산시(황산리),충청남도 논산시,강경읍 금백로 45,127.00861111111111,36.154444444444444,[],충청남도,논산시
30144020,환경부,익산시(함열초교),전라북도 익산시,함열읍 함열8길 2,126.96527777777779,36.07972222222222,[],전라북도,익산시
30144030,환경부,서천군(망월리),충청남도 서천군,화양면 망월리 2-1,126.75694444444444,36.029444444444444,[],충청남도,서천군
30144040,환경부,서천군(충남디자인예술고),충청남도 서천군,한산면 한마로 114,126.80361111111111,36.08916666666667,[],충청남도,서천군
30144050,환경부,익산시(연동리),전라북도 익산시,삼기면 연동리 산1-1,127.035,36.03388888888889,[],전라북도,익산시
31014010,환경부,홍성군(홍성초교),충청남도 홍성군,홍성읍 조양로 43,126.65777777777778,36.599722222222226,[],충청남도,홍성군
31014020,환경부,예산군(예산국토),충청남도 예산군,오가면 오가중앙로 69,126.79777777777778,36.689722222222215,[],충청남도,예산군
31014030,환경부,예산군(덕산면사무소),충청남도 예산군,덕산면 덕산온천로 391,126.66527777777779,36.70138888888889,[],충청남도,예산군
31014040,한국농어촌공사,삽교호,충청남도 당진군 신평면,운정,126.82944444444443,36.88777777777778,[],충청남도,당진군
31014050,한국농어촌공사,예당,충청남도 예산군 대흥면,노동,126.5,37.9,[],충청남도,예산군
31014060,한국농어촌공사,궁평,충청남도 아산시 송악면,궁평리,127.0,36.733333333333334,[],충청남도,아산시
31014070,한국농어촌공사,아산,충청남도 아산시 모종면, ,127.01222222222222,36.78,[],충청남도,아산시
31014090,환경부,당진시(순성초교),충청남도 당진시,순성면 순성로 473,126.71166666666667,36.843333333333334,[],충청남도,당진시
31014100,환경부,청양군(가남초교),충청남도 청양군,비봉면 록평리 28-9,126.78805555555556,36.51583333333333,[],충청남도,청양군
31014110,환경부,예산군(신양리),충청남도 예산군,신양면 신양리 434,126.8611111111111,36.599722222222226,[],충청남도,예산군
31014120,환경부,아산시(초사초교),충청남도 아산시,초사길 122,126.97333333333333,36.75138888888889,[],충청남도,아산시
31014130,환경부,아산시(동방초교),충청남도 아산시,배방읍 휴대세교길 7-7,127.11333333333333,36.77972222222222,[],충청남도,아산시
31014140,환경부,천안시(신흥교),충청남도 천안시,동남구 광덕면 매당리 신흥교,127.11333333333333,36.70305555555556,[],충청남도,천안시
31014150,환경부,아산시(강청교),충청남도 아산시,염치읍 강청리 강청교,126.93361111111112,36.82166666666667,[],충청남도,아산시
31014160,한국농어촌공사,광시,충청남도 예산군,광시면 광시리 광시교,126.77916666666667,36.56083333333333,[],충청남도,예산군
31014170,한국농어촌공사,대흥,충청남도 예산군,대흥면 노동리 대흥관리소,126.815,36.63777777777778,[],충청남도,예산군
31014180,한국농어촌공사,송석,충청남도 예산군,대술면 송석리 송석저수지,126.94500000000001,36.68472222222222,[],충청남도,예산군
31014190,한국농어촌공사,예산2,충청남도 예산군,예산읍 주교리 농진공예산지사,126.83527777777778,36.668055555555554,[],충청남도,예산군
31014192,환경부,예산군(은사교),충청남도 예산군,광시면 용두리 은사교,126.77916666666667,36.56083333333333,[],충청남도,예산군
31014195,한국농어촌공사,신대교,충청남도 예산군 광시면,관음리 190-15 인근 교량,126.78527777777778,36.56944444444445,[],충청남도,예산군
31014198,한국농어촌공사,배약교,충청남도 예산군 신양면,녹문리 308번지 인근 교량,126.84888888888888,36.611666666666665,[],충청남도,예산군
32034010,환경부,보령시(미산면사무소),충청남도 보령시,미산면 내평리 357-2,126.67750000000001,36.21083333333333,[],충청남도,보령시
32034020,환경부,보령시(미산초교),충청남도 보령시,미산면 도화담리 94,126.67777777777778,36.28861111111111,[],충청남도,보령시
32034050,한국수자원공사,보령시(보령댐),충청남도 보령시,미산면 용수리 산39-1,126.63277777777778,36.24722222222222,[],충청남도,보령시
32034060,한국수자원공사,보령시(도화담리),충청남도 보령시,미산면 도화담리 79,126.68,36.28638888888889,[],충청남도,보령시
32034070,한국농어촌공사,청천,충남 보령시 죽정동,48-1,126.62555555555555,36.379444444444445,[],충남,보령시
33014010,환경부,완주군(고산중교),전라북도 완주군,고산면 읍내3길 41 고산중학교,127.20833333333334,35.978611111111114,[],전라북도,완주군
33014020,환경부,군산시(임피초교),전라북도 군산시,임피면 읍내리 임피초등학교,126.84888888888888,35.987500000000004,[],전라북도,군산시
33014030,한국농어촌공사,경천,전라북도 완주군 경천면,경천,127.2388888888889,36.02111111111111,[],전라북도,완주군
33014040,한국농어촌공사,대아,전라북도 완주군 고산면,소향,127.26305555555555,35.9825,[],전라북도,완주군
33014050,한국농어촌공사,동상,전라북도 완주군 동상면,수만,127.27416666666666,35.95305555555556,[],전라북도,완주군
33014060,환경부,대천,전라북도 완주군 삼례읍,삼례리 삼례교,127.07777777777777,35.896388888888886,[],전라북도,완주군
33014070,환경부,완주군(구이초교),전라북도 완주군,구이면 항가리 구이초등학교,127.11999999999999,35.72027777777778,[],전라북도,완주군
33014080,환경부,김제시(용지초교),전라북도 김제시,용지면 구암리 용지초등학교,126.9588888888889,35.85472222222222,[],전라북도,김제시
33014090,환경부,익산시(미륵초교),전라북도 익산시,금마면 용순리 미륵초등학교,127.0225,36.00138888888889,[],전라북도,익산시
33014100,환경부,전주시(미산교),전라북도 전주시,덕진구 전미동2가 미산교,127.0975,35.879444444444445,[],전라북도,전주시
33014110,환경부,완주군(용봉교),전라북도 완주군,봉동읍 장기리 용봉교,127.17083333333333,35.94194444444444,[],전라북도,완주군
33014120,환경부,완주군(용진초교),전라북도 완주군,용진면 상삼리 용진초등학교,127.17555555555556,35.85722222222223,[],전라북도,완주군
33024020,환경부,김제시(금구초교),전라북도 김제시,금구면 금구리 금구초등학교,127.01305555555555,35.774166666666666,[],전라북도,김제시
33024030,환경부,정읍시(고부초교),전라북도 정읍시,고부면 고부리 고부초등학교,126.7713888888889,35.62138888888889,[],전라북도,정읍시
33024040,환경부,김제시(김제중앙중교),전라북도 김제시,옥산동 김제중앙중학교,126.8888888888889,35.82833333333333,[],전라북도,김제시
33024050,환경부,정읍시(태인중교),전라북도 정읍시,태인면 태성리 태인중학교,126.93722222222223,35.653888888888886,[],전라북도,정읍시
33024070,환경부,정읍시(산외중교),전라북도 정읍시,산외면 정량리 산외중학교,127.04472222222222,35.61888888888889,[],전라북도,정읍시
33024080,환경부,정읍시(정읍북초교),전라북도 정읍시,농소동 정읍북초등학교,126.84944444444444,35.578611111111115,[],전라북도,정읍시
33034030,한국수자원공사,부안군(부안댐),전라북도 부안군,변산면 부안댐로 286-26,126.57166666666666,35.67861111111111,[],전라북도,부안군
33034040,한국수자원공사,부안군(부안청림천문대),전라북도 부안군 상서면,청림리 523-3,126.61527777777778,35.657777777777774,[],전라북도,부안군
40014030,한국농어촌공사,약수,전라남도 장성군 북하면,약수리,126.92777777777778,35.42472222222222,[],전라남도,장성군
40014050,한국수자원공사,순창군(시산리),전라북도 순창군,쌍치면 시산리,126.93944444444445,35.485,[],전라북도,순창군
40014060,한국수자원공사,임실군(용암리),전라북도 임실군,신평면 용암리,127.20722222222223,35.64055555555556,[],전라북도,임실군
40014070,한국수자원공사,진안군(도통리),전라북도 진안군,성수면 도통리,127.34666666666666,35.708333333333336,[],전라북도,진안군
40024010,환경부,강진, , ,127.16527777777779,35.526944444444446,[],,
40024020,한국수자원공사,임실군(섬진강댐),전라북도 임실군,강진면 용수리 산5,127.11361111111111,35.53944444444444,[],전라북도,임실군
40024030,환경부,임실군(일중리),전라북도 임실군,덕치면 일중리,127.15,35.49638888888889,[],전라북도,임실군
40024040,환경부,임실군(두복리),전라북도 임실군,청웅면 두복리 백련산정상,127.16888888888889,35.5675,[],전라북도,임실군
40024050,환경부,순창군(평남리),전라북도 순창군,적성면 평남리,127.21583333333334,35.42333333333333,[],전라북도,순창군
40024060,환경부,임실군(청웅면사무소),전라북도 임실군 청웅면, ,127.20111111111112,35.56944444444445,[],전라북도,임실군
40034010,환경부,임실군(문화체육센터),전라북도 임실군,오수면 오수리 임실군문화체육센터,127.33305555555555,35.54527777777778,[],전라북도,임실군
40034020,환경부,순창군(현포리),전라북도 순창군,동계면 현포리,127.24527777777777,35.43944444444444,[],전라북도,순창군
40034030,환경부,임실군(오봉리),전라북도 임실군,성수면 오봉리,127.34777777777778,35.63,[],전라북도,임실군
40044010,환경부,곡성군(옥과톨게이트),전라남도 곡성군,오산면 연화리 (옥과TG),127.11694444444444,35.26138888888889,[],전라남도,곡성군
40044020,환경부,순창, , ,127.14027777777778,35.37166666666667,[],,
40044030,환경부,순창군(옥천교),전라북도 순창군,순창읍 순화리 옥천교,127.13333333333334,35.374722222222225,[],전라북도,순창군
40044040,환경부,순창군(유적교),전라북도 순창군,적성면 고원리 유적교,127.20916666666668,35.39277777777778,[],전라북도,순창군
40044060,환경부,남원시(신덕리),전라북도 남원시,대강면 신덕리,127.21666666666667,35.331388888888895,[],전라북도,남원시
40044070,환경부,곡성군(괴소리),전라남도 곡성군 삼기면, ,127.22583333333334,35.22777777777778,[],전라남도,곡성군
40054020,환경부,남원시(동림교),전라북도 남원시,신촌동 동림교,127.3913888888889,35.40861111111111,[],전라북도,남원시
40054030,환경부,장수군(동화저수지),전라북도 장수군,번암면 죽림리 (동화저수지),127.53861111111111,35.54555555555555,[],전라북도,장수군
40054040,환경부,남원시(요천대교),전라북도 남원시,송동면 세전리 요천대교,127.31138888888889,35.31888888888889,[],전라북도,남원시
40064010,환경부,곡성군(고달교),전라남도 곡성군,고달면 뇌죽리 고달교 상류,127.32944444444443,35.29472222222222,[],전라남도,곡성군
40074020,환경부,복내, , ,127.12444444444444,34.88916666666667,[],,
40074030,환경부,보성, , ,127.0936111111111,35.7625,[],,
40074040,한국수자원공사,보성,전라남도 보성군,겸백면 용산리 산 35-1,127.14722222222223,34.80222222222222,[],전라남도,보성군
40074050,한국수자원공사,화순군(동복댐),전라남도 화순군,동복면 연월리 산 127-2,127.10416666666666,35.080555555555556,[],전라남도,화순군
40074060,한국수자원공사,보성군(복내리),전라남도 보성군,복내면 복내리 197-6,127.13666666666667,34.89333333333333,[],전라남도,보성군
40074070,한국수자원공사,순천시(우산리),전라남도 순천시,송광면 우산리 795-5,127.22611111111111,34.970555555555556,[],전라남도,순천시
40074080,한국수자원공사,순천시(주암댐),전라남도 순천시,주암면 구산리 786-1,127.23861111111111,35.05833333333333,[],전라남도,순천시
40074082,한국수자원공사,장흥군(봉동리),전라남도 장흥군,장동면 봉동리 245-1,127.00944444444444,34.77861111111111,[],전라남도,장흥군
40074090,한국수자원공사,보성군(보성강댐),전라남도 보성군,겸백면 용산리 산 35-1(취수탑),127.14722222222223,34.80222222222222,[],전라남도,보성군
40074092,한국수력원자력,보성강댐,전라남도 보성군,득량면 충의로 1771-18,127.1538888888889,34.78388888888889,[],전라남도,보성군
40074126,한국수력원자력,웅치,전라남도 보성군 웅치면 용반리, ,127.00583333333333,34.69888888888889,[],전라남도,보성군
40074127,한국수력원자력,장평,전라남도 장흥군 장평면 봉림리, ,126.93305555555555,34.79888888888889,[],전라남도,장흥군
40074140,한국수자원공사,화순군(동가리),전라남도 화순군,한천면 동가리 311-8,127.06611111111111,34.96333333333334,[],전라남도,화순군
40074143,한국수자원공사,화순군(맹리),전라남도 보성군,북면 맹리 568-3,127.09555555555555,35.175555555555555,[],전라남도,보성군
40074145,한국수력원자력,보성교,전라남도 보성군 보성읍,옥평리 893-5 보성교(구),127.09444444444443,34.77055555555555,[],전라남도,보성군
40074146,한국수력원자력,죽동교,전라남도 장흥군 장평면,녹양리 557,127.00138888888888,34.79277777777778,[],전라남도,장흥군
40074147,한국수력원자력,광곡교,전라남도 보성군 노동면,광곡리 758-1,127.0736111111111,34.794999999999995,[],전라남도,보성군
40084010,환경부,곡성군(태안교),전라남도 곡성군,죽곡면 유봉리 태안교,127.34666666666666,35.16027777777778,[],전라남도,곡성군
40084020,환경부,곡성군(석곡톨게이트),전라남도 곡성군,석곡면 유정리 (석곡TG),127.25,35.126666666666665,[],전라남도,곡성군
40094010,기타,하동,경상남도 하동,하동 읍내,127.7425,35.07083333333334,[],경상남도,하동
40094030,기타,삼일암,전라남도 구례군,광의군 방광리,127.46694444444445,35.260555555555555,[],전라남도,구례군
40094040,기타,범왕,경상남도 하동,화개 범왕,127.62083333333332,35.28194444444444,[],경상남도,하동
40094050,환경부,하동군(묵계리),경상남도 하동군,청암면 묵계리 (주차장),127.70944444444444,35.24305555555556,[],경상남도,하동군
40094060,환경부,구례군(구례교),전라남도 구례군,구례읍 신월리 구례교,127.45416666666667,35.16555555555556,[],전라남도,구례군
40094070,환경부,구례군(문수리경로당),전라남도 구례군,토지면 상죽길 8 문수리경로당,127.52055555555556,35.223333333333336,[],전라남도,구례군
40094080,환경부,하동군(쌍계초교),경상남도 하동군,화개면 운수리 쌍계초등학교,127.64500000000001,35.23388888888889,[],경상남도,하동군
40094090,환경부,하동군(읍내리),경상남도 하동군,하동읍 읍내리,127.74055555555556,35.06666666666667,[],경상남도,하동군
40094100,환경부,하동군(횡천초교),경상남도 하동군,횡천면 횡천리 횡천초등학교,127.80833333333334,35.11083333333333,[],경상남도,하동군
40094110,환경부,곡성군(예성교),전라남도 곡성군,오곡면 압록리,127.37416666666665,35.198611111111106,[],전라남도,곡성군
40094120,환경부,광양시(남도대교),전라남도 광양시,다압면 하천리,127.62638888888888,35.181666666666665,[],전라남도,광양시
40094140,환경부,광양시(다압취수장),전라남도 광양시,다압면 고사리(다압취수장),127.68333333333334,35.13722222222222,[],전라남도,광양시
40094150,환경부,순천시(괴목리),전라남도 순천시,황전면 괴목리,127.42861111111111,35.10166666666667,[],전라남도,순천시
40094160,환경부,구례군(서시교),전라남도 구례군,구례읍 봉동리 서시교,127.47472222222223,35.211111111111116,[],전라남도,구례군
40094170,환경부,구례군(문수리),전라남도 구례군 토지면,문수리,127.52888888888889,35.293055555555554,[],전라남도,구례군
41044020,한국수자원공사,순천시(주암조절지댐),전라남도 순천시,상사면 용계리 산 212-1,127.42777777777778,34.942499999999995,[],전라남도,순천시
41044030,한국수자원공사,순천시(죽학리),전라남도 순천시,승주읍 죽학리 75-14,127.365,34.98777777777778,[],전라남도,순천시
41044040,환경부,순천국토관리사무소,전라남도 순천시,덕월동 순천국토관리사무소,127.49111111111111,34.931666666666665,[],전라남도,순천시
41054030,한국수자원공사,광양시(수어댐),전라남도 광양시,진상면 섬거리 35-1,127.72055555555556,35.029444444444444,[],전라남도,광양시
41054050,한국수자원공사,광양시(어치리),전라남도 광양시,진상면 어치리 737,127.67805555555556,35.07638888888889,[],전라남도,광양시
50014010,한국농어촌공사,용면,전라남도 담양군 용면, ,126.98333333333333,35.36666666666667,[],전라남도,담양군
50014020,환경부,광주광역시(대성초교),광주광역시 남구,서동 대성초등학교,126.90472222222223,35.14361111111111,[],광주광역시,남구
50014030,환경부,담양군(광주댐),전라남도 담양군,고서면 분향리 광주댐내,126.98944444444444,35.199999999999996,[],전라남도,담양군
50014040,환경부,광주광역시(무등산2중계소),광주광역시 동구,용연동 무등산2중계소,126.99694444444445,35.115,[],광주광역시,동구
50014050,환경부,담양군(담양댐),전라남도 담양군,용면 도림리 취수탑 도교,127.01388888888889,35.373333333333335,[],전라남도,담양군
50014060,환경부,담양군(삼지교),전라남도 담양군,수북면 정중리 삼지교 하류,126.93583333333333,35.27055555555555,[],전라남도,담양군
50014070,한국수자원공사,담양군(담양홍수조절지),전라남도 담양군 월산면,화방리 201-3,126.96722222222222,35.335,[],전라남도,담양군
50024010,환경부,장성,전라남도 장성군 장성읍,선산리 농촌지도소,126.80777777777777,35.31722222222223,[],전라남도,장성군
50024020,환경부,장성군(백암저수지),전라남도 장성군,북이면 백암리 백암제,126.77527777777777,35.447222222222216,[],전라남도,장성군
50024030,환경부,장성군(장성댐),전라남도 장성군,장성읍 용강리 취수탑,126.81972222222223,35.35444444444445,[],전라남도,장성군
50024040,환경부,장성군(월평리),전남 장성군 황룡면, ,126.77694444444444,35.29055555555556,[],전남,장성군
50024050,한국수자원공사,장성군(수산리),전남 장성군 삼계면 ,수산리 789,126.67083333333333,35.303888888888885,[],전남,장성군
50024051,한국수자원공사,장성군(평림댐),전남 장성군 삼계면,수옥리 861-21,126.6825,35.28527777777778,[],전남,장성군
50034030,환경부,나주시(나주댐),전라남도 나주시,다도면 판촌리 취수탑 도교,126.84444444444443,34.96416666666667,[],전라남도,나주시
50034040,환경부,화순군(신성교),전라남도 화순군,도곡면 평리 신성교 하류,126.8963888888889,35.00333333333333,[],전라남도,화순군
50034050,환경부,광주광역시(양과동),광주광역시 남구,양과동 (구)대촌동초등학교,126.86638888888888,35.086111111111116,[],광주광역시,남구
50034060,환경부,화순군(동면초교),전라남도 화순군,동면 장동리 동면초등학교,127.04138888888889,35.03111111111111,[],전라남도,화순군
50034070,환경부,화순군(청풍초교),전라남도 화순군,청풍면 차리 청풍초등학교,126.97111111111111,34.875277777777775,[],전라남도,화순군
50034080,한국수자원공사,화순군(화순홍수조절지),전라남도 화순군 청풍면,풍암리 91-1,126.98444444444445,34.92722222222222,[],전라남도,화순군
50044010,환경부,영산포,전라남도 화순군 능주면,능주교,126.79833333333333,34.99388888888889,[],전라남도,화순군
50044020,환경부,도암,전라남도 나주시 이창동,영산포여중,126.73222222222222,34.98444444444444,[],전라남도,나주시
50044030,환경부,광주광역시(동곡초교),광주광역시 광산구,하산동 동곡초등학교,126.77305555555556,35.09777777777778,[],광주광역시,광산구
50044040,환경부,나주시(봉황초교),전라남도 나주시,봉황면 죽석리 봉황초등학교,126.78916666666666,34.9575,[],전라남도,나주시
50054010,환경부,장성군(삼서면사무소),전라남도 장성군,삼서면 대곡리 삼서면사무소,126.64583333333334,35.231944444444444,[],전라남도,장성군
50054020,환경부,함평군(나산교),전라남도 함평군,나산면 삼축리 나산교 하류,126.61194444444443,35.11138888888889,[],전라남도,함평군
50064020,환경부,함평군(기산초교),전라남도 함평군,함평읍 기각리 기산초등학교,126.51777777777778,35.06777777777778,[],전라남도,함평군
50074010,환경부,영암군(도포중교),전라남도 영암군,도포면 구학리 도포중학교,126.64361111111111,34.85,[],전라남도,영암군
50074020,환경부,영암군(장천초교),전라남도 영암군 서호면, ,126.58166666666666,34.75555555555555,[],전라남도,영암군
50084010,환경부,하구언(내),전라남도 영암군,삼호면 나불리 삼호대교,126.44916666666667,34.78611111111111,[],전라남도,영암군
51014020,환경부,강진군(병영면사무소),전라남도 강진군,병영면 성남리 병영면사무소,126.81277777777777,34.717222222222226,[],전라남도,강진군
51014030,환경부,장흥군(조양리),전라남도 장흥군,유치면 조양리 버스승강장옆,126.83416666666666,34.80083333333333,[],전라남도,장흥군
51014040,한국수자원공사,영암군(한대리),전라남도 영암군,영암읍 한대리 262-1,126.78444444444445,34.80638888888888,[],전라남도,영암군
51014050,한국수자원공사,장흥군(운월리),전라남도 장흥군,유치면 운월리 603,126.8536111111111,34.83638888888889,[],전라남도,장흥군
51014060,한국수자원공사,장흥군(장흥댐),전라남도 장흥군,부산면 지천리 133-1,126.8888888888889,34.750277777777775,[],전라남도,장흥군
51014070,한국수자원공사,탐진댐,전라남도 장흥군 부산면,지천리133-1,126.8938888888889,34.7525,[],전라남도,장흥군
51014080,환경부,강진군(작천중교),전라남도 강진군,작천면 평리3길 1 작천중학교,126.77111111111111,34.70611111111111,[],전라남도,강진군
51014090,환경부,강진군(석교교),전라남도 강진군,군동면 석교리 석교교 상류,126.81638888888888,34.63611111111111,[],전라남도,강진군
51014100,환경부,장흥군(별천교),전라남도 장흥군,부산면 금자리 별천교 하류,126.90611111111112,34.731388888888894,[],전라남도,장흥군
51014150,환경부,병영,전라남도 강진군 병영면,병영면사무소 내,126.81916666666666,34.714444444444446,[],전라남도,강진군
53024010,환경부,목포,전라남도 목포시 유달동,서산국교,126.38333333333334,34.78333333333333,[],전라남도,목포시
99999999,한국수자원공사,평림댐,전라남도 장성군,삼계면 수옥리 762-3,126.67083333333333,35.303888888888885,[],전라남도,장성군
