지자체명,단수지역,단수사유,단수시작일시,단수시작시간,단수종료일시,단수종료시간,공사명,공사개요,작성부서,작성일,담당자,연락처
단양군,단양읍 후곡리,상수관로 공사에 따른 단수,2019-11-26,9:40,2019-11-26,16:00,후곡 하자보수,단양군 하자보수로 인한 단수(후곡리),충주권지사,2019-11-26,,
단양군,삼화동,상수관로 누수,2019-11-19,14:00,2019-11-19,15:00,누수복구,배수관로 누수,충주권지사,2019-11-18,,
단양군,장발리,상수관로 공사에 따른 단수,2019-11-07,0:00,2019-11-07,0:00,상수도관로공사,상수도관로공사,충주권지사,2019-11-07,,
단양군,어상천,시설물 고장,2019-09-02,13:00,2019-09-02,18:00,긴급단수,긴급단수,충주권지사,2019-09-02,,
단양군,매포읍 안동길,단양군 우덕교 교량확장공사 손괴사고,2019-08-15,12:30,2019-08-15,16:30,단양군 우덕교 교량확장공사,단양군 우덕교 교량확장공사,충주권지사,2019-08-15,표명준,043-420-2312
단양군,매포읍 평동 3리,계량기함 이설,2019-04-12,14:00,2019-04-12,14:30,계량기함 이설,계량기함 이설,충주권지사,2019-04-12,,
완도군,금일읍 하화전리,원관누수복구,2019-04-06,11:00,2019-04-06,16:00,원관보수작업,원관누수복구,완도수도관리단,2019-04-06,,
진도군,의신면 정지리,의신천 교량공사중 급수관로 중첩으로 인한 이설,2019-12-05,14:00,2019-12-05,17:00,의신천 정비공사,100mm 급수관로 30m 매설 후 연결작업 시행,진도수도관리단,2019-12-04,,
진도군,연주마을,연주마을 관로 누수복구,2019-11-15,0:00,2019-11-15,17:00,누수복구,연주마을 관로 누수복구,진도수도관리단,2019-11-13,,
진도군,금갑 해수욕장 입구~ 접도,금갑 해수욕장 입구 관로 간섭으로 인한 하월공사,2019-11-18,14:00,2019-11-18,17:00,관로 하월공사,금갑 해수욕장 입구 관로 간섭으로 인한 하월공사,진도수도관리단,2019-11-13,,
진도군,진도읍 염장마을,염장마을회관 앞 관로 누수복구,2019-11-14,14:00,2019-11-14,17:00,누수복구,염장마을회관 앞 관로 누수복구,진도수도관리단,2019-11-13,,
진도군,진도읍 포산마을 일원,배수로정비공사관련 하월작업으로 인한 단수,2019-08-01,0:00,2019-08-01,0:00,포산마을 배수로정비 공사,배수로정비공사관련 하월작업,진도수도관리단,2019-08-01,,
진도군,군내면 신동마을,관망정비공사 구관마감작업으로 인한 단수,2019-06-19,0:00,2019-06-19,0:00,관망정비공사,관망정비공사 구관마감작업으로 인한 단수,진도수도관리단,2019-06-19,,
진도군,보전마을,보전가압장 신설,2019-06-14,13:00,2019-06-14,17:00,가압장신설,보전가압장 신설,진도수도관리단,2019-06-11,,
진도군,군내면 신동마을 일원,관망정비공사 신관로연결,2019-05-16,14:00,2019-05-16,17:00,관망정비공사,관망정비공사 신관로연결,진도수도관리단,2019-05-15,,
진도군,진도읍 남산,전신주 공사 중 관로 파손,2019-04-27,11:00,2019-04-27,14:00,긴급복구,긴급복구,진도수도관리단,2019-04-27,,
진도군,진도읍 고막매 일원,노후밸브 교체공사,2019-04-25,14:00,2019-04-25,16:00,밸브교체공사,노후밸브 교체공사,진도수도관리단,2019-04-25,,
진도군,군내 금성,관로이탈,2019-04-22,13:00,2019-04-22,14:00,복구공사,관로이탈,진도수도관리단,2019-04-22,,
진도군,진도읍 쌍정리,소화전이설공사,2019-04-18,14:00,2019-04-18,17:00,이설공사,소화전이설공사,진도수도관리단,2019-04-16,,
진도군,의신면 신생동,소화전교체에 따른 단수,2019-04-05,9:30,2019-04-05,11:30,소화전교체,소화전교체공사,진도수도관리단,2019-04-04,,
진도군,진도읍 쌍정리길,소화전이설공사,2019-04-04,0:00,2019-04-04,0:00,소화전이설,소화전이설공사,진도수도관리단,2019-04-02,,
진도군,진도읍일원,SK공사중 관로 터짐,2019-03-21,0:00,2019-03-21,0:00,긴급관로복구공사,복구공사,진도수도관리단,2019-03-21,,
진도군,고군면 벌포마을,상수관로 밸브교체공사,2019-03-15,0:00,2019-03-15,0:00,밸브교체공사,교체공사,진도수도관리단,2019-03-15,,
진도군,지산면 독치마을,상수도관로공사,2019-02-18,0:00,2019-02-18,0:00,상수관로공사,관로공사,진도수도관리단,2019-02-18,,
진도군,군내면 대사리,군내면 대사리 하천구간 노후관 교체,2019-01-22,13:30,2019-01-22,17:30,하천구간 노후관교체,하천구간 노후관교체,진도수도관리단,2019-01-21,,
진도군,의신면 송군,송군마을 관로연결작업,2019-01-18,14:00,2019-01-18,17:00,관로연결작업,관로연결작업,진도수도관리단,2019-01-17,,
진도군,군내며 대사,하천구간 노후관 교체,2019-01-17,14:00,2019-01-17,18:00,노후관 교체공사,군내면 대사리 하천구간 노후관 교체,진도수도관리단,2019-01-16,,
청송군,주왕산면 법수길,누수복구작업,2019-12-31,13:50,2019-12-31,18:00,누수복구작업,누수복구작업,청송권지사,2019-12-31,황은경,054-870-0100
청송군,현서면 두현리,우회관로 이설공사(청송군),2019-12-24,10:00,2019-12-24,12:00,우회관로 이설공사(청송군),우회관로 이설공사(청송군),청송권지사,2019-12-23,황은경,054-870-0100
청송군,현서면 덕계리,우회관로 이설공사(청송군),2019-12-24,10:00,2019-12-24,12:00,우회관로 이설공사(청송군),우회관로 이설공사(청송군),청송권지사,2019-12-23,황은경,054-870-0100
청송군,진보면 경동로,수도관로 이설 작업,2019-12-24,9:00,2019-12-24,10:00,수도관로 이설 작업,수도관로 이설 작업,청송권지사,2019-12-23,황은경,054-870-0100
청송군,진보면 참막길,수도관로 이설 작업,2019-12-24,9:00,2019-12-24,10:00,수도관로 이설 작업,수도관로 이설 작업,청송권지사,2019-12-23,황은경,054-870-0100
청송군,현동면 인지리,상수도 관로 교체 작업,2019-12-24,14:00,2019-12-24,17:00,상수도 관로 교체 작업,상수도 관로 교체 작업,청송권지사,2019-12-23,황은경,054-870-0100
청송군,현서면 두현리,우회관로 이설공사(청송군),2019-12-20,14:00,2019-12-20,16:00,우회관로 이설공사(청송군),우회관로 이설공사(청송군),청송권지사,2019-12-19,황은경,054-870-0100
청송군,현서면 덕계리,우회관로 이설공사(청송군),2019-12-20,14:00,2019-12-20,16:00,우회관로 이설공사(청송군),우회관로 이설공사(청송군),청송권지사,2019-12-19,황은경,054-870-0100
청송군,진보 이무곡,설비 교체 작업,2019-12-19,11:30,2019-12-19,12:00,설비 교체 작업,설비 교체 작업,청송권지사,2019-12-19,황은경,054-870-0100
청송군,진보로,보호통 교체공사,2019-12-19,14:00,2019-12-19,16:00,보호통 교체공사,보호통 교체공사,청송권지사,2019-12-19,황은경,054-870-0100
청송군,진안3리,보호통 교체공사,2019-12-19,14:00,2019-12-19,16:00,보호통 교체공사,보호통 교체공사,청송권지사,2019-12-19,황은경,054-870-0100
청송군,반도타운,앵글밸브교체작업,2019-12-19,13:30,2019-12-19,14:00,앵글밸브교체작업,앵글밸브교체작업,청송권지사,2019-12-19,황은경,054-870-0100
청송군,청송읍 월막2길,앵글밸브교체작업,2019-12-19,13:30,2019-12-19,14:00,앵글밸브교체작업,앵글밸브교체작업,청송권지사,2019-12-19,황은경,054-870-0100
청송군,진보면 동천길,앵글밸브 교체작업,2019-12-17,9:40,2019-12-17,10:30,앵글밸브 교체작업,앵글밸브 교체작업,청송권지사,2019-12-17,황은경,054-870-0100
청송군,약수길,앵글밸브 교체 작업,2019-12-16,14:20,2019-12-16,15:00,앵글밸브 교체 작업,앵글밸브 교체 작업,청송권지사,2019-12-16,황은경,054-870-0100
청송군,진보면 각산리,긴급 누수 복구 작업,2019-12-12,19:00,2019-12-12,21:00,긴급 누수 복구 작업,긴급 누수 복구 작업,청송권지사,2019-12-12,황은경,054-870-0100
청송군,현동면 도평리,신규급수공사,2019-12-12,13:30,2019-12-12,16:00,신규급수공사,신규급수공사,청송권지사,2019-12-11,황은경,054-870-0100
청송군,진보면 신촌리,단계시험,2019-12-11,15:00,2019-12-11,15:30,단계시험,단계시험,청송권지사,2019-12-11,황은경,054-870-0100
청송군,진안남3길,앵글밸브 교체 작업,2019-12-11,10:00,2019-12-11,11:00,앵글밸브 교체 작업,앵글밸브 교체 작업,청송권지사,2019-12-11,황은경,054-870-0100
청송군,진안남2길,앵글밸브 교체 작업,2019-12-11,10:00,2019-12-11,11:00,앵글밸브 교체 작업,앵글밸브 교체 작업,청송권지사,2019-12-11,황은경,054-870-0100
청송군,진보로128~142,앵글밸브 교체 작업,2019-12-11,9:30,2019-12-11,11:00,앵글밸브 교체 작업,앵글밸브 교체 작업,청송권지사,2019-12-10,황은경,054-870-0100
청송군,한라아파트,내부급수공사,2019-12-10,9:30,2019-12-10,10:30,내부급수공사,내부급수공사,청송권지사,2019-12-09,황은경,054-870-0100
청송군,청송읍 부곡길,긴급 누수 복구 작업,2019-12-05,13:50,2019-12-05,15:00,긴급 누수 복구 작업,긴급 누수 복구 작업,청송권지사,2019-12-05,황은경,054-870-0100
청송군,한라아파트,앵글밸브교체,2019-12-05,10:30,2019-12-05,11:00,앵글밸브교체,앵글밸브교체,청송권지사,2019-12-05,황은경,054-870-0100
청송군,부남면 대전리,긴급 누수 복구,2019-12-03,14:30,2019-12-03,15:00,긴급 누수 복구,긴급 누수 복구,청송권지사,2019-12-03,황은경,054-870-0100
청송군,안덕면 장전리,긴급 누수 복구,2019-12-03,10:30,2019-12-03,11:30,긴급 누수 복구,긴급 누수 복구,청송권지사,2019-12-03,황은경,054-870-0100
청송군,진보면 괴정2리,가압장 증설,2019-12-03,14:00,2019-12-03,16:00,가압장 증설,가압장 증설,청송권지사,2019-12-02,황은경,054-870-0100
청송군,진보면 신촌리,가압장 증설,2019-12-03,14:00,2019-12-03,16:00,가압장 증설,가압장 증설,청송권지사,2019-12-02,황은경,054-870-0100
청송군,진보면 고현리,가압장 증설,2019-12-03,14:00,2019-12-03,16:00,가압장 증설,가압장 증설,청송권지사,2019-12-02,황은경,054-870-0100
청송군,진보로,도로 누수 복구,2019-12-02,14:00,2019-12-02,17:00,도로 누수 복구,도로 누수 복구,청송권지사,2019-12-02,황은경,054-870-0100
청송군,진보면 진안남3길,도로 누수 복구,2019-12-02,14:00,2019-12-02,17:00,도로 누수 복구,도로 누수 복구,청송권지사,2019-12-02,황은경,054-870-0100
청송군,진보면 진안남2길,도로 누수 복구,2019-12-02,14:00,2019-12-02,17:00,도로 누수 복구,도로 누수 복구,청송권지사,2019-12-02,황은경,054-870-0100
청송군,진보면 괴정2리,가압장 증설,2019-12-03,14:00,2019-12-03,16:00,가압장 증설,가압장 증설,청송권지사,2019-11-29,황은경,054-870-0100
청송군,진보면 신촌리,가압장 증설,2019-12-03,14:00,2019-12-03,16:00,가압장 증설,가압장 증설,청송권지사,2019-11-29,황은경,054-870-0100
청송군,진보면 고현리,가압장 증설,2019-12-03,14:00,2019-12-03,16:00,가압장 증설,가압장 증설,청송권지사,2019-11-29,황은경,054-870-0100
청송군,현동면 새마을로,긴급누수복구,2019-11-28,11:00,2019-11-28,11:30,긴급누수복구,긴급누수복구,청송권지사,2019-11-28,황은경,054-870-0100
청송군,현동면 부흥길,긴급누수복구,2019-11-28,11:00,2019-11-28,11:30,긴급누수복구,긴급누수복구,청송권지사,2019-11-28,황은경,054-870-0100
청송군,현동면 병보천길,긴급누수복구,2019-11-28,11:00,2019-11-28,11:30,긴급누수복구,긴급누수복구,청송권지사,2019-11-28,황은경,054-870-0100
청송군,주왕산면 신점2리,누수복구,2019-11-27,10:00,2019-11-27,11:30,누수복구,누수복구,청송권지사,2019-11-27,황은경,054-870-0100
청송군,주왕산면 신점2리,누수복구,2019-11-27,10:00,2019-11-27,11:30,누수복구,누수복구,청송권지사,2019-11-27,황은경,054-870-0100
청송군,부남면 아방실길,누수복구,2019-11-23,9:00,2019-11-23,12:00,누수복구,누수복구,청송권지사,2019-11-22,황은경,054-870-0100
청송군,부남면 감연길,누수복구,2019-11-23,9:00,2019-11-23,12:00,누수복구,누수복구,청송권지사,2019-11-22,황은경,054-870-0100
청송군,진보면 진보로,긴급누수복구,2019-11-22,9:20,2019-11-22,18:00,긴급누수복구,긴급누수복구,청송권지사,2019-11-22,황은경,054-870-0100
청송군,진보면 이촌2길,긴급누수복구,2019-11-22,9:20,2019-11-22,18:00,긴급누수복구,긴급누수복구,청송권지사,2019-11-22,황은경,054-870-0100
청송군,진보면 이촌1길,긴급누수복구,2019-11-22,9:20,2019-11-22,18:00,긴급누수복구,긴급누수복구,청송권지사,2019-11-22,황은경,054-870-0100
청송군,진보면 진성서길,긴급누수복구,2019-11-22,9:20,2019-11-22,18:00,긴급누수복구,긴급누수복구,청송권지사,2019-11-22,황은경,054-870-0100
청송군,진보면 못안길,긴급누수복구,2019-11-22,9:20,2019-11-22,18:00,긴급누수복구,긴급누수복구,청송권지사,2019-11-22,황은경,054-870-0100
청송군,진보면 진보로,앵글밸브 교체 작업,2019-11-14,15:00,2019-11-14,15:30,앵글밸브 교체 작업,앵글밸브 교체 작업,청송권지사,2019-11-14,황은경,054-870-0100
청송군,진보면 진안남,앵글밸브 교체 작업,2019-11-14,15:00,2019-11-14,15:30,앵글밸브 교체 작업,앵글밸브 교체 작업,청송권지사,2019-11-14,황은경,054-870-0100
청송군,진보면 진보로,앵글밸브 교체 작업,2019-11-14,14:30,2019-11-14,15:00,앵글밸브 교체 작업,앵글밸브 교체 작업,청송권지사,2019-11-14,황은경,054-870-0100
청송군,진보면 진안남,앵글밸브 교체 작업,2019-11-14,14:30,2019-11-14,15:00,앵글밸브 교체 작업,앵글밸브 교체 작업,청송권지사,2019-11-14,황은경,054-870-0100
청송군,진보면 동천길,누수복구작업,2019-11-12,15:00,2019-11-12,17:00,누수복구작업,누수복구작업,청송권지사,2019-11-11,황은경,054-870-0100
청송군,현서면 구산리,관로 세척 작업,2019-11-06,21:00,2019-11-07,2:00,관로 세척 작업,관로 세척 작업,청송권지사,2019-11-04,황은경,054-870-0100
청송군,현서면 두현리,관로 세척 작업,2019-11-05,21:00,2019-11-06,2:00,관로 세척 작업,관로 세척 작업,청송권지사,2019-11-04,황은경,054-870-0100
청송군,현서면 덕계리,관로 세척 작업,2019-11-05,21:00,2019-11-06,2:00,관로 세척 작업,관로 세척 작업,청송권지사,2019-11-04,황은경,054-870-0100
청송군,현서면 용당길,퇴수구 설치공사,2019-11-04,9:30,2019-11-04,11:00,퇴수구 설치공사,퇴수구 설치공사,청송권지사,2019-11-04,황은경,054-870-0100
청송군,부남면 대전리,부남면 신규급수공사,2019-10-31,15:30,2019-10-31,16:30,부남면 신규급수공사,부남면 신규급수공사,청송권지사,2019-10-31,황은경,054-870-0100
청송군,현서면 두현리,퇴수구 설치공사,2019-10-31,10:00,2019-10-31,16:00,퇴수구 설치공사,퇴수구 설치공사,청송권지사,2019-10-30,황은경,054-870-0100
청송군,청송읍 청운리,청송군 소화전 설치작업,2019-10-31,9:30,2019-10-31,11:30,청송군 소화전 설치작업,청송군 소화전 설치작업,청송권지사,2019-10-30,황은경,054-870-0100
청송군,진보면 광덕세장길,청송군 소화전 설치작업,2019-10-30,13:30,2019-10-30,14:30,청송군 소화전 설치작업,청송군 소화전 설치작업,청송권지사,2019-10-30,황은경,054-870-0700
청송군,청송읍 논시골로,논시골 가압장 설비교체,2019-10-25,14:00,2019-10-25,16:00,논시골 가압장 설비교체,논시골 가압장 설비교체,청송권지사,2019-10-24,황은경,054-870-0100
청송군,청송읍 논시길,논시골 가압장 설비교체,2019-10-25,14:00,2019-10-25,16:00,논시골 가압장 설비교체,논시골 가압장 설비교체,청송권지사,2019-10-24,황은경,054-870-0100
청송군,청송읍 망미정3길,긴급 누수복구 공사,2019-10-23,13:30,2019-10-23,15:30,긴급 누수복구 공사,긴급 누수복구 공사,청송권지사,2019-10-23,황은경,054-870-0100
청송군,주왕산면 마평로,계량기 교체공사,2019-10-22,9:30,2019-10-22,11:00,계량기 교체공사,계량기 교체공사,청송권지사,2019-10-21,황은경,054-870-0100
청송군,현서면 새터길,이토변 설치공사,2019-10-21,13:10,2019-10-21,15:00,이토변 설치공사,이토변 설치공사,청송권지사,2019-10-21,황은경,054-870-0100
청송군,현동면 인지리,유량계 설치공사,2019-10-17,10:00,2019-10-17,11:00,유량계 설치공사,유량계 설치공사,청송권지사,2019-10-17,황은경,054-870-0100
청송군,효옹빌라 아동,상수도 긴급복구,2019-10-17,9:00,2019-10-17,18:00,상수도 긴급복구,상수도 긴급복구,청송권지사,2019-10-16,황은경,054-870-0100
청송군,현서면 화목리,유량계 설치공사,2019-10-16,14:00,2019-10-16,17:00,유량계 설치공사,유량계 설치공사,청송권지사,2019-10-16,황은경,054-870-0100
청송군,안덕면 덕성리,가압장 설비교체,2019-10-16,15:00,2019-10-16,16:30,가압장 설비교체,가압장 설비교체,청송권지사,2019-10-15,황은경,054-870-0100
청송군,현서면 화목리,가압장 설비교체,2019-10-14,13:00,2019-10-14,14:30,가압장 설비교체,가압장 설비교체,청송권지사,2019-10-14,황은경,054-870-0100
청송군,현서면 화목리,가압장 설비교체,2019-10-14,14:00,2019-10-14,15:30,가압장 설비교체,가압장 설비교체,청송권지사,2019-10-14,황은경,054-870-0100
청송군,현서면 두현리,감압밸브 교체 공사,2019-10-11,9:00,2019-10-11,11:30,감압밸브 교체 공사,감압밸브 교체 공사,청송권지사,2019-10-10,황은경,054-870-0100
청송군,부남면 양숙리,유량계 설치공사,2019-10-10,20:00,2019-10-10,23:59,유량계 설치공사,유량계 설치공사,청송권지사,2019-10-10,황은경,054-870-0100
청송군,부남면 구천리,유량계 설치공사,2019-10-10,20:00,2019-10-10,23:59,유량계 설치공사,유량계 설치공사,청송권지사,2019-10-10,황은경,054-870-0100
청송군,부남면 양숙리,유량계 설치공사,2019-10-10,13:00,2019-10-10,17:00,유량계 설치공사,유량계 설치공사,청송권지사,2019-10-08,황은경,054-870-0100
청송군,부남면 구천리,유량계 설치공사,2019-10-10,13:00,2019-10-10,17:00,유량계 설치공사,유량계 설치공사,청송권지사,2019-10-08,황은경,054-870-0100
청송군,부남면 대전1길,누수복구 공사,2019-10-07,15:10,2019-10-07,18:00,누수복구 공사,누수복구 공사,청송권지사,2019-10-07,황은경,054-870-0100
청송군,부남면 대전1리,누수복구 공사,2019-10-01,14:00,2019-10-01,17:00,누수복구 공사,누수복구 공사,청송권지사,2019-09-30,황은경,054-870-0100
청송군,현서면 모계리,유량계 설치공사,2019-10-01,14:00,2019-10-01,17:00,유량계 설치공사,유량계 설치공사,청송권지사,2019-09-30,황은경,054-870-0100
청송군,현서면 천천리,유량계 설치공사,2019-10-01,9:00,2019-10-01,12:00,유량계 설치공사,유량계 설치공사,청송권지사,2019-09-30,황은경,054-870-0100
청송군,현서면 용당길,퇴수구 설치,2019-09-25,10:40,2019-09-25,12:00,퇴수구 설치,퇴수구 설치,청송권지사,2019-09-25,황은경,054-870-0100
청송군,현서면,상수관로세척공사,2019-09-20,23:00,2019-09-21,7:00,상수관로세척공사,상수관로세척공사,청송권지사,2019-09-20,황은경,054-870-0100
청송군,현서면 화목리,이토밸브설치,2019-09-20,13:30,2019-09-20,15:30,이토밸브설치,이토밸브설치,청송권지사,2019-09-20,황은경,054-870-0100
청송군,현서면,상수관로세척공사,2019-09-20,23:00,2019-09-21,7:00,상수관로세척공사,상수관로세척공사,청송권지사,2019-09-19,황은경,054-870-0100
청송군,현서면 화목리,이토밸브설치,2019-09-19,14:00,2019-09-19,17:00,이토밸브설치,이토밸브설치,청송권지사,2019-09-18,황은경,054-870-0100
청송군,현서면 두현리,이토밸브설치,2019-09-19,14:00,2019-09-19,17:00,이토밸브설치,이토밸브설치,청송권지사,2019-09-18,황은경,054-870-0100
청송군,현서면 덕계리,이토밸브설치,2019-09-19,14:00,2019-09-19,17:00,이토밸브설치,이토밸브설치,청송권지사,2019-09-18,황은경,054-870-0100
청송군,진보면 괴정리,누수구간확인,2019-09-16,15:30,2019-09-16,16:30,누수구간확인,누수구간확인,청송권지사,2019-09-16,황은경,054-870-0100
청송군,진보면 신촌리,누수구간확인,2019-09-16,15:30,2019-09-16,16:30,누수구간확인,누수구간확인,청송권지사,2019-09-16,황은경,054-870-0100
청송군,진보면 신촌리,누수확인,2019-09-05,15:00,2019-09-05,15:20,누수확인,누수확인,청송권지사,2019-09-05,황은경,054-870-0100
청송군,현동면,밸브 교체작업,2019-08-29,15:30,2019-08-29,18:00,밸브 교체작업,밸브 교체작업,청송권지사,2019-08-29,황은경,054-870-0100
청송군,현동면 인지1길,밸브 교체작업,2019-08-29,16:00,2019-08-29,18:00,밸브 교체작업,밸브 교체작업,청송권지사,2019-08-29,황은경,054-870-0100
청송군,현동면 인지1길,유량계설치,2019-08-29,14:00,2019-08-29,16:00,유량계설치,유량계설치,청송권지사,2019-08-29,황은경,054-870-0100
청송군,부남면 아방실길,상수도 설비 개선 작업,2019-08-20,0:00,2019-08-20,0:00,상수도 설비 개선 작업,상수도 설비 개선 작업,청송권지사,2019-08-20,황은경,054-870-0100
청송군,현서면,상수관로 세척공사,2019-08-07,22:00,2019-08-08,5:00,상수관로 세척공사,상수관로 세척공사,청송권지사,2019-08-06,황은경,054-870-0100
청송군,진보면 괴정리,단계시험,2019-08-05,22:00,2019-08-06,2:00,단계시험,단계시험,청송권지사,2019-08-05,황은경,054-870-0100
청송군,진보면 신촌리,단계시험,2019-08-05,22:00,2019-08-06,2:00,단계시험,단계시험,청송권지사,2019-08-05,황은경,054-870-0100
청송군,진보면 고현리,단계시험,2019-08-05,22:00,2019-08-06,2:00,단계시험,단계시험,청송권지사,2019-08-05,황은경,054-870-0100
청송군,현서면,상수관로 세척공사,2019-08-06,22:00,2019-08-07,5:00,상수관로 세척공사,상수관로 세척공사,청송권지사,2019-08-02,황은경,054-870-0100
청송군,현서면 모거리길,긴급 누수 복구 작업,2019-08-02,10:00,2019-08-02,12:00,긴급 누수 복구 작업,긴급 누수 복구 작업,청송권지사,2019-08-02,황은경,054-870-0100
청송군,안덕면 성재리,가압장 펌프 고장 수리,2019-08-01,9:30,2019-08-01,11:00,가압장 펌프 고장 수리,가압장 펌프 고장 수리,청송권지사,2019-08-01,황은경,054-870-0100
청송군,안덕면 덕성리,가압장 펌프 고장 수리,2019-08-01,9:30,2019-08-01,11:00,가압장 펌프 고장 수리,가압장 펌프 고장 수리,청송권지사,2019-08-01,황은경,054-870-0100
청송군,안덕면 복리,가압장 펌프 고장 수리,2019-08-01,9:30,2019-08-01,11:00,가압장 펌프 고장 수리,가압장 펌프 고장 수리,청송권지사,2019-08-01,황은경,054-870-0100
청송군,부남면 아방실길,긴급 누수 복구작업,2019-07-31,16:30,2019-07-31,19:00,긴급 누수 복구작업,긴급 누수 복구작업,청송권지사,2019-07-31,황은경,054-870-0100
청송군,부남면 홍원길,긴급 누수 복구작업,2019-07-31,13:30,2019-07-31,15:00,긴급 누수 복구작업,긴급 누수 복구작업,청송권지사,2019-07-31,황은경,054-870-0100
청송군,진보면 시릿골길,가압장 펌프교체,2019-07-29,14:00,2019-07-29,17:00,가압장 펌프교체,가압장 펌프교체,청송권지사,2019-07-29,황은경,054-870-0100
청송군,현동면,원관 배수관로 누수복구,2019-07-29,22:00,2019-07-30,2:00,원관 배수관로 누수복구,원관 배수관로 누수복구,청송권지사,2019-07-26,황은경,054-870-0100
청송군,안덕면 신성리,원관 배수관로 누수복구,2019-07-29,22:00,2019-07-30,2:00,원관 배수관로 누수복구,원관 배수관로 누수복구,청송권지사,2019-07-26,황은경,054-870-0100
청송군,안덕면 문거리,원관 배수관로 누수복구,2019-07-29,22:00,2019-07-30,2:00,원관 배수관로 누수복구,원관 배수관로 누수복구,청송권지사,2019-07-26,황은경,054-870-0100
청송군,안덕면 감은리,긴급누수복구,2019-07-24,14:00,2019-07-24,16:00,긴급누수복구,긴급누수복구,청송권지사,2019-07-24,황은경,054-870-0100
청송군,안덕면 명당1길,긴급누수복구,2019-07-24,14:00,2019-07-24,16:00,긴급누수복구,긴급누수복구,청송권지사,2019-07-24,황은경,054-870-0100
청송군,안덕면 신성리,긴급누수복구,2019-07-24,14:00,2019-07-24,16:00,긴급누수복구,긴급누수복구,청송권지사,2019-07-24,황은경,054-870-0100
청송군,주왕산면 소재지,긴급누수복구,2019-07-24,10:20,2019-07-24,11:00,긴급누수복구,긴급누수복구,청송권지사,2019-07-24,황은경,054-870-0100
청송군,현동면,추강가압장 시설설비교체,2019-07-18,14:00,2019-07-18,17:00,추강가압장 시설설비교체,추강가압장 시설설비교체,청송권지사,2019-07-18,황은경,054-870-0100
청송군,안덕면 실물길,유량계 설치 공사,2019-07-18,9:00,2019-07-18,12:00,유량계 설치 공사,유량계 설치 공사,청송권지사,2019-07-17,황은경,054-870-0100
청송군,진보면 시릿골길,가압장 개선작업,2019-07-16,14:00,2019-07-16,16:00,가압장 개선작업,가압장 개선작업,청송권지사,2019-07-16,황은경,054-870-0100
청송군,현서면 화목리,제수밸브 교체,2019-07-10,10:00,2019-07-10,11:00,제수밸브 교체,제수밸브 교체,청송권지사,2019-07-10,황은경,054-870-0100
청송군,현서면 대거리길,유량계 설치공사,2019-07-04,14:00,2019-07-04,17:00,유량계 설치공사,유량계 설치공사,청송권지사,2019-07-03,황은경,054-870-0100
청송군,안덕면 문거리,교량 개체공사 중 관로 파손,2019-06-20,11:00,2019-06-20,23:59,교량 개체공사 중 관로 파손,교량 개체공사 중 관로 파손,청송권지사,2019-06-20,황은경,054-870-0100
청송군,안덕면 웃김지길,유량계 설치공사,2019-06-13,13:30,2019-06-13,17:00,유량계 설치공사,유량계 설치공사,청송권지사,2019-06-13,황은경,054-870-0100
청송군,안덕면 복리길,유량계 설치공사,2019-06-13,13:30,2019-06-13,17:00,유량계 설치공사,유량계 설치공사,청송권지사,2019-06-13,황은경,054-870-0100
청송군,청송읍 금강모텔 뒷편,누수복구공사,2019-06-04,9:00,2019-06-04,12:00,누수복구공사,누수복구공사,청송권지사,2019-06-03,황은경,054-870-0100
청송군,현서면,정수장 유량계 교체공사,2019-05-30,22:00,2019-05-31,2:00,정수장 유량계 교체공사,정수장 유량계 교체공사,청송권지사,2019-05-29,황은경,054-870-0100
청송군,부남면 대전리,정수장 유량계 교체공사,2019-05-29,22:00,2019-05-30,2:00,정수장 유량계 교체공사,정수장 유량계 교체공사,청송권지사,2019-05-28,황은경,054-870-0100
청송군,부남면 감연리,정수장 유량계 교체공사,2019-05-29,22:00,2019-05-30,2:00,정수장 유량계 교체공사,정수장 유량계 교체공사,청송권지사,2019-05-28,황은경,054-870-0100
청송군,부남면 송전길,청송군 관로조사,2019-05-23,9:30,2019-05-23,11:00,청송군 관로조사,청송군 관로조사,청송권지사,2019-05-23,황은경,054-870-0100
청송군,현동면 도평리,청송군 관로조사,2019-05-22,14:00,2019-05-22,17:00,청송군 관로조사,청송군 관로조사,청송권지사,2019-05-22,황은경,054-870-0100
청송군,청송읍 월막2리,청송군 상수관로조사,2019-05-22,13:30,2019-05-22,17:00,청송군 상수관로조사,청송군 상수관로조사,청송권지사,2019-05-21,황은경,054-870-0100
청송군,청송읍 망미정1길,청송군 관체조사,2019-05-22,9:00,2019-05-22,12:00,청송군 관체조사,청송군 관체조사,청송권지사,2019-05-21,황은경,054-870-0100
청송군,안덕면 복리길,청송군 관로조사,2019-05-21,14:00,2019-05-21,17:00,청송군 관로조사,청송군 관로조사,청송권지사,2019-05-21,황은경,054-870-0100
청송군,현동면 도평리,긴급누수복구공사,2019-05-17,14:00,2019-05-17,15:00,긴급누수복구공사,긴급누수복구공사,청송권지사,2019-05-17,황은경,054-870-0100
청송군,파천면 양지도치골길,배수지 보수 공사,2019-05-15,13:00,2019-05-15,17:00,배수지 보수 공사,배수지 보수 공사,청송권지사,2019-05-14,황은경,054-870-0100
청송군,안덕면 신성리,누수복구 및 유량계 설치작업,2019-05-14,22:00,2019-05-15,2:00,누수복구 및 유량계 설치작업,누수복구 및 유량계 설치작업,청송권지사,2019-05-13,황은경,054-870-0100
청송군,현동면,누수복구 및 유량계 설치작업,2019-05-14,22:00,2019-05-15,2:00,누수복구 및 유량계 설치작업,누수복구 및 유량계 설치작업,청송권지사,2019-05-13,황은경,054-870-0100
청송군,부남면 원천길,긴급누수복구공사,2019-05-10,13:30,2019-05-10,15:00,긴급누수복구공사,긴급누수복구공사,청송권지사,2019-05-10,황은경,054-870-0100
청송군,부남면 덕골길,유량계 고장으로 인한 설치공사,2019-05-08,14:00,2019-05-08,17:00,유량계 고장으로 인한 설치공사,유량계 고장으로 인한 설치공사,청송권지사,2019-05-08,황은경,054-870-0100
청송군,부남면 강변마길,유량계 고장으로 인한 설치공사,2019-05-08,14:00,2019-05-08,17:00,유량계 고장으로 인한 설치공사,유량계 고장으로 인한 설치공사,청송권지사,2019-05-08,황은경,054-870-0100
청송군,부남면 새벌길,유량계 고장으로 인한 설치공사,2019-05-08,10:00,2019-05-08,12:00,유량계 고장으로 인한 설치공사,유량계 고장으로 인한 설치공사,청송권지사,2019-05-08,황은경,054-870-0100
청송군,부남면 옥동길,유량계 고장으로 인한 설치공사,2019-05-08,10:00,2019-05-08,12:00,유량계 고장으로 인한 설치공사,유량계 고장으로 인한 설치공사,청송권지사,2019-05-08,황은경,054-870-0100
청송군,부남면 감연2길,유량계 고장으로 인한 설치공사,2019-05-08,10:00,2019-05-08,12:00,유량계 고장으로 인한 설치공사,유량계 고장으로 인한 설치공사,청송권지사,2019-05-08,황은경,054-870-0100
청송군,청송읍 중앙로,긴급 누수복구공사,2019-05-07,21:00,2019-05-07,23:59,긴급 누수복구공사,긴급 누수복구공사,청송권지사,2019-05-07,황은경,054-870-0100
청송군,현서면 두현리,청송군 현장조사,2019-04-30,13:00,2019-04-30,17:00,청송군 현장조사,청송군 현장조사,청송권지사,2019-04-30,황은경,054-870-0100
청송군,파천면,누수 위치 확인,2019-04-26,14:00,2019-04-26,15:00,누수 위치 확인,누수 위치 확인,청송권지사,2019-04-26,황은경,054-870-0100
청송군,청송읍 부곡리,누수 위치 확인,2019-04-26,14:00,2019-04-26,15:00,누수 위치 확인,누수 위치 확인,청송권지사,2019-04-26,황은경,054-870-0100
청송군,청송읍 월막리 일원,청송군 현장조사,2019-04-25,9:00,2019-04-25,17:00,청송군 현장조사,청송군 현장조사,청송권지사,2019-04-24,황은경,054-870-0100
청송군,안덕면 웃김지길,상수도관로 제수밸브교체공사,2019-04-18,14:00,2019-04-18,17:00,상수도관로 제수밸브교체공사,상수도관로 제수밸브교체공사,청송권지사,2019-04-18,황은경,054-870-0100
청송군,안덕면 복리,상수도관로 제수밸브교체공사,2019-04-18,14:00,2019-04-18,17:00,상수도관로 제수밸브교체공사,상수도관로 제수밸브교체공사,청송권지사,2019-04-18,황은경,054-870-0100
청송군,진도면 옹기도막길,청송군에서 진행하는 수도관로 조사,2019-04-17,9:00,2019-04-17,12:00,청송군에서 진행하는 수도관로 조사,청송군에서 진행하는 수도관로 조사,청송권지사,2019-04-16,황은경,054-870-0100
청송군,진보면 월전리,도로 확장공사를 위한 상수관로 가이설 공사,2019-04-17,13:30,2019-04-17,16:30,도로 확장공사를 위한 상수관로 가이설 공사,도로 확장공사를 위한 상수관로 가이설 공사,청송권지사,2019-04-16,황은경,054-870-0100
청송군,주왕산면,주왕산 정수장 노후 유량계 교체공사,2019-04-17,21:00,2019-04-17,23:59,주왕산 정수장 노후 유량계 교체공사,주왕산 정수장 노후 유량계 교체공사,청송권지사,2019-04-16,황은경,054-870-0100
청송군,주왕산면,주왕산 정수장 노후 유량계 교체공사,2019-04-17,23:00,2019-04-18,2:00,주왕산 정수장 노후 유량계 교체공사,주왕산 정수장 노후 유량계 교체공사,청송권지사,2019-04-16,황은경,054-870-0100
청송군,진보면 월전리,상수관로 가이설 공사,2019-04-16,13:30,2019-04-16,17:00,상수관로 가이설 공사,상수관로 가이설 공사,청송권지사,2019-04-15,황은경,054-870-0100
청송군,청송읍 중앙로,도로공사 중 수도관 파열,2019-04-15,9:00,2019-04-15,10:00,도로공사 중 수도관 파열,도로공사 중 수도관 파열,청송권지사,2019-04-15,황은경,054-870-0100
청송군,안덕면 문거리,교량공사로 인한 상수도 가이설,2019-04-12,13:30,2019-04-12,16:30,교량공사로 인한 상수도 가이설,교량공사로 인한 상수도 가이설,청송권지사,2019-04-12,황은경,054-870-0100
청송군,안덕면 문거리,교량공사로 인한 상수도 가이설,2019-04-11,13:30,2019-04-11,16:00,교량공사로 인한 상수도 가이설,교량공사로 인한 상수도 가이설,청송권지사,2019-04-11,황은경,054-870-0100
청송군,안덕면 문거,긴급도로누수복구공사,2019-04-08,11:30,2019-04-08,13:30,긴급도로누수복구공사,긴급도로누수복구공사,청송권지사,2019-04-08,황은경,054-870-0100
청송군,석정길,누수 복구 작업,2019-03-22,13:00,2019-03-22,15:00,누수 복구 작업,누수 복구 작업,청송권지사,2019-03-22,황은경,054-870-0100
청송군,아방실길,누수 복구 작업,2019-03-18,13:00,2019-03-18,15:00,누수 복구 작업,누수 복구 작업,청송권지사,2019-03-18,황은경,054-870-0100
청송군,청송읍 청운리,누수복구공사,2019-03-05,13:00,2019-03-05,17:00,누수복구공사,누수복구공사,청송권지사,2019-03-05,황은경,054-870-0100
청송군,청송읍 청운리,누수복구공사,2019-03-04,13:00,2019-03-04,17:00,누수복구공사,누수복구공사,청송권지사,2019-03-04,황은경,054-870-0100
청송군,안덕면 문거리,교량공사로 인한 상수도배관 임시 이설공사,2019-02-26,14:00,2019-02-26,17:00,교량공사로 인한 상수도배관 임시 이설공사,교량공사로 인한 상수도배관 임시 이설공사,청송권지사,2019-02-26,황은경,054-870-0100
청송군,부남면 아방실길,전기계량기 교체작업,2019-02-26,14:00,2019-02-26,14:30,전기계량기 교체작업,전기계량기 교체작업,청송권지사,2019-02-26,황은경,054-870-0100
청송군,안덕면 직동안길,신규급수공사,2019-02-15,10:50,2019-02-15,11:50,신규급수공사,신규급수공사,청송권지사,2019-02-15,황은경,054-870-0100
청송군,안덕면 직동길,신규급수공사,2019-02-15,10:50,2019-02-15,11:50,신규급수공사,신규급수공사,청송권지사,2019-02-15,황은경,054-870-0100
청송군,부남면 한앞길,긴급 누수복구 작업,2019-02-01,9:50,2019-02-01,11:00,긴급 누수복구 작업,긴급 누수복구 작업,청송권지사,2019-02-01,황은경,054-870-0100
청송군,안덕면 복리길,누수복구작업,2019-01-29,14:00,2019-01-29,16:00,누수복구작업,누수복구작업,청송권지사,2019-01-29,황은경,054-870-0100
청송군,안덕면 웃김지길,누수복구작업,2019-01-29,14:00,2019-01-29,16:00,누수복구작업,누수복구작업,고객지원,2019-01-29,황은경,054-870-0100
청송군,현동면 도평5길,누수로 인한 복구 작업,2019-01-09,14:00,2019-01-09,16:00,누수로 인한 복구 작업,누수로 인한 복구 작업,청송권지사,2019-01-09,황은경,054-870-0100
청송군,현동면 도평4길,누수로 인한 복구 작업,2019-01-09,14:00,2019-01-09,16:00,누수로 인한 복구 작업,누수로 인한 복구 작업,청송권지사,2019-01-09,황은경,054-870-0100
청송군,진보면 본마을2길,상수도 복구 작업,2019-01-07,22:00,2019-01-08,2:00,상수도 복구 작업,상수도 복구 작업,청송권지사,2019-01-07,황은경,054-870-0100
청송군,진보면 진보로,상수도 긴급 복구 작업,2019-01-07,22:00,2019-01-08,2:00,상수도 긴급 복구 작업,상수도 긴급 복구 작업,청송권지사,2019-01-07,황은경,054-870-0100
청송군,진보면 진보로,상수도 긴급 복구 작업,2019-01-07,16:00,2019-01-07,17:00,상수도 긴급 복구 작업,상수도 긴급 복구 작업,청송권지사,2019-01-07,황은경,054-870-0100
봉화군,다덕로,긴급누수복구,2019-12-24,13:30,2019-12-24,15:00,긴급누수복구,긴급누수복구,봉화수도관리단,2019-12-24,,
봉화군,기촌길,계량기함통교체,2019-12-05,10:00,2019-12-05,16:00,계량기함통교체,계량기함통교체,봉화수도관리단,2019-12-05,,
봉화군,봉성면다덕지구,봉성면다덕지구가압장보수,2019-11-21,0:00,2019-11-21,0:00,봉성면다덕지구가압장보수,봉성면다덕지구가압장보수,봉화수도관리단,2019-11-21,,
봉화군,춘양,상수도두,2019-11-12,0:00,2019-11-12,0:00,나,나노,봉화수도관리단,2019-11-12,,
봉화군,춘양면 서원촌길,상수도계량기함이설(춘양중.고등학교),2019-11-12,0:00,2019-11-12,0:00,상수도계량기함이설(춘양중.고등학교),상수도계량기함이설(춘양중.고등학교),봉화수도관리단,2019-11-12,,
봉화군,오록1길,긴급누수복구,2019-10-16,15:50,2019-10-16,17:00,긴급누수복구,긴급누수복구,봉화수도관리단,2019-10-16,,
봉화군,봉화읍유곡리및봉성면금봉리일원,도로누수긴급복구,2019-09-19,0:00,2019-09-19,0:00,도로누수긴급복구,도로누수긴급복구,봉화수도관리단,2019-09-19,,
봉화군,봉화읍내성3리일부지역,도로누수긴급복구,2019-09-19,0:00,2019-09-19,0:00,도로누수긴급복구,도로누수긴급복구,봉화수도관리단,2019-09-19,,
봉화군,춘양면 강변아파트,도로누수긴급복구,2019-08-14,0:00,2019-08-14,0:00,도로누수긴급복구,도로누수긴급복구,봉화수도관리단,2019-08-14,,
봉화군,내성3리일원,도로누수복구,2019-08-11,0:00,2019-08-11,0:00,도로누수복구,도로누수복구,봉화수도관리단,2019-08-11,,
봉화군,춘양면 강변아파트,관로점검,2019-08-06,0:00,2019-08-06,0:00,관로점검,관로점검,봉화수도관리단,2019-08-06,,
봉화군,봉화읍 도촌리,도로누수 복구,2019-08-01,0:00,2019-08-01,0:00,도로누수 복구,도로누수 복구,봉화수도관리단,2019-08-01,,
봉화군,봉성면 덕창마길,수도시설공사,2019-06-25,0:00,2019-06-25,0:00,소규모유량계설치,소규모유량계설치,봉화수도관리단,2019-06-25,,
봉화군,재산면현동3리,도로누수 긴급복구,2019-06-12,0:00,2019-06-12,0:00,도로누수긴급복구,도로누수긴급복구,봉화수도관리단,2019-06-12,,
봉화군,물야면,신규급수구역통수시험,2019-05-22,13:30,2019-05-22,16:00,신규급수구역통수시험,신규급수구역통수시험,봉화수도관리단,2019-05-22,,
봉화군,재산면,정전으로인한시설물복구,2019-04-10,0:00,2019-04-10,0:00,정전으로인한시설물복구,정전으로인한시설물복구,봉화수도관리단,2019-04-10,,
봉화군,춘양면 학산길,상수관로 긴급복구,2019-03-25,15:00,2019-03-25,17:00,상수관로 긴급복구,상수관로 긴급복구,봉화수도관리단,2019-03-25,,
봉화군,봉화읍 거촌리,수압조절밸브 교체,2019-02-22,13:00,2019-02-22,18:00,수압조절밸브 교체,수압조절밸브 교체,봉화수도관리단,2019-02-21,,
봉화군,거촌1리일부,간헐적인 출수불량,2019-02-03,0:00,2019-02-03,0:00,거촌1리,거촌1리,봉화수도관리단,2019-02-03,,
봉화군,봉화읍석평1리,도로누수긴급복구,2019-01-04,0:00,2019-01-04,0:00,도로누수긴급복구,도로누수긴급복구,봉화수도관리단,2019-01-04,,
거제군,둔덕면,긴급복구공사,2019-05-03,15:00,2019-05-03,17:00,둔덕면 긴급복구공사,복구공사,거제권지사,2019-05-03,,
거제군,거제면,누수수선,2019-04-25,0:00,2019-04-25,0:00,누수수선,관로작업,거제권지사,2019-04-25,,
