약수터 이름,시도,시군구,주소
잣절지하수공동시설,서울특별시,구로구,서울특별시 구로구 개봉동 2-61
잣절,서울특별시,구로구,서울특별시 구로구 개봉동 2-61
개봉3약수터,서울특별시,구로구,서울특별시 구로구 개봉동 53-3
오남,서울특별시,구로구,서울특별시 구로구 오류동 42-29
궁동,서울특별시,구로구,서울특별시 구로구 궁동 10-49
항동,서울특별시,구로구,서울특별시 구로구 항동 31-1
냉천약수터,충청북도,단양군,충청북도 단양군 단성면 장회리21-7
평동약수터,충청북도,단양군,충청북도 단양군 매포읍 103-4
각원사약수,충청남도,천안시동남구,충청남도 천안시동남구 98-83
흑성산약수,충청남도,천안시동남구,충청남도 천안시동남구 31
가남,부산광역시,부산진구,부산광역시 부산진구 가야동 10
용골,부산광역시,부산진구,부산광역시 부산진구 당감동 34
공동정호,부산광역시,부산진구,부산광역시 부산진구 범천동 44
수산대,부산광역시,동래구,부산광역시 동래구 온천동 92-2
대덕사,부산광역시,동래구,부산광역시 동래구 온천동 92-2
만수정,부산광역시,동래구,부산광역시 동래구 온천동 190-8
미타사약수터,서울특별시,구로구,서울특별시 구로구 오류동 44
만수천,서울특별시,종로구,서울특별시 종로구 옥인동 3-14
무악재,서울특별시,종로구,서울특별시 종로구 무악동 48
백사실,서울특별시,종로구,서울특별시 종로구 부암동 109-2
산림수목원,서울특별시,종로구,서울특별시 종로구 옥인동 179-1
석굴암(1),서울특별시,종로구,서울특별시 종로구 옥인동 3-14
천황지,강원도,철원군,강원도 철원군 철원읍 
망나니골,강원도,철원군,강원도 철원군 갈말읍 
금학산,강원도,철원군,강원도 철원군 동송읍 
성불사,경기도,의정부시,경기도 의정부시 가능동 81-2
사폐산,경기도,의정부시,경기도 의정부시 가능동 81-2
북한산공원세심천(우이),서울특별시,강북구,서울특별시 강북구 우이동 
북한산공원세심천(정릉),서울특별시,성북구,서울특별시 성북구 정릉동 
북한산공원신성천,서울특별시,성북구,서울특별시 성북구 정릉동 
북한산공원영비천,서울특별시,강북구,서울특별시 강북구 수유동 
북한산공원영천,서울특별시,성북구,서울특별시 성북구 정릉동 
북한산공원영추천,서울특별시,성북구,서울특별시 성북구 정릉동 
북한산공원용담수,서울특별시,강북구,서울특별시 강북구 우이동 
북한산공원용천수(수유),서울특별시,강북구,서울특별시 강북구 수유동 
북한산공원청담샘,서울특별시,종로구,서울특별시 종로구 평창동 
북한산공원청수천,서울특별시,성북구,서울특별시 성북구 정릉동 
성덕사지구,서울특별시,중랑구,서울특별시 중랑구 중화동 9-5
솔밭약수,서울특별시,중랑구,서울특별시 중랑구 망우동 57-3
송림천,서울특별시,중랑구,서울특별시 중랑구 망우동 57-3
용건,서울특별시,중랑구,서울특별시 중랑구 면목동 35-1
용마(1),서울특별시,중랑구,서울특별시 중랑구 면목동 1-2
용마산,서울특별시,중랑구,서울특별시 중랑구 망우동 57-3
용마천,서울특별시,중랑구,서울특별시 중랑구 망우동 57-3
조양천,서울특별시,중랑구,서울특별시 중랑구 면목동 1-2
태능지구,서울특별시,중랑구,서울특별시 중랑구 묵동 46-1
녹산,서울특별시,성북구,서울특별시 성북구 성북동 25-1
새북악,서울특별시,성북구,서울특별시 성북구 정릉동 87-1
정이(상),서울특별시,강북구,서울특별시 강북구 번동 17
정이샘(하),서울특별시,강북구,서울특별시 강북구 번동 17
세심천(방학),서울특별시,도봉구,서울특별시 도봉구 방학동 90-14
원당샘,서울특별시,도봉구,서울특별시 도봉구 방학동 547
광석,서울특별시,노원구,서울특별시 노원구 상계동 53
함박골약수터,부산광역시,연제구,부산광역시 연제구 연산동 180-1
얼음골약수터,부산광역시,수영구,부산광역시 수영구 망미동 114
삼성약수터,부산광역시,수영구,부산광역시 수영구 망미동 107-1
만수약수터,부산광역시,동구,부산광역시 동구 초량동 26
새구봉천약수터,부산광역시,동구,부산광역시 동구 초량동 34-1
백운사약수터,부산광역시,동구,부산광역시 동구 수정동 17
바가지샘약수터,부산광역시,동구,부산광역시 동구 수정동 37
수정4동체육공원,부산광역시,동구,부산광역시 동구 
일노정,부산광역시,북구,부산광역시 북구 만덕동 121
삼밭골,부산광역시,금정구,부산광역시 금정구 장전동 30
호국사2,부산광역시,금정구,부산광역시 금정구 장전동 30
참샘골,부산광역시,금정구,부산광역시 금정구 구서동 178
정암,부산광역시,금정구,부산광역시 금정구 구서동 4-1
물망골2,부산광역시,금정구,부산광역시 금정구 구서동 4-8
매천2,경기도,안양시동안구,경기도 안양시동안구 23-4
청심,경기도,안양시동안구,경기도 안양시동안구 131
간촌2,경기도,안양시동안구,경기도 안양시동안구 109
관상,경기도,안양시동안구,경기도 안양시동안구 114
갈산,경기도,안양시동안구,경기도 안양시동안구 1112
예술대,경기도,안산시단원구,경기도 안산시단원구 640
구봉이,경기도,안산시단원구,경기도 안산시단원구 29
용화,경기도,안산시,경기도 안산시 상록구 5-1
수암,경기도,안산시,경기도 안산시 상록구 4
공설공원,경기도,안산시단원구,경기도 안산시단원구 37-2
너구리,경기도,안산시,경기도 안산시 상록구 41-17
구갈약수터,경기도,용인시기흥구,경기도 용인시기흥구 83-7
한천,경기도,성남시분당구,경기도 성남시분당구 304-1
금당골,경기도,수원시장안구,경기도 수원시장안구 10
신금암2호,경기도,수원시장안구,경기도 수원시장안구 38
한철,경기도,수원시장안구,경기도 수원시장안구 107
한철2호,경기도,수원시장안구,경기도 수원시장안구 107
삼익,경기도,수원시장안구,경기도 수원시장안구 93-2
충의,경기도,안양시동안구,경기도 안양시동안구 118
감로수,서울특별시,금천구,서울특별시 금천구 시흥동 118
오리나무,서울특별시,금천구,서울특별시 금천구 시흥동 118
옹달샘,서울특별시,금천구,서울특별시 금천구 시흥동 83-1
잣나무,서울특별시,금천구,서울특별시 금천구 시흥동 93-1
치산,서울특별시,금천구,서울특별시 금천구 시흥동 73-1
항골,강원도,동해시,강원도 동해시 천곡동 
호암(2),서울특별시,금천구,서울특별시 금천구 시흥동 95
호천,서울특별시,금천구,서울특별시 금천구 시흥동 91-1
남서울,서울특별시,금천구,서울특별시 금천구 시흥동 6-8
만수천,서울특별시,금천구,서울특별시 금천구 독산동 8
안창,부산광역시,남구,부산광역시 남구 대연동 53-19
대연샘,부산광역시,남구,부산광역시 남구 대연동 54-56
아래솔밭,부산광역시,남구,부산광역시 남구 용당동 123-22
용당12통,부산광역시,남구,부산광역시 남구 용당동 401-1
이칠약수터,부산광역시,사상구,부산광역시 사상구 모라동 93
서당골,부산광역시,사상구,부산광역시 사상구 모라동 
탑골,부산광역시,사상구,부산광역시 사상구 괘법동 1
삼각산,부산광역시,사상구,부산광역시 사상구 괘법동 1
건강,부산광역시,사상구,부산광역시 사상구 주례동 113
백양골,부산광역시,사상구,부산광역시 사상구 주례동 113-11
백양정,부산광역시,사상구,부산광역시 사상구 주례동 8-1
승록정,부산광역시,사상구,부산광역시 사상구 주례동 69
복천,부산광역시,사상구,부산광역시 사상구 주례동 69-1
백련,부산광역시,사상구,부산광역시 사상구 엄궁동 52
인왕산,서울특별시,종로구,서울특별시 종로구 무악동 3-4
인왕천,서울특별시,종로구,서울특별시 종로구 누상동 1-29
완숙골,서울특별시,광진구,서울특별시 광진구 구의동 3-19
배봉체육회,서울특별시,동대문구,서울특별시 동대문구 휘경동 6-48
동산,서울특별시,중랑구,서울특별시 중랑구 망우동 69-1
망우천,서울특별시,중랑구,서울특별시 중랑구 망우동 57-3
면목지구,서울특별시,중랑구,서울특별시 중랑구 면목동 49-1
임록천,서울특별시,강남구,서울특별시 강남구 개포동 53-41
천의,서울특별시,강남구,서울특별시 강남구 개포동 53-30
청담,서울특별시,강남구,서울특별시 강남구 청담동 66-3
장지공원,서울특별시,송파구,서울특별시 송파구 장지동 851
고덕,서울특별시,강동구,서울특별시 강동구 고덕동 497
광능,서울특별시,강동구,서울특별시 강동구 암사동 10
둔촌,서울특별시,강동구,서울특별시 강동구 둔촌동 11-6
둔촌(1),서울특별시,강동구,서울특별시 강동구 둔촌동 153
독봉산약수터,경상남도,거제시,경상남도 거제시 고현동 340
신기산성약수터,경상남도,양산시,경상남도 양산시 신기동 20
북정약수터,경상남도,양산시,경상남도 양산시 북정동 35
백년,서울특별시,양천구,서울특별시 양천구 신월동 160-2
석산정,서울특별시,양천구,서울특별시 양천구 신월동 85-4
신정산,서울특별시,양천구,서울특별시 양천구 신정동 115-68
연희,서울특별시,양천구,서울특별시 양천구 신월동 160-2
우름바위,서울특별시,양천구,서울특별시 양천구 신정동 61-2
휘문,서울특별시,양천구,서울특별시 양천구 신월동 160-2
꿩고개,서울특별시,강서구,서울특별시 강서구 방화동 110
봉제산,서울특별시,강서구,서울특별시 강서구 화곡동 5-4
산막이약수터,충청북도,괴산군,충청북도 괴산군 칠성면 43-1
옻샘약수터,충청북도,음성군,충청북도 음성군 금왕읍 473
매산약수터,충청북도,음성군,충청북도 음성군 삼성면 72
조광약수터,부산광역시,수영구,부산광역시 수영구 광안동 35-2
북한산공원세심조기회,서울특별시,강북구,서울특별시 강북구 수유동 
양지약수터,부산광역시,수영구,부산광역시 수영구 망미동 114
얼음골(하),부산광역시,수영구,부산광역시 수영구 망미동 114
마니산,인천광역시,강화군,인천광역시 강화군 화도면 32-1
불국사,서울특별시,강남구,서울특별시 강남구 일원동 441
성지,서울특별시,강남구,서울특별시 강남구 일원동 63-48
습지원,서울특별시,강남구,서울특별시 강남구 개포동 53-42
실로암,서울특별시,강남구,서울특별시 강남구 일원동 63-51
청계산옹달샘,서울특별시,서초구,서울특별시 서초구 원지동 4-13
청계골,서울특별시,서초구,서울특별시 서초구 원지동 4-58
쌍봉,서울특별시,강남구,서울특별시 강남구 수서동 3-24
옛(1),서울특별시,강남구,서울특별시 강남구 일원동 52-1
옛(2),서울특별시,강남구,서울특별시 강남구 일원동 52-1
옥수천,서울특별시,강남구,서울특별시 강남구 개포동 53-32
용두천,서울특별시,강남구,서울특별시 강남구 개포동 192
율암,서울특별시,강남구,서울특별시 강남구 세곡동 52-44
인수천,서울특별시,강남구,서울특별시 강남구 일원동 63-1
둔촌(2),서울특별시,강동구,서울특별시 강동구 둔촌동 153
샘터,서울특별시,강동구,서울특별시 강동구 고덕동 287
동네뒷산,서울특별시,강동구,서울특별시 강동구 상일동 54-1
체육공원약수터,부산광역시,해운대구,부산광역시 해운대구 우동 1072
삼어약수터,부산광역시,해운대구,부산광역시 해운대구 반여동 300
계명,경기도,수원시장안구,경기도 수원시장안구 369
율전,경기도,수원시장안구,경기도 수원시장안구 21
구기,경기도,수원시장안구,경기도 수원시장안구 4
금바위,경기도,수원시장안구,경기도 수원시장안구 5-3
한마음,경기도,안양시만안구,경기도 안양시만안구 106
통소바위,경기도,수원시장안구,경기도 수원시장안구 23-1
절터,경기도,수원시장안구,경기도 수원시장안구 15
문암골1호,경기도,수원시장안구,경기도 수원시장안구 35
문암골3호,경기도,수원시장안구,경기도 수원시장안구 35
백년수,경기도,수원시장안구,경기도 수원시장안구 40-1
칠보,경기도,수원시권선구,경기도 수원시권선구 30-1
광이재,경기도,수원시권선구,경기도 수원시권선구 742-6
화서,경기도,수원시팔달구,경기도 수원시팔달구 79-9
숙지산,경기도,수원시팔달구,경기도 수원시팔달구 27
매봉(도곡),서울특별시,강남구,서울특별시 강남구 도곡동 31-3
못골,서울특별시,강남구,서울특별시 강남구 자곡동 39-10
율림석수,서울특별시,서초구,서울특별시 서초구 방배동 184
유점사(하),서울특별시,서초구,서울특별시 서초구 방배동 92-1
원터골(1),서울특별시,서초구,서울특별시 서초구 원지동 4-13
우심회,서울특별시,서초구,서울특별시 서초구 서초동 150-15
우면정,서울특별시,서초구,서울특별시 서초구 서초동 150-15
염곡,서울특별시,서초구,서울특별시 서초구 염곡동 3-6
어둔골,서울특별시,서초구,서울특별시 서초구 원지동 23-1
암산,서울특별시,서초구,서울특별시 서초구 양재동 10
성산,서울특별시,서초구,서울특별시 서초구 방배동 92-1
서초(하),서울특별시,서초구,서울특별시 서초구 서초동 52
서초(상),서울특별시,서초구,서울특별시 서초구 서초동 52
방배응봉,서울특별시,서초구,서울특별시 서초구 방배동 43-6
신선,경기도,수원시장안구,경기도 수원시장안구 98-1
불심,부산광역시,사상구,부산광역시 사상구 엄궁동 42
승학,부산광역시,사상구,부산광역시 사상구 엄궁동 60-3
운수사,부산광역시,사상구,부산광역시 사상구 삼락동 173
토골,강원도,동해시,강원도 동해시 천곡동 
건봉사샘터,강원도,고성군,강원도 고성군 거진읍 2
큰골샘터,강원도,고성군,강원도 고성군 죽왕면 131
모로골샘터,강원도,양양군,강원도 양양군 양양읍 
고치물샘터,강원도,양양군,강원도 양양군 양양읍 
상복리샘터,강원도,양양군,강원도 양양군 강현면 
삼화,서울특별시,관악구,서울특별시 관악구 신림동 57-13
송암,서울특별시,관악구,서울특별시 관악구 신림동 57-13
우장산,서울특별시,강서구,서울특별시 강서구 내발산동 4-5
쌍생수,서울특별시,관악구,서울특별시 관악구 신림동 56-2
안골,서울특별시,관악구,서울특별시 관악구 신림동 156-1
장수,서울특별시,관악구,서울특별시 관악구 신림동 114-3
제1약수,서울특별시,관악구,서울특별시 관악구 신림동 57-13
천지,서울특별시,관악구,서울특별시 관악구 봉천동 4-9
청룡,서울특별시,관악구,서울특별시 관악구 신림동 68-3
폭포수(1),서울특별시,관악구,서울특별시 관악구 신림동 50-21
상봉,서울특별시,관악구,서울특별시 관악구 봉천동 4-9
청룡산,서울특별시,관악구,서울특별시 관악구 봉천동 175-36
태극,서울특별시,서초구,서울특별시 서초구 양재동 11
솔티찬샘물,충청북도,괴산군,충청북도 괴산군 장연면 175-2
공설운동장,충청북도,괴산군,충청북도 괴산군 괴산읍 816-5
찬새미약수터,충청북도,괴산군,충청북도 괴산군 소수면 64-1
가늠골공동우물,대전광역시,중구,대전광역시 중구 석교동 269-19
보문,대전광역시,중구,대전광역시 중구 대사동 3-71
수정암,대전광역시,중구,대전광역시 중구 대사동 3-71
보문천,대전광역시,중구,대전광역시 중구 대사동 3-71
체육공원약수,경기도,광명시,경기도 광명시 광명동 
하안약수터1,경기도,광명시,경기도 광명시 하안동 50
하안약수터2,경기도,광명시,경기도 광명시 하안동 50
하안약수터3,경기도,광명시,경기도 광명시 하안동 50
하안약수터4,경기도,광명시,경기도 광명시 하안동 141-3
금당약수터1,경기도,광명시,경기도 광명시 하안동 991
금당약수터2,경기도,광명시,경기도 광명시 하안동 141-3
애기능약수터,경기도,광명시,경기도 광명시 141-12
참샘물약수터1,경기도,광명시,경기도 광명시 소하동 49-1
참샘물약수터2,경기도,광명시,경기도 광명시 소하동 49-1
영달말약수터,경기도,광명시,경기도 광명시 소하동 132-2
하이츠약수터,경기도,광명시,경기도 광명시 광명동 75
도덕약수터1,경기도,광명시,경기도 광명시 광명동 66-4
구름천연약수,경기도,광명시,경기도 광명시 141-11
구름산진달래,경기도,광명시,경기도 광명시 141-11
절골약수터,경기도,광명시,경기도 광명시 소하동 31
구름산새미,경기도,광명시,경기도 광명시 노온사동 
양묘장약수터,경기도,광명시,경기도 광명시 하안동 69-4
설월리약수터,경기도,광명시,경기도 광명시 소하동 58
영회원약수터,경기도,광명시,경기도 광명시 노온사동 141-11
사자골약수터,경기도,평택시,경기도 평택시 지산동 143
백운산약수터,경기도,평택시,경기도 평택시 월곡동 27
88약수,경기도,동두천시,경기도 동두천시 생연동 70
반여초교약수터,부산광역시,해운대구,부산광역시 해운대구 반여동 110-2
관음정사약수터,부산광역시,해운대구,부산광역시 해운대구 반여동 4-11
강일,서울특별시,강동구,서울특별시 강동구 강일동 8-1
남산공원남산,서울특별시,용산구,서울특별시 용산구 한남동 10-77
남산공원수복천,서울특별시,용산구,서울특별시 용산구 이태원동 1-5
남산공원나들이,서울특별시,중랑구,서울특별시 중랑구 망우동 71
북한산공원범골조기회,서울특별시,강북구,서울특별시 강북구 수유동 
북한산공원삼성암밑,서울특별시,강북구,서울특별시 강북구 수유동 
복어,부산광역시,영도구,부산광역시 영도구 동삼동 29-5
용머리,부산광역시,영도구,부산광역시 영도구 동삼동 29-5
모천,부산광역시,영도구,부산광역시 영도구 동삼동 149-1
복천사,부산광역시,영도구,부산광역시 영도구 신선동3가 6
옥계,부산광역시,부산진구,부산광역시 부산진구 초읍동 98-1
석천,부산광역시,부산진구,부산광역시 부산진구 초읍동 98-1
만수정,부산광역시,부산진구,부산광역시 부산진구 초읍동 98-1
찬물샘,부산광역시,부산진구,부산광역시 부산진구 초읍동 98-1
옥천,부산광역시,부산진구,부산광역시 부산진구 초읍동 98-1
양정,부산광역시,부산진구,부산광역시 부산진구 양정동 28
선암사,부산광역시,부산진구,부산광역시 부산진구 부암동 628
산정,부산광역시,영도구,부산광역시 영도구 신선동1가 12
뒷골,경기도,성남시중원구,경기도 성남시중원구 33
중앙공원,경기도,성남시분당구,경기도 성남시분당구 65
구룡,서울특별시,서초구,서울특별시 서초구 염곡동 2-1
개암,서울특별시,강남구,서울특별시 강남구 개포동 53-40
백만정,부산광역시,북구,부산광역시 북구 만덕동 149
만수정,부산광역시,북구,부산광역시 북구 만덕동 152-2
백수정,부산광역시,북구,부산광역시 북구 만덕동 149
대신공원팔각정,부산광역시,서구,부산광역시 서구 동대신동3가 2-2
풍년공원,충청북도,청주시흥덕구,충청북도 청주시흥덕구 1075
명심근린공원,충청북도,청주시흥덕구,충청북도 청주시흥덕구 2316
꽃재근린공원,충청북도,청주시흥덕구,충청북도 청주시흥덕구 1505
초정공원,충청북도,청주시청원구,충청북도 청주시청원구 853-11
범바위약수터,충청북도,충주시,충청북도 충주시 호암동 2
샘골약수터,충청북도,충주시,충청북도 충주시 안림동 72-4
탄금대약수터,충청북도,충주시,충청북도 충주시 칠금동 1-1
다릿재약수터,충청북도,충주시,충청북도 충주시 산척면 2-1
세계사약수터,충청북도,충주시,충청북도 충주시 수안보면 25
마즈막재약수터,충청북도,충주시,충청북도 충주시 종민동 6-1
냉수욕터,부산광역시,남구,부산광역시 남구 대연동 54-37
노원배드민턴,서울특별시,노원구,서울특별시 노원구 상계동 53
도암,서울특별시,노원구,서울특별시 노원구 상계동 84-26
동막골,서울특별시,노원구,서울특별시 노원구 상계동 155-1
두루봉,대전광역시,서구,대전광역시 서구 도마동 7
내원사,대전광역시,서구,대전광역시 서구 도마동 7-9
월평,대전광역시,서구,대전광역시 서구 월평동 36-5
서당골,대전광역시,서구,대전광역시 서구 정림동 2-1
구선천,대전광역시,서구,대전광역시 서구 도마동 27-1
쌍암,대전광역시,유성구,대전광역시 유성구 교촌동 1-5
보덕,대전광역시,유성구,대전광역시 유성구 송강동 280
왕가봉,대전광역시,유성구,대전광역시 유성구 노은동 312-11
산장산,대전광역시,유성구,대전광역시 유성구 원내동 716
화봉,대전광역시,유성구,대전광역시 유성구 전민동 369-1
계족산,대전광역시,대덕구,대전광역시 대덕구 법동 17
쌍옷샘(상),대전광역시,대덕구,대전광역시 대덕구 법동 14-1
무지개약수,경기도,동두천시,경기도 동두천시 안흥동 71
신선약수,경기도,동두천시,경기도 동두천시 안흥동 70
보은약수,경기도,동두천시,경기도 동두천시 안흥동 70
보문사약수,경기도,동두천시,경기도 동두천시 생연동 15-5
상패7통약수,경기도,동두천시,경기도 동두천시 상패동 144
만수약수,경기도,동두천시,경기도 동두천시 상패동 36
월문리약수터,충청북도,괴산군,충청북도 괴산군 청천면 34-2
오동샘,서울특별시,강북구,서울특별시 강북구 번동 16
초헌(중),서울특별시,도봉구,서울특별시 도봉구 창동 197-6
창골,서울특별시,도봉구,서울특별시 도봉구 창동 381
북한산공원산정,서울특별시,도봉구,서울특별시 도봉구 도봉동 
북한산공원쌍줄기,서울특별시,도봉구,서울특별시 도봉구 도봉동 
북한산공원제8휴식처,서울특별시,도봉구,서울특별시 도봉구 도봉동 
대도사,경기도,성남시분당구,경기도 성남시분당구 20-1
매화,경기도,성남시분당구,경기도 성남시분당구 195
무지개,경기도,성남시분당구,경기도 성남시분당구 217
입석,경기도,의정부시,경기도 의정부시 가능동 21-1
청룡,경기도,의정부시,경기도 의정부시 금오동 31-1
기념비,경기도,의정부시,경기도 의정부시 자일동 92-3
본자일,경기도,의정부시,경기도 의정부시 자일동 48-3
무지랭이,경기도,의정부시,경기도 의정부시 낙양동 38-1
어룡,경기도,의정부시,경기도 의정부시 산곡동 10-1
칠사산,경기도,광주시,경기도 광주시 송정동 10
북문,경기도,광주시,경기도 광주시 695
남문,경기도,광주시,경기도 광주시 남한산성면 산성리1098
숭열전입구,경기도,광주시,경기도 광주시 남한산성면 산성리19
양벌,경기도,광주시,경기도 광주시 오포읍 89-4
국청사,경기도,광주시,경기도 광주시 남한산성면 산성리
비봉산(남),경기도,안성시,경기도 안성시 명륜동 1-1
비봉산(여),경기도,안성시,경기도 안성시 명륜동 1-1
마골,경기도,안성시,경기도 안성시 봉남동 48
가협,경기도,안성시,경기도 안성시 금광면 82
무상사약수터,경기도,안성시,경기도 안성시 서운면 송정리301-1
일장천,경기도,하남시,경기도 하남시 학암동 24-1
새일,경기도,파주시,경기도 파주시 파평면 덕천리86
은고개,경기도,하남시,경기도 하남시 상산곡동 189
청용,경기도,시흥시,경기도 시흥시 대야동 140-6
안골,경기도,광주시,경기도 광주시 경안동 224
황고개,경기도,시흥시,경기도 시흥시 장곡동 13
목감,경기도,시흥시,경기도 시흥시 목감동 19
체육공원약수터,충청북도,충주시,충청북도 충주시 안림동 54-1
벽산아파트,충청북도,청주시흥덕구,충청북도 청주시흥덕구 762
대신공원석탑,부산광역시,서구,부산광역시 서구 동대신동3가 2-2
대신공원구이,부산광역시,서구,부산광역시 서구 동대신동3가 2-2
대신공원옥천,부산광역시,서구,부산광역시 서구 동대신동3가 2-2
신라샘2,강원도,속초시,강원도 속초시 조양동 399-1
용천약수,서울특별시,노원구,서울특별시 노원구 상계동 164-1
원터,서울특별시,노원구,서울특별시 노원구 상계동 753-2
정암샘,서울특별시,노원구,서울특별시 노원구 중계동 26
제2불암산악회,서울특별시,노원구,서울특별시 노원구 중계동 101-1
중계샘,서울특별시,노원구,서울특별시 노원구 중계동 40-5
천병샘,서울특별시,노원구,서울특별시 노원구 중계동 101-1
천보옥수회,서울특별시,노원구,서울특별시 노원구 중계동 101-1
청록회,서울특별시,노원구,서울특별시 노원구 중계동 104-1
청암샘,서울특별시,노원구,서울특별시 노원구 중계동 40-5
충숙샘,서울특별시,노원구,서울특별시 노원구 하계동 40-5
통일샘,서울특별시,노원구,서울특별시 노원구 상계동 159-1
폭포약수,서울특별시,노원구,서울특별시 노원구 상계동 159-1
벽운동천,서울특별시,노원구,서울특별시 노원구 상계동 42-1
명암,대전광역시,서구,대전광역시 서구 정림동 18-1
마지막골약수터,경상북도,문경시,경상북도 문경시 불정동 339-8
돈달약수터,경상북도,문경시,경상북도 문경시 점촌동 15-10
성림약수터,경상북도,문경시,경상북도 문경시 흥덕동 5-1
구매탄,경기도,수원시영통구,경기도 수원시영통구 899
쌍옷샘(하),대전광역시,대덕구,대전광역시 대덕구 법동 14-1
비래사,대전광역시,대덕구,대전광역시 대덕구 비래동 1-15
밭탕골,대전광역시,대덕구,대전광역시 대덕구 비래동 34-19
옷샘터,강원도,고성군,강원도 고성군 거진읍 60
천주산입구,경상남도,창원시의창구,경상남도 창원시의창구 917
태복산2,경상남도,창원시의창구,경상남도 창원시의창구 11-1
태복산3,경상남도,창원시의창구,경상남도 창원시의창구 3
사격장뒤,경상남도,창원시의창구,경상남도 창원시의창구 34
북한산공원냉골조기회,서울특별시,강북구,서울특별시 강북구 수유동 
수암계곡샘,서울특별시,노원구,서울특별시 노원구 상계동 155-1
수암샘,서울특별시,노원구,서울특별시 노원구 상계동 155-1
영원암샘,서울특별시,노원구,서울특별시 노원구 상계동 1-2
구암,서울특별시,노원구,서울특별시 노원구 상계동 1-2
보람샘,서울특별시,노원구,서울특별시 노원구 상계동 686
불암산악회,서울특별시,노원구,서울특별시 노원구 중계동 101-1
불암약수,서울특별시,노원구,서울특별시 노원구 상계동 164-9
산신제터,서울특별시,노원구,서울특별시 노원구 상계동 145-24
지경터,경상북도,영주시,경상북도 영주시 봉현면 1-1
남장사약수터,경상북도,상주시,경상북도 상주시 남장동 63-2
대전리약수터,경상북도,상주시,경상북도 상주시 외서면 194
지산리약수터,경상북도,상주시,경상북도 상주시 이안면 82
조곡약수터,경상북도,문경시,경상북도 문경시 문경읍 상초리
조령약수터,경상북도,문경시,경상북도 문경시 문경읍 
매봉약수터,경상북도,문경시,경상북도 문경시 모전동 620-3
진남약수터,경상북도,문경시,경상북도 문경시 마성면 123-18
달기약수터,경상북도,청송군,경상북도 청송군 청송읍 735
오읍,인천광역시,강화군,인천광역시 강화군 강화읍 129-1
남산,인천광역시,강화군,인천광역시 강화군 강화읍 14-1
찬우물,인천광역시,강화군,인천광역시 강화군 선원면 냉정리125
하우,인천광역시,강화군,인천광역시 강화군 양도면 105
두꺼비,부산광역시,영도구,부산광역시 영도구 동삼동 29-5
용머리,부산광역시,금정구,부산광역시 금정구 구서동 4-8
제일,부산광역시,금정구,부산광역시 금정구 서동 1
서곡,부산광역시,금정구,부산광역시 금정구 서동 103
서천,부산광역시,금정구,부산광역시 금정구 금사동 544
여명,부산광역시,금정구,부산광역시 금정구 금사동 9
윤산,부산광역시,금정구,부산광역시 금정구 부곡동 15-17
금양,부산광역시,금정구,부산광역시 금정구 부곡동 30-1
놋정,부산광역시,금정구,부산광역시 금정구 구서동 4-1
봉수대약수터,부산광역시,연제구,부산광역시 연제구 연산동 180-1
말턱고개,경기도,연천군,경기도 연천군 청산면 93
살구골,경기도,수원시영통구,경기도 수원시영통구 983-3
반달,경기도,수원시영통구,경기도 수원시영통구 1012-4
중앙공원,경기도,수원시영통구,경기도 수원시영통구 961-1
독정지하수,경기도,성남시수정구,경기도 성남시수정구 40-1
영장,경기도,성남시수정구,경기도 성남시수정구 6-1
윗가마절,경기도,성남시수정구,경기도 성남시수정구 6-1
약진로변,경기도,성남시수정구,경기도 성남시수정구 2-1
단대,경기도,성남시수정구,경기도 성남시수정구 6937
능골,경기도,성남시수정구,경기도 성남시수정구 12
산성,경기도,성남시중원구,경기도 성남시중원구 5
고당,경기도,성남시중원구,경기도 성남시중원구 37
중원,경기도,성남시중원구,경기도 성남시중원구 11
망덕,경기도,성남시중원구,경기도 성남시중원구 32
대천,서울특별시,강남구,서울특별시 강남구 개포동 53-31
만수정,서울특별시,강남구,서울특별시 강남구 도곡동 15
연화산,강원도,태백시,강원도 태백시 황지동 1
불광산약수터,부산광역시,기장군,부산광역시 기장군 장안읍 53-1
동화사2,대구광역시,동구,대구광역시 동구 도학동 35
원기사약수터,대구광역시,달서구,대구광역시 달서구 상인동 42
평안샘터,대구광역시,달서구,대구광역시 달서구 도원동 1532
대림생수,대구광역시,달성군,대구광역시 달성군 가창면 477-1
용화출,경기도,수원시영통구,경기도 수원시영통구 1177
왕능우물,충청남도,부여군,충청남도 부여군 부여읍 
거무내정약수,충청남도,부여군,충청남도 부여군 부여읍 727
등경수약수터,충청남도,부여군,충청남도 부여군 세도면 50-1
남산윗샘,충청남도,서천군,충청남도 서천군 서천읍 
봉서사,충청남도,서천군,충청남도 서천군 한산면 용산리159
진골약수터,충청남도,서천군,충청남도 서천군 마산면 13-1
우산성(상),충청남도,청양군,충청남도 청양군 청양읍 5-1
우산성(하),충청남도,청양군,충청남도 청양군 청양읍 4-2
용봉약수터,충청남도,홍성군,충청남도 홍성군 홍북읍 신경리80-3
국사봉,서울특별시,동작구,서울특별시 동작구 상도동 65-41
녹천,서울특별시,동작구,서울특별시 동작구 사당동 21-1
달마사,서울특별시,동작구,서울특별시 동작구 흑석동 60-6
보라매,서울특별시,동작구,서울특별시 동작구 신대방동 143
본동,서울특별시,동작구,서울특별시 동작구 본동 6-9
학수,서울특별시,동작구,서울특별시 동작구 사당동 22-19
흑석,서울특별시,동작구,서울특별시 동작구 흑석동 33-373
만수,서울특별시,관악구,서울특별시 관악구 봉천동 4-9
산장,서울특별시,관악구,서울특별시 관악구 신림동 57-13
청금정,경상북도,고령군,경상북도 고령군 대가야읍 중화리
가야산생수정,경상북도,성주군,경상북도 성주군 수륜면 10
오전약수터,경상북도,봉화군,경상북도 봉화군 물야면 오전리62-11
우곡약수터,경상북도,봉화군,경상북도 봉화군 봉성면 우곡리584-6
도동약수터,경상북도,울릉군,경상북도 울릉군 울릉읍 16
석천,부산광역시,부산진구,부산광역시 부산진구 당감동 34
청수,부산광역시,부산진구,부산광역시 부산진구 당감동 34
등나무,부산광역시,부산진구,부산광역시 부산진구 개금동 21-1
용암,부산광역시,부산진구,부산광역시 부산진구 전포동 16-1
승학,부산광역시,부산진구,부산광역시 부산진구 개금동 64
백산,부산광역시,부산진구,부산광역시 부산진구 당감동 34
백선,부산광역시,부산진구,부산광역시 부산진구 당감동 34
만수정,부산광역시,부산진구,부산광역시 부산진구 전포동 2-1
가야산,부산광역시,부산진구,부산광역시 부산진구 가야동 81
엄광산,부산광역시,부산진구,부산광역시 부산진구 가야동 69
한샘약수터,경기도,부천시,경기도 부천시 춘의동 15-1
도당제1약수터,경기도,부천시,경기도 부천시 도당동 77-3
까치약수터,경기도,부천시,경기도 부천시 춘의동 60-1
송내약수터,경기도,부천시,경기도 부천시 송내동 36-2
송학약수터,경기도,부천시,경기도 부천시 송내동 85-1
정명약수터,경기도,부천시,경기도 부천시 심곡본동 85-1
심곡공원약수터,경기도,부천시,경기도 부천시 심곡본동 16-11
하우고개약수터,경기도,부천시,경기도 부천시 심곡본동 22-8
장탄리,경기도,연천군,경기도 연천군 청산면 661
원압산,경기도,연천군,경기도 연천군 신서면 58
옥수동,경기도,연천군,경기도 연천군 신서면 9-1
신탄리,경기도,연천군,경기도 연천군 신서면 
경춘도로,경기도,가평군,경기도 가평군 가평읍 1-1
보납산1,경기도,가평군,경기도 가평군 가평읍 94
보납산2,경기도,가평군,경기도 가평군 가평읍 88
수덕산,경기도,가평군,경기도 가평군 북면 669
용담,경기도,양평군,경기도 양평군 양서면 26-1
석간수,경기도,양평군,경기도 양평군 단월면 42
여물,경기도,양평군,경기도 양평군 청운면 124-1
감상골,경기도,양평군,경기도 양평군 지평면 39-1
옥룡상산,전라남도,광양시,전라남도 광양시 옥룡면 227
마동관음사,전라남도,광양시,전라남도 광양시 마동 91-23
광영큰골,전라남도,광양시,전라남도 광양시 광영동 61-2
옥천골약수터,전라남도,담양군,전라남도 담양군 대덕면 66
물통공약수터,전라남도,담양군,전라남도 담양군 용면 6
한재골약수터,전라남도,담양군,전라남도 담양군 대전면 100-6
삼인동약수터,전라남도,곡성군,전라남도 곡성군 곡성읍 37
신흥(무창)약수터,전라남도,곡성군,전라남도 곡성군 옥과면 30
지동약수터,전라남도,곡성군,전라남도 곡성군 옥과면 66
아방절약수터,전라남도,곡성군,전라남도 곡성군 오곡면 25-4
당몰샘,전라남도,구례군,전라남도 구례군 마산면 633
작은등샘,전라남도,구례군,전라남도 구례군 마산면 181-4
버드실샘,전라남도,구례군,전라남도 구례군 마산면 301-3
감로천,전라남도,구례군,전라남도 구례군 광의면 66
심원옹달샘,전라남도,구례군,전라남도 구례군 산동면 110-1
임걸령옹달샘,전라남도,구례군,전라남도 구례군 산동면 110-1
등잔골약수터,전라남도,보성군,전라남도 보성군 노동면 103
참샘,전라남도,화순군,전라남도 화순군 한천면 50
땀띠샘,전라남도,화순군,전라남도 화순군 동복면 
평화약수,전라남도,장흥군,전라남도 장흥군 장흥읍 65
사또샘,전라남도,장흥군,전라남도 장흥군 장흥읍 55
도장골샘,전라남도,장흥군,전라남도 장흥군 대덕읍 44-5
억불약수터,전라남도,장흥군,전라남도 장흥군 장흥읍 
보은산,전라남도,강진군,전라남도 강진군 강진읍 3
낙하정,전라남도,강진군,전라남도 강진군 강진읍 79-1
탑골,전라남도,강진군,전라남도 강진군 강진읍 108-1
가재샘,전라남도,강진군,전라남도 강진군 도암면 20-1
기알재,전라남도,강진군,전라남도 강진군 병영면 239
대흥사약수터,전라남도,해남군,전라남도 해남군 삼산면 146-3
마봉약수터,전라남도,해남군,전라남도 해남군 송지면 95-9
신덕약수터,전라남도,해남군,전라남도 해남군 화원면 357-3
오듬,인천광역시,남동구,인천광역시 남동구 서창동 2-1
신라샘1,강원도,속초시,강원도 속초시 조양동 399
매봉산정상,충청북도,청주시서원구,충청북도 청주시서원구 36-48
장산약수터,충청남도,태안군,충청남도 태안군 태안읍 
냉천골약수터,충청남도,태안군,충청남도 태안군 태안읍 
좁은목,전라북도,전주시완산구,전라북도 전주시완산구 57-1
완산칠봉,전라북도,전주시완산구,전라북도 전주시완산구 121-1
장군산,전라북도,군산시,전라북도 군산시 구암동 53-1
임피남산,전라북도,군산시,전라북도 군산시 임피면 31-1
작은배산,전라북도,익산시,전라북도 익산시 모현동2가 250
냉정,전라북도,익산시,전라북도 익산시 금마면 48
수왕사,전라북도,완주군,전라북도 완주군 구이면 14
신풍령,전라북도,무주군,전라북도 무주군 무풍면 1
대가,전라북도,순창군,전라북도 순창군 풍산면 금곡리73-1
연등약수터,전라남도,여수시,전라남도 여수시 연등동 641-2
구봉산약수터,전라남도,여수시,전라남도 여수시 봉산동 181-4
텃골약수터,전라남도,여수시,전라남도 여수시 여서동 220-2
쌍용사약수터,전라남도,여수시,전라남도 여수시 선원동 66
고락산1,전라남도,여수시,전라남도 여수시 문수동 110-1
고락산2,전라남도,여수시,전라남도 여수시 시전동 54
뒷골참샘,전라남도,순천시,전라남도 순천시 금곡동 31
망북,전라남도,순천시,전라남도 순천시 용당동 8-1
봉화산,전라남도,순천시,전라남도 순천시 서면 238
남산철탑,전라남도,순천시,전라남도 순천시 덕월동 115
가곡,전라남도,순천시,전라남도 순천시 가곡동 114-1
가장골,전라남도,순천시,전라남도 순천시 남정동 12-1
망용,전라남도,순천시,전라남도 순천시 월등면 137-1
주암댐,전라남도,순천시,전라남도 순천시 조례동 1519-26
선암사,전라남도,순천시,전라남도 순천시 승주읍 유흥리802
내수전약수터,경상북도,울릉군,경상북도 울릉군 울릉읍 643
우곡사,경상남도,창원시의창구,경상남도 창원시의창구 7
누룩,경상남도,창원시의창구,경상남도 창원시의창구 913-9
달천계곡,경상남도,창원시의창구,경상남도 창원시의창구 68
천주산,경상남도,창원시의창구,경상남도 창원시의창구 15
"오봉산1,2",인천광역시,남동구,인천광역시 남동구 도림동 48-14
상계약수,서울특별시,노원구,서울특별시 노원구 상계동 164-9
갈마,대전광역시,서구,대전광역시 서구 갈마동 414-1
빼울,대전광역시,서구,대전광역시 서구 가수원동 618-4
한천,대전광역시,서구,대전광역시 서구 관저동 838-1
오량,대전광역시,서구,대전광역시 서구 복수동 336-31
신대약수,충청남도,천안시서북구,충청남도 천안시서북구 320-6
용수대약수터,충청남도,공주시,충청남도 공주시 계룡면 
매표소앞약수,충청남도,공주시,충청남도 공주시 반포면 
동학사야영장,충청남도,공주시,충청남도 공주시 반포면 
이어니재약수,충청남도,보령시,충청남도 보령시 남포면 
신흥사약수,충청남도,보령시,충청남도 보령시 죽정동 21
웅무정약수,충청남도,보령시,충청남도 보령시 웅천읍 
원전약수,충청남도,보령시,충청남도 보령시 오천면 
영천약수,충청남도,아산시,충청남도 아산시 영인면 55
이충무공약수터,충청남도,아산시,충청남도 아산시 음봉면 
이마당약수터,충청남도,아산시,충청남도 아산시 송악면 
청심약수터,경기도,부천시,경기도 부천시 소사본동 86
오복약수터,경기도,부천시,경기도 부천시 소사본동 62-2
영정천약수터,경기도,부천시,경기도 부천시 작동 13
도당제2약수터,경기도,부천시,경기도 부천시 여월동 30-1
옥길약수터,경기도,광명시,경기도 광명시 옥길동 155
오동수,경상북도,경주시,경상북도 경주시 진현동 86-1
성지골,경상북도,경주시,경상북도 경주시 용강동 52
윗사기막,경기도,성남시중원구,경기도 성남시중원구 191
뫼우리,경기도,성남시중원구,경기도 성남시중원구 11
검단(하대원),경기도,성남시중원구,경기도 성남시중원구 19
도전,강원도,정선군,강원도 정선군 임계면 64-2
버들고개,강원도,정선군,강원도 정선군 임계면 125
송계8리,강원도,정선군,강원도 정선군 임계면 579-35
혜령약수터,경기도,수원시영통구,경기도 수원시영통구 이의동 120-21
윗속말,경기도,성남시중원구,경기도 성남시중원구 409
사곡천,경기도,성남시중원구,경기도 성남시중원구 30
오소재약수터,전라남도,해남군,전라남도 해남군 북일면 117-8
송호약수터,전라남도,해남군,전라남도 해남군 송지면 963-1
구룡산,서울특별시,강남구,서울특별시 강남구 개포동 217-4
구룡천(1),서울특별시,강남구,서울특별시 강남구 개포동 53-28
구룡천(2),서울특별시,강남구,서울특별시 강남구 개포동 53-28
달터,서울특별시,강남구,서울특별시 강남구 개포동 1271
대룡,서울특별시,강남구,서울특별시 강남구 개포동 118-21
대모천,서울특별시,강남구,서울특별시 강남구 일원동 63-29
개포,서울특별시,강남구,서울특별시 강남구 개포동 139
옥화유원지공동우물2,충청북도,청주시상당구,충청북도 청주시상당구 122
옥화유원지공동우물3,충청북도,청주시상당구,충청북도 청주시상당구 153-2
금관유원지공동우물,충청북도,청주시상당구,충청북도 청주시상당구 336
노산뱃터,충청북도,청주시서원구,충청북도 청주시서원구 461-3
양지등산로공동우물,충청북도,청주시서원구,충청북도 청주시서원구 15-1
잠방골옹달샘,충청북도,청주시상당구,충청북도 청주시상당구 45-1
묘안옹달샘,충청북도,청주시흥덕구,충청북도 청주시흥덕구 9-1
초정약수원탕매점,충청북도,청주시청원구,충청북도 청주시청원구 115-5
원산면옥(초정약수터),충청북도,청주시청원구,충청북도 청주시청원구 111-4
향교골약수터,충청북도,보은군,충청북도 보은군 보은읍 108
월송리약수터,충청북도,보은군,충청북도 보은군 보은읍 1
죽전공동우물,충청북도,보은군,충청북도 보은군 보은읍 184-2
내북법주약수터,충청북도,보은군,충청북도 보은군 내북면 성암리15-2
보은죽전공동우물,충청북도,보은군,충청북도 보은군 보은읍 10
옥화유원지공동우물1,충청북도,청주시상당구,충청북도 청주시상당구 21
송광사,전라남도,순천시,전라남도 순천시 송광면 12
오산,전라남도,순천시,전라남도 순천시 주암면 859-1
가현약수터,인천광역시,서구,인천광역시 서구 마전동 49
동우약수터,인천광역시,서구,인천광역시 서구 가정동 9-2
대철,대전광역시,대덕구,대전광역시 대덕구 평촌동 1
정골약숱터,울산광역시,남구,울산광역시 남구 무거동 956
동축사약수터,울산광역시,동구,울산광역시 동구 동부동 120-2
찬물내기약수터,울산광역시,북구,울산광역시 북구 양정동 33-2
무룡산약수터,울산광역시,북구,울산광역시 북구 연암동 48
송정약수터,울산광역시,북구,울산광역시 북구 송정동 14-1
무지골약수터,울산광역시,동구,울산광역시 동구 동부동 164-2
산록약수터,울산광역시,동구,울산광역시 동구 전하동 166-10
청송약수,세종특별자치시도,세종특별자치시,세종특별자치시도 세종특별자치시 전동면 청송리75
미곡약수,세종특별자치시도,세종특별자치시,세종특별자치시도 세종특별자치시 전동면 미곡리1
신방약수,세종특별자치시도,세종특별자치시,세종특별자치시도 세종특별자치시 전의면 신방리5
온주약수터,충청남도,아산시,충청남도 아산시 읍내동 124-1
절곡약수터,충청남도,아산시,충청남도 아산시 도고면 17
소룡리약수터,충청남도,논산시,충청남도 논산시 연무읍 14-4
수락리약수터,충청남도,논산시,충청남도 논산시 벌곡면 
노성산(하)약수터,충청남도,논산시,충청남도 논산시 노성면 
청송약수터,충청남도,계룡시,충청남도 계룡시 두마면 30-1
만운사약수터,충청남도,계룡시,충청남도 계룡시 두마면 443
동금암광장,충청남도,계룡시,충청남도 계룡시 금암동 58
봉화약수,충청남도,당진시,충청남도 당진시 송산면 
고란약수,충청남도,부여군,충청남도 부여군 부여읍 4
태자수약수,충청남도,부여군,충청남도 부여군 부여읍 4
구정문약수,충청남도,부여군,충청남도 부여군 부여읍 4
조왕사약수,충청남도,부여군,충청남도 부여군 부여읍 
신원약수터,경상북도,영양군,경상북도 영양군 수비면 255
운문면정상약수터,경상북도,청도군,경상북도 청도군 운문면 108-3
주산,경상북도,고령군,경상북도 고령군 대가야읍 연조리
금련암,부산광역시,부산진구,부산광역시 부산진구 전포동 29
백수,부산광역시,사상구,부산광역시 사상구 모라동 91-1
청수,부산광역시,사상구,부산광역시 사상구 괘법동 1
승학(학장),부산광역시,사상구,부산광역시 사상구 학장동 165
봉산,부산광역시,영도구,부산광역시 영도구 봉래동1가 256-3
청봉,부산광역시,영도구,부산광역시 영도구 청학동 44-1
미륵암,부산광역시,영도구,부산광역시 영도구 동삼동 149-1
신흥,부산광역시,영도구,부산광역시 영도구 동삼동 149-1
생금우물,경기도,시흥시,경기도 시흥시 정왕동 2138
능곡,경기도,시흥시,경기도 시흥시 능곡동 617
수리,경기도,군포시,경기도 군포시 산본동 18-3
오금,경기도,군포시,경기도 군포시 금정동 871-6
감투봉,경기도,군포시,경기도 군포시 산본동 119
피크닉장,경기도,군포시,경기도 군포시 산본동 840-143
산딸기,경기도,군포시,경기도 군포시 산본동 840-156
광천,경기도,군포시,경기도 군포시 산본동 60
주공4단지,경기도,군포시,경기도 군포시 산본동 99-4
희망,경기도,군포시,경기도 군포시 당동 859
다산,경기도,군포시,경기도 군포시 금정동 871-15
능안,경기도,군포시,경기도 군포시 산본동 1065
속달,경기도,군포시,경기도 군포시 속달동 3-1
장수,경기도,군포시,경기도 군포시 당동 48-1
독지리,경기도,화성시,경기도 화성시 송산면 677-2
매봉산1,경기도,화성시,경기도 화성시 송산면 65-2
매봉산2,경기도,화성시,경기도 화성시 송산면 65-2
매봉산4,경기도,화성시,경기도 화성시 송산면 47
도토리,경기도,파주시,경기도 파주시 문산읍 366
안용주골,경기도,파주시,경기도 파주시 파주읍 82-1
대능,경기도,파주시,경기도 파주시 법원읍 1-1
천현,경기도,파주시,경기도 파주시 법원읍 376-1
율곡,경기도,파주시,경기도 파주시 법원읍 5
묘지,경기도,파주시,경기도 파주시 광탄면 3-4
두포,경기도,파주시,경기도 파주시 파평면 덕천리395
옻샘,경기도,용인시처인구,경기도 용인시처인구 33-5
산신,경기도,시흥시,경기도 시흥시 하중동 2-3
연무,경기도,수원시장안구,경기도 수원시장안구 160-12
삼일아파트,충청북도,청주시흥덕구,충청북도 청주시흥덕구 2008
장구봉등산로,충청북도,청주시서원구,충청북도 청주시서원구 505
청화사,충청북도,청주시서원구,충청북도 청주시서원구 36
구룡산정상,충청북도,청주시서원구,충청북도 청주시서원구 20-6
가마골,경상남도,창원시의창구,경상남도 창원시의창구 26
봉림사지,경상남도,창원시의창구,경상남도 창원시의창구 108-1
용동,경상남도,창원시의창구,경상남도 창원시의창구 140-1
봉산,경상남도,창원시의창구,경상남도 창원시의창구 41-1
용추계곡,경상남도,창원시의창구,경상남도 창원시의창구 61
은행,인천광역시,남동구,인천광역시 남동구 만수동 2-2
귀성,인천광역시,남동구,인천광역시 남동구 장수동 22-4
부령,인천광역시,부평구,인천광역시 부평구 부평동 54-16
선포,인천광역시,부평구,인천광역시 부평구 산곡동 42-3
용포,인천광역시,부평구,인천광역시 부평구 십정동 2-2
번개,인천광역시,부평구,인천광역시 부평구 구산동 6
백조,인천광역시,부평구,인천광역시 부평구 일신동 62
월미전통공원,인천광역시,중구,인천광역시 중구 선린동 439
태학산약수,충청남도,천안시동남구,충청남도 천안시동남구 221
휴양림약수,충청남도,천안시동남구,충청남도 천안시동남구 28-1
매봉약수,충청남도,천안시동남구,충청남도 천안시동남구 252
발산약수,충청남도,천안시동남구,충청남도 천안시동남구 48
성산약수,충청남도,천안시서북구,충청남도 천안시서북구 6
봉서산약수,충청남도,천안시서북구,충청남도 천안시서북구 115
요방약수,충청남도,천안시서북구,충청남도 천안시서북구 72
위례약수,충청남도,천안시서북구,충청남도 천안시서북구 50-4
송라,경기도,양주시,경기도 양주시 은현면 
소래,경기도,양주시,경기도 양주시 은현면 7-1
옻물,경기도,양주시,경기도 양주시 은현면 42
송천,경기도,양주시,경기도 양주시 은현면 131
도락산,경기도,양주시,경기도 양주시 은현면 83-1
사리산,경기도,양주시,경기도 양주시 남면 1-1
흥덕사,경기도,양주시,경기도 양주시 남면 6-1
감악산,경기도,양주시,경기도 양주시 남면 35-2
천주교묘지,경기도,양주시,경기도 양주시 장흥면 23-1
독정골,경기도,양주시,경기도 양주시 장흥면 97-1
훈련장,경기도,양주시,경기도 양주시 광적면 116-3
새낭골(위),경기도,양주시,경기도 양주시 광적면 70
샛골,경기도,양주시,경기도 양주시 회정동 336-1
고덕배수지,경기도,양주시,경기도 양주시 고암동 67-1
삼희아파트,경기도,양주시,경기도 양주시 덕계동 30
냉골,경기도,양주시,경기도 양주시 백석읍 749-22
조선옥 뒷산,경기도,양주시,경기도 양주시 장흥면 388
금광1차아파트,경기도,양주시,경기도 양주시 은현면 용암리89-53
가재울,경기도,양주시,경기도 양주시 광적면 144
호병골,경기도,포천시,경기도 포천시 신읍동 10-1
체육공원,경기도,포천시,경기도 포천시 군내면 하성북리636-1
무렛골(상),경기도,포천시,경기도 포천시 신북면 가채리45-11
무렛골(하),경기도,포천시,경기도 포천시 신북면 가채리46-42
용소약수터,부산광역시,기장군,부산광역시 기장군 기장읍 10
새말샘터,강원도,홍천군,강원도 홍천군 화촌면 성산리18
사우,경기도,김포시,경기도 김포시 사우동 20-6
초원,경기도,김포시,경기도 김포시 감정동 96-7
천현,경기도,김포시,경기도 김포시 운양동 15
구래,경기도,김포시,경기도 김포시 양촌읍 구래리98-2
수안산,경기도,김포시,경기도 김포시 대곶면 140
원산,경기도,김포시,경기도 김포시 하성면 2
신곡,경기도,김포시,경기도 김포시 고촌읍 22
검바위,경기도,김포시,경기도 김포시 통진읍 47-1
아래어정,경기도,광주시,경기도 광주시 남한산성면 산성리23
회암사,경기도,양주시,경기도 양주시 회암동 8-1
옥천,경기도,양주시,경기도 양주시 덕계동 139-9
명성,경기도,양주시,경기도 양주시 덕계동 707-25
지장사,경기도,양주시,경기도 양주시 덕계동 752-1
탑동약수터,전라남도,영암군,전라남도 영암군 영암읍 망호리
냉천약수터,전라남도,영암군,전라남도 영암군 금정면 
길암천약수터,전라남도,영암군,전라남도 영암군 미암면 
불갑파출소,전라남도,영광군,전라남도 영광군 불갑면 421-3
신정,경기도,의정부시,경기도 의정부시 의정부동 11-6
바위샘,경기도,의정부시,경기도 의정부시 장암동 82-1
수락산계곡,경기도,의정부시,경기도 의정부시 장암동 19-1
수락산,경기도,의정부시,경기도 의정부시 장암동 19-2
만가대,경기도,의정부시,경기도 의정부시 용현동 61
북부출장소,경기도,의정부시,경기도 의정부시 호원동 119-151
회룡샘,경기도,의정부시,경기도 의정부시 호원동 304
천보,경기도,의정부시,경기도 의정부시 금오동 45-1
용암,경기도,의정부시,경기도 의정부시 호원동 304
한마음,강원도,태백시,강원도 태백시 황지동 15-1
마을,강원도,태백시,강원도 태백시 황지동 5-1
초당골,강원도,태백시,강원도 태백시 황지동 1-8
너덜,강원도,태백시,강원도 태백시 하사미동 7-2
절골,강원도,태백시,강원도 태백시 하사미동 5-1
오름뫼,강원도,태백시,강원도 태백시 황지동 1-8
용정수,강원도,태백시,강원도 태백시 소도동 321-1
계량촌,강원도,태백시,강원도 태백시 장성동 17-4
문화동골,강원도,태백시,강원도 태백시 동점동 6-5
메밀뜰,강원도,태백시,강원도 태백시 동점동 6-5
건널목,강원도,태백시,강원도 태백시 철암동 3-3
만수봉,경상남도,창원시마산회원구,경상남도 창원시마산회원구 106
가정약수터,인천광역시,서구,인천광역시 서구 가정동 143
석남3약수터,인천광역시,서구,인천광역시 서구 석남동 12
금오산약수터,충청남도,예산군,충청남도 예산군 예산읍 60-15
오소리약수터,충청남도,예산군,충청남도 예산군 예산읍 156-11
대회리약수,충청남도,예산군,충청남도 예산군 예산읍 30-1
광덕사약수터,충청남도,예산군,충청남도 예산군 덕산면 
고택약수터,충청남도,예산군,충청남도 예산군 신암면 336-2
용곡약수터,충청남도,예산군,충청남도 예산군 예산읍 30-1
봉대미산약수터,충청남도,예산군,충청남도 예산군 예산읍 13-1
백화산약수터,충청남도,태안군,충청남도 태안군 태안읍 
말미산,경기도,양평군,경기도 양평군 양동면 118-3
백년,경기도,양평군,경기도 양평군 양평읍 68-1
용화수,경기도,양평군,경기도 양평군 용문면 44-1
옻나무골,경기도,수원시장안구,경기도 수원시장안구 105
용왕샘터,강원도,춘천시,강원도 춘천시 신북읍 2
생수가든,강원도,춘천시,강원도 춘천시 삼천동 60-1
구사약수,강원도,원주시,강원도 원주시 귀래면 154
우두산샘물,강원도,원주시,강원도 원주시 우산동 7
현충탑약수터,강원도,원주시,강원도 원주시 태장동 124-4
보현사약수터,강원도,원주시,강원도 원주시 태장동 191
구룡골약수,강원도,원주시,강원도 원주시 태장동 19
청계,경기도,포천시,경기도 포천시 일동면 기산리23-37
각흘,경기도,포천시,경기도 포천시 영북면 운천리5
금주산,경기도,포천시,경기도 포천시 일동면 수입리483-2
능원,경기도,포천시,경기도 포천시 영중면 양문리16-1
옻우물,경기도,포천시,경기도 포천시 소흘읍 송우리641-4
삼밭골,경기도,여주시,경기도 여주시 월송동 35-1
장미,경기도,여주시,경기도 여주시 교동 4-19
황학산,경기도,여주시,경기도 여주시 능현동 26-73
신촌약수터,경상북도,청송군,경상북도 청송군 진보면 24-1
포남샘터,강원도,고성군,강원도 고성군 거진읍 55-8
작은소골샘터,강원도,고성군,강원도 고성군 거진읍 9
골안,경기도,고양시덕양구,경기도 고양시덕양구 114
국사봉,경기도,고양시덕양구,경기도 고양시덕양구 78-12
꽃마을,경기도,고양시덕양구,경기도 고양시덕양구 41-7
대궐고개,경기도,고양시덕양구,경기도 고양시덕양구 44-1
대동사,경기도,고양시덕양구,경기도 고양시덕양구 367
덕산1,경기도,고양시덕양구,경기도 고양시덕양구 14
명봉,경기도,고양시덕양구,경기도 고양시덕양구 18-1
성라공원1,경기도,고양시덕양구,경기도 고양시덕양구 69
성불사1,경기도,고양시덕양구,경기도 고양시덕양구 14
유곽골(화전),경기도,고양시덕양구,경기도 고양시덕양구 2-1
천일,경기도,고양시덕양구,경기도 고양시덕양구 16
큰골,경기도,고양시덕양구,경기도 고양시덕양구 126-7
능안골,경기도,고양시일산동구,경기도 고양시일산동구 식사동 425-3
수연,경기도,고양시일산동구,경기도 고양시일산동구 성석동 66-12
열병합,경기도,고양시일산동구,경기도 고양시일산동구 백석동 1143-1
중산마을,경기도,고양시일산동구,경기도 고양시일산동구 중산동 138-14
마두,경기도,고양시일산서구,경기도 고양시일산서구 일산동 1121
범룡골,경기도,고양시일산동구,경기도 고양시일산동구 15-13
백양사경내우물,전라남도,장성군,전라남도 장성군 북하면 
빗기촌샘,전라남도,장성군,전라남도 장성군 장성읍 872
재봉산약수터,전라남도,장성군,전라남도 장성군 장성읍 183-1
남산,경상북도,경주시,경상북도 경주시 남산동 36-1
대봉,충청북도,증평군,충청북도 증평군 증평읍 141-1
증안골,충청북도,증평군,충청북도 증평군 증평읍 55
좌구산휴양림,충청북도,증평군,충청북도 증평군 증평읍 61-1
남산골약수터,충청북도,진천군,충청북도 진천군 진천읍 67-10
보련약수터,충청북도,진천군,충청북도 진천군 진천읍 16-10
엽돈재약수터,충청북도,진천군,충청북도 진천군 백곡면 48-1
비야골약수터,충청북도,옥천군,충청북도 옥천군 군북면 286-3
고산,부산광역시,부산진구,부산광역시 부산진구 당감동 34
오행,부산광역시,부산진구,부산광역시 부산진구 당감동 34
창신,경상남도,창원시마산회원구,경상남도 창원시마산회원구 103
구미,경상남도,창원시마산회원구,경상남도 창원시마산회원구 243
두동,경상남도,창원시진해구,경상남도 창원시진해구 238-4
자은하구,경상남도,창원시진해구,경상남도 창원시진해구 1-13
도불산,경상남도,창원시진해구,경상남도 창원시진해구 18-2
오봉산,경기도,의왕시,경기도 의왕시 고천동 191-14
오매기,경기도,의왕시,경기도 의왕시 오전동 141
모락산,경기도,의왕시,경기도 의왕시 오전동 175-1
LG아파트,경기도,의왕시,경기도 의왕시 오전동 78-8
사거리,경기도,의왕시,경기도 의왕시 오전동 23-1
보수골,경기도,의왕시,경기도 의왕시 오전동 166
절터,경기도,의왕시,경기도 의왕시 오전동 51-1
덕성,경기도,의왕시,경기도 의왕시 월암동 421
내손,경기도,의왕시,경기도 의왕시 내손동 61
한직골,경기도,의왕시,경기도 의왕시 학의동 37-1
학의,경기도,의왕시,경기도 의왕시 청계동 79
곱돌광산,경기도,하남시,경기도 하남시 창우동 26-1
선법사,경기도,하남시,경기도 하남시 교산동 55
참새골,경기도,하남시,경기도 하남시 감이동 29
이장천,경기도,하남시,경기도 하남시 학암동 23
옻음물,경기도,용인시처인구,경기도 용인시처인구 79
상미약수터,경기도,용인시기흥구,경기도 용인시기흥구 57
토월,경기도,용인시수지구,경기도 용인시수지구 24
등정골,경기도,파주시,경기도 파주시 월롱면 121
국형사약수,강원도,원주시,강원도 원주시 행구동 98
밤나무골약수,강원도,원주시,강원도 원주시 봉산동 96-2
경월샘터,강원도,강릉시,강원도 강릉시 회산동 81
회산샘터,강원도,강릉시,강원도 강릉시 회산동 236
앤골,경상남도,창원시의창구,경상남도 창원시의창구 798-1
우족산,대전광역시,대덕구,대전광역시 대덕구 비래동 8-4
남도,대전광역시,대덕구,대전광역시 대덕구 비래동 8-4
순흥,서울특별시,금천구,서울특별시 금천구 시흥동 126-1
시호천,서울특별시,금천구,서울특별시 금천구 시흥동 137
능내(봉선사),경기도,남양주시,경기도 남양주시 진접읍 255
동부주택,경기도,남양주시,경기도 남양주시 진접읍 593
계전,경기도,남양주시,경기도 남양주시 화도읍 215
궁촌,경기도,남양주시,경기도 남양주시 화도읍 52-1
안골(보광사),경기도,남양주시,경기도 남양주시 화도읍 419
윗용정,경기도,남양주시,경기도 남양주시 진건읍 122-4
봉인,경기도,남양주시,경기도 남양주시 진건읍 304
용정,경기도,남양주시,경기도 남양주시 진건읍 155
극동,경기도,남양주시,경기도 남양주시 오남읍 16-5
석수,경기도,남양주시,경기도 남양주시 별내면 13
석고개,경기도,남양주시,경기도 남양주시 수동면 2-1
남양,경기도,남양주시,경기도 남양주시 호평동 73-1
백봉산,경기도,남양주시,경기도 남양주시 평내동 118
청수대,경기도,남양주시,경기도 남양주시 평내동 82
무대,경기도,남양주시,경기도 남양주시 금곡동 126-1
양골,경기도,남양주시,경기도 남양주시 금곡동 194-1
황골,경기도,남양주시,경기도 남양주시 지금동 103
가운,경기도,남양주시,경기도 남양주시 지금동 607-85
안산,경기도,남양주시,경기도 남양주시 지금동 607-86
절골,경기도,오산시,경기도 오산시 원동 8-1
원당,경기도,오산시,경기도 오산시 원동 20-1
박동,경기도,오산시,경기도 오산시 수청동 41
벌음,경기도,오산시,경기도 오산시 벌음동 38
은계,경기도,오산시,경기도 오산시 은계동 50-3
연주샘,경기도,과천시,경기도 과천시 중앙동 12-1
등산로(상),경기도,과천시,경기도 과천시 중앙동 11
등산로(하),경기도,과천시,경기도 과천시 중앙동 11
물애비,경기도,과천시,경기도 과천시 과천동 79-2
"5,6호약수터",경기도,과천시,경기도 과천시 문원동 46-5
사그막골(1),경기도,과천시,경기도 과천시 문원동 58-9
사그막골(2),경기도,과천시,경기도 과천시 문원동 58-10
매봉(1),경기도,과천시,경기도 과천시 문원동 58-2
매봉(2),경기도,과천시,경기도 과천시 문원동 58-2
유왕공약수,충청남도,천안시동남구,충청남도 천안시동남구 
구성약수,충청남도,천안시동남구,충청남도 천안시동남구 44-1
홍샘약수,충청남도,천안시동남구,충청남도 천안시동남구 31-3
만리산약수터,부산광역시,동구,부산광역시 동구 범일동 65-121
조기약수터,부산광역시,동구,부산광역시 동구 수정동 65-121
감나무골약수터,부산광역시,동구,부산광역시 동구 수정동 23
청조약수터,부산광역시,동구,부산광역시 동구 수정동 37
장수샘터,강원도,인제군,강원도 인제군 북면 
필례약수,강원도,인제군,강원도 인제군 인제읍 
방동약수,강원도,인제군,강원도 인제군 기린면 
남전약수,강원도,인제군,강원도 인제군 남면 62-2
수성샘터,강원도,고성군,강원도 고성군 간성읍 15
토골샘터,강원도,고성군,강원도 고성군 간성읍 23
옥수,부산광역시,부산진구,부산광역시 부산진구 당감동 34
옥세정,부산광역시,부산진구,부산광역시 부산진구 전포동 2-1
솔밭,강원도,철원군,강원도 철원군 동송읍 
장안사,강원도,철원군,강원도 철원군 서면 
일광사,강원도,철원군,강원도 철원군 서면 
구변,강원도,철원군,강원도 철원군 서면 
토미골,강원도,철원군,강원도 철원군 근남면 
유곡리,강원도,철원군,강원도 철원군 근북면 
동산샘터,강원도,화천군,강원도 화천군 화천읍 95
망태골샘터,강원도,화천군,강원도 화천군 간동면 
밤골샘터,강원도,화천군,강원도 화천군 상서면 98-26
용담샘터,강원도,화천군,강원도 화천군 사내면 433
화악샘터,강원도,화천군,강원도 화천군 사내면 
사색약수터,경기도,수원시영통구,경기도 수원시영통구 이의동 107-4
광교중앙약수터,경기도,수원시영통구,경기도 수원시영통구 이의동 127-8
선강(천),부산광역시,북구,부산광역시 북구 구포동 42-1
시청,경기도,파주시,경기도 파주시 아동동 215
감사교육원,경기도,파주시,경기도 파주시 광탄면 139-14
저전6통,전라남도,순천시,전라남도 순천시 저전동 299-2
저전7통,전라남도,순천시,전라남도 순천시 저전동 311-1
한마음,경기도,수원시장안구,경기도 수원시장안구 6
수성,경기도,수원시권선구,경기도 수원시권선구 1-5
팔달,경기도,수원시팔달구,경기도 수원시팔달구 1-1
효원,경기도,수원시팔달구,경기도 수원시팔달구 1-1
필봉,경기도,오산시,경기도 오산시 내삼미동 15-1
감투봉,경기도,오산시,경기도 오산시 서동 10-1
수목원,경기도,오산시,경기도 오산시 금암동 
계란마을,경기도,시흥시,경기도 시흥시 신천동 13
관음사약수터,충청남도,홍성군,충청남도 홍성군 광천읍 335-1
옻샘약수터,충청남도,예산군,충청남도 예산군 예산읍 15-3
불로,인천광역시,남동구,인천광역시 남동구 만수동 2-2
"감로천1,2",인천광역시,남동구,인천광역시 남동구 만수동 1-4
우장초등학교뒤,서울특별시,강서구,서울특별시 강서구 화곡동 984-12
불로천,서울특별시,금천구,서울특별시 금천구 시흥동 6-7
산복,서울특별시,금천구,서울특별시 금천구 시흥동 75
삼정,서울특별시,금천구,서울특별시 금천구 시흥동 118
서대신동공동우물,부산광역시,서구,부산광역시 서구 서대신동3가 7-3
해맞이봉샘터,강원도,고성군,강원도 고성군 거진읍 1
행랑골샘터,강원도,고성군,강원도 고성군 거진읍 64-1
약수암샘터,강원도,고성군,강원도 고성군 거진읍 235-4
수정샘약수터,부산광역시,동구,부산광역시 동구 초량동 29
보덕포약수터,부산광역시,사하구,부산광역시 사하구 장림동 96-1
천마산약수터,부산광역시,사하구,부산광역시 사하구 감천동 13
김종수,부산광역시,사하구,부산광역시 사하구 감천동 6-1723
수박골,부산광역시,금정구,부산광역시 금정구 금성동 69
극동,경기도,양주시,경기도 양주시 덕계동 64
과골,경기도,양주시,경기도 양주시 회정동 44-3
탑동,경기도,양주시,경기도 양주시 회정동 33-1
야촌(위),경기도,양주시,경기도 양주시 삼숭동 123
야촌(아래),경기도,양주시,경기도 양주시 삼숭동 123
백화암,경기도,양주시,경기도 양주시 유양동 40
작은산대,경기도,양주시,경기도 양주시 산북동 53-10
천보산,경기도,양주시,경기도 양주시 광사동 140-3
홍복,경기도,양주시,경기도 양주시 백석읍 15-1
송산,경기도,양주시,경기도 양주시 백석읍 5-1
은봉산,경기도,양주시,경기도 양주시 백석읍 198-1
대신공원민속관,부산광역시,서구,부산광역시 서구 동대신동3가 2-2
한재샘터,강원도,양양군,강원도 양양군 현북면 
수리산,경기도,안양시만안구,경기도 안양시만안구 97-3
교평약수터,충청북도,옥천군,충청북도 옥천군 청산면 367
가리약수터,충청북도,영동군,충청북도 영동군 영동읍 심원리88-4
자은,경상남도,창원시진해구,경상남도 창원시진해구 1-3
시루,경상남도,창원시진해구,경상남도 창원시진해구 1-1
자은본동,경상남도,창원시진해구,경상남도 창원시진해구 1-1
안정사,경상남도,통영시,경상남도 통영시 광도면 1888
미륵등,경상남도,통영시,경상남도 통영시 산양읍 202-1
약천,경상남도,통영시,경상남도 통영시 미수동 65-2
원당골,경상남도,통영시,경상남도 통영시 미수동 186-2
선금산,경상남도,통영시,경상남도 통영시 미수동 62
각산,경상남도,사천시,경상남도 사천시 동동 1
대방,경상남도,사천시,경상남도 사천시 대방동 2
계양,경상남도,사천시,경상남도 사천시 사남면 18
산성,경상남도,사천시,경상남도 사천시 사천읍 580-2
봉으리,경기도,성남시중원구,경기도 성남시중원구 18-3
용터약수터,충청북도,제천시,충청북도 제천시 모산동 15-7
하소약수터,충청북도,제천시,충청북도 제천시 하소동 17-3
등너머약수터,충청북도,제천시,충청북도 제천시 천남동 200
몽암사약수터,충청북도,제천시,충청북도 제천시 강제동 668-1
사찰약수터,충청북도,제천시,충청북도 제천시 모산동 25
피재골약수터,충청북도,제천시,충청북도 제천시 모산동 2-1
포전약수터,충청북도,제천시,충청북도 제천시 송학면 81-2
구룡약수터,충청북도,제천시,충청북도 제천시 금성면 성내리432-1
청석굴공동우물,충청북도,청주시상당구,충청북도 청주시상당구 22
제2금강산,경상남도,창원시마산회원구,경상남도 창원시마산회원구 152-1
영산법화사,경기도,의정부시,경기도 의정부시 호원동 92-15
보리고개,경기도,남양주시,경기도 남양주시 와부읍 54
대궐터(봉영사),경기도,남양주시,경기도 남양주시 진접읍 323
전동,경기도,남양주시,경기도 남양주시 진접읍 203-6
새무골,경기도,의정부시,경기도 의정부시 금오동 14
안산,대전광역시,대덕구,대전광역시 대덕구 법동 284-2
구봉,대전광역시,대덕구,대전광역시 대덕구 중리동 388-17
남부민소방도로공동우물,부산광역시,서구,부산광역시 서구 남부민동 428-79
문현,부산광역시,남구,부산광역시 남구 문현동 7
중앙늘샘쉽터②,부산광역시,남구,부산광역시 남구 대연동 54-36
소요산일주문,경기도,동두천시,경기도 동두천시 상봉암동 1
소요산광장,경기도,동두천시,경기도 동두천시 상봉암동 1
생골약수,경기도,동두천시,경기도 동두천시 생연동 70
시민약수,경기도,동두천시,경기도 동두천시 생연동 70
옥녀봉약수,경기도,동두천시,경기도 동두천시 상패동 77-1
동암약수,경기도,동두천시,경기도 동두천시 보산동 13-1
창말약수,경기도,동두천시,경기도 동두천시 동두천동 8
사리,경기도,안산시,경기도 안산시 상록구 179
장수탑약수터,부산광역시,사하구,부산광역시 사하구 괴정동 174
돌샘약수터,부산광역시,사하구,부산광역시 사하구 괴정동 1-1
한샘약수터,부산광역시,사하구,부산광역시 사하구 괴정동 1-1
마우골약수터,부산광역시,사하구,부산광역시 사하구 괴정동 173
삿갓봉,서울특별시,노원구,서울특별시 노원구 중계동 356
사문안골,강원도,철원군,강원도 철원군 동송읍 
초록공원약수터,부산광역시,해운대구,부산광역시 해운대구 반여동 110-2
장산약수터,부산광역시,해운대구,부산광역시 해운대구 반송동 51
장천사약수터,부산광역시,해운대구,부산광역시 해운대구 반송동 51-120
체육공원내약수터,부산광역시,해운대구,부산광역시 해운대구 재송동 69
옥천사약수터,부산광역시,해운대구,부산광역시 해운대구 재송동 74-2
고씨제당약수터,부산광역시,해운대구,부산광역시 해운대구 재송동 51-1
반석약수터,부산광역시,해운대구,부산광역시 해운대구 석대동 15
장산제일약수터,부산광역시,해운대구,부산광역시 해운대구 재송동 31
장산산림욕장약수터,부산광역시,해운대구,부산광역시 해운대구 우동 148-1
초록공원위약수터,부산광역시,해운대구,부산광역시 해운대구 반여동 110-2
한우물,경기도,이천시,경기도 이천시 장호원읍 4
물명당,경기도,이천시,경기도 이천시 부발읍 죽당리24
향교,경기도,이천시,경기도 이천시 창전동 40-1
신송,경기도,이천시,경기도 이천시 송정동 79-1
구암,경기도,이천시,경기도 이천시 관고동 67-3
춘덕약수터,경기도,부천시,경기도 부천시 원미동 21
대암산1,경상남도,창원시성산구,경상남도 창원시성산구 101
불곡사,경상남도,창원시성산구,경상남도 창원시성산구 6-3
성주사,경상남도,창원시성산구,경상남도 창원시성산구 213-14
갈미봉,경상남도,창원시성산구,경상남도 창원시성산구 23
밭터,경상남도,창원시마산합포구,경상남도 창원시마산합포구 88-1
수발사,경상남도,창원시마산합포구,경상남도 창원시마산합포구 145
무곡탑(상),경상남도,창원시마산합포구,경상남도 창원시마산합포구 98-63
자산,경상남도,창원시마산합포구,경상남도 창원시마산합포구 25-11
장산,부산광역시,남구,부산광역시 남구 용호동 101
장군묘,부산광역시,남구,부산광역시 남구 용호동 113-2
장자산,부산광역시,남구,부산광역시 남구 용호동 30-1
이기대큰고개,부산광역시,남구,부산광역시 남구 용호동 138-1
이기대,부산광역시,남구,부산광역시 남구 용호동 29
벽산,부산광역시,북구,부산광역시 북구 구포동 1245
백양산동네체육공원,부산광역시,북구,부산광역시 북구 구포동 48-135
백천,부산광역시,북구,부산광역시 북구 구포동 3-1
문원약수터,경기도,과천시,경기도 과천시 문원동 15
무당바위,경기도,과천시,경기도 과천시 문원동 10
정수암,부산광역시,사하구,부산광역시 사하구 괴정동 1063-9
옹달샘약수터,부산광역시,사하구,부산광역시 사하구 괴정동 93-1
승학약수터,부산광역시,사하구,부산광역시 사하구 당리동 34
정각사약수터,부산광역시,사하구,부산광역시 사하구 당리동 45-1
몰운대약수터,부산광역시,사하구,부산광역시 사하구 다대동 144
낫개약수터,부산광역시,사하구,부산광역시 사하구 다대동 1-16
남보살,대전광역시,중구,대전광역시 중구 사정동 2-1
까치재,대전광역시,중구,대전광역시 중구 사정동 198-2
상당,대전광역시,중구,대전광역시 중구 사정동 48-1
냉천골샘터,강원도,양구군,강원도 양구군 양구읍 죽곡리
대암샘터,강원도,양구군,강원도 양구군 해안면 
갯골샘터,강원도,인제군,강원도 인제군 인제읍 
다랑벼루샘터,강원도,인제군,강원도 인제군 인제읍 45-1
금강1,부산광역시,동래구,부산광역시 동래구 온천동 190-7
금강2,부산광역시,동래구,부산광역시 동래구 온천동 190-9
쇠미,부산광역시,동래구,부산광역시 동래구 사직동 81-7
호암,경기도,이천시,경기도 이천시 관고동 63-1
천경대,경기도,이천시,경기도 이천시 관고동 67-3
초암,경기도,이천시,경기도 이천시 관고동 173
청구,경기도,이천시,경기도 이천시 관고동 67-3
오미,경기도,이천시,경기도 이천시 관고동 67-3
나막골,경기도,이천시,경기도 이천시 관고동 67-3
도불천,경상남도,창원시진해구,경상남도 창원시진해구 52-3
관악천,경기도,안양시만안구,경기도 안양시만안구 16-1
수리천,경기도,안양시만안구,경기도 안양시만안구 127-1
봉수정,경기도,안양시만안구,경기도 안양시만안구 133-6
팔팔,경기도,안양시만안구,경기도 안양시만안구 81-3
신안,경기도,안양시만안구,경기도 안양시만안구 94
석천,경기도,안양시만안구,경기도 안양시만안구 162-2
신촌,경기도,안양시만안구,경기도 안양시만안구 137-1
송림1,경기도,안양시만안구,경기도 안양시만안구 120
냉천,경기도,안양시만안구,경기도 안양시만안구 590-91
만안,경기도,안양시만안구,경기도 안양시만안구 123-1
설천2,경기도,안양시동안구,경기도 안양시동안구 22
간촌3,경기도,안양시동안구,경기도 안양시동안구 109
간촌4,경기도,안양시동안구,경기도 안양시동안구 109
월외우물,충청북도,옥천군,충청북도 옥천군 안내면 421-2
가산사우물,충청북도,옥천군,충청북도 옥천군 안내면 543
무학산기도원,경상남도,창원시마산합포구,경상남도 창원시마산합포구 492
등나무산장,경상남도,창원시마산합포구,경상남도 창원시마산합포구 494
선강(하),부산광역시,북구,부산광역시 북구 구포동 42-1
만날제,경상남도,창원시마산합포구,경상남도 창원시마산합포구 695
봉화,경상남도,창원시마산회원구,경상남도 창원시마산회원구 31-1
한천,경기도,수원시장안구,경기도 수원시장안구 3-1
삼정,부산광역시,북구,부산광역시 북구 만덕동 843
병풍사,부산광역시,북구,부산광역시 북구 만덕동 77-1
천룡사,부산광역시,북구,부산광역시 북구 만덕동 2
만수천,부산광역시,북구,부산광역시 북구 만덕동 3
상학산,부산광역시,북구,부산광역시 북구 만덕동 261
아렛배랭이,경기도,과천시,경기도 과천시 문원동 182
삼포약수터,경기도,과천시,경기도 과천시 주암동 92-1
형제,경기도,구리시,경기도 구리시 교문동 89-1
엄마,경기도,구리시,경기도 구리시 교문동 75-1
강신,경기도,구리시,경기도 구리시 아천동 49-1
동락천,경기도,구리시,경기도 구리시 교문동 83
동화천,경기도,구리시,경기도 구리시 교문동 148
옻샘,충청북도,청주시청원구,충청북도 청주시청원구 7-4
고씨우물,충청북도,청주시상당구,충청북도 청주시상당구 49
광덕사,충청북도,청주시상당구,충청북도 청주시상당구 120-1
우암산등산로2,충청북도,청주시상당구,충청북도 청주시상당구 2-1
어린이회관등산로,충청북도,청주시상당구,충청북도 청주시상당구 63
산성등산로1,충청북도,청주시상당구,충청북도 청주시상당구 111
보성아파트,충청북도,청주시청원구,충청북도 청주시청원구 231-4
용호사,충청북도,청주시상당구,충청북도 청주시상당구 114-4
보살사,충청북도,청주시상당구,충청북도 청주시상당구 40-11
산성등산로2,충청북도,청주시상당구,충청북도 청주시상당구 4-1
우암산등산로1,충청북도,청주시상당구,충청북도 청주시상당구 2
금병,부산광역시,동래구,부산광역시 동래구 사직동 12-5
쌍암,부산광역시,동래구,부산광역시 동래구 사직동 12-4
사적공원,부산광역시,동래구,부산광역시 동래구 명장동 94-3
체육공원,부산광역시,남구,부산광역시 남구 문현동 7
대보천,대전광역시,중구,대전광역시 중구 대사동 3-71
보문석천,대전광역시,중구,대전광역시 중구 대사동 3-71
상봉,대전광역시,중구,대전광역시 중구 대사동 3-71
덕의봉약수터,충청북도,옥천군,충청북도 옥천군 청산면 7
너덜겅,광주광역시,동구,광주광역시 동구 운림동 132-1
구)증심사관리소,광주광역시,동구,광주광역시 동구 운림동 92-1
대각사,광주광역시,남구,광주광역시 남구 봉선동 587
산장광장,광주광역시,북구,광주광역시 북구 금곡동 800
청풍쉼터,광주광역시,북구,광주광역시 북구 청풍동 200
충장사,광주광역시,북구,광주광역시 북구 금곡동 1023
용진약수터,광주광역시,광산구,광주광역시 광산구 왕동 4-1
산정약수터,광주광역시,광산구,광주광역시 광산구 산정동 53
용천,대전광역시,동구,대전광역시 동구 용운동 299-1
용수골,대전광역시,동구,대전광역시 동구 용운동 74-6
옥정사,대전광역시,동구,대전광역시 동구 가양동 3-16
옻샘,대전광역시,동구,대전광역시 동구 판암동 24
지푸재,대전광역시,동구,대전광역시 동구 대별동 10
모암,대전광역시,동구,대전광역시 동구 이사동 7-1
향교,강원도,철원군,강원도 철원군 철원읍 
하리1,부산광역시,북구,부산광역시 북구 만덕동 251
도개공,부산광역시,북구,부산광역시 북구 덕천동 814-1
수정,부산광역시,북구,부산광역시 북구 덕천동 19
금곡,부산광역시,북구,부산광역시 북구 금곡동 80
상봉재,충청북도,청주시상당구,충청북도 청주시상당구 390
산성등산로3,충청북도,청주시상당구,충청북도 청주시상당구 
단병,강원도,동해시,강원도 동해시 망상동 3
국민주택,강원도,동해시,강원도 동해시 망상동 
명수천,대전광역시,중구,대전광역시 중구 부사동 2-13
송학사,대전광역시,중구,대전광역시 중구 문화동 18-1
고촉사,대전광역시,중구,대전광역시 중구 문화동 18-1
삼어체육시설옆약수터,부산광역시,해운대구,부산광역시 해운대구 반여동 300
장수천약수터,부산광역시,사하구,부산광역시 사하구 괴정동 174
싸리골약수터,부산광역시,사하구,부산광역시 사하구 괴정동 1-47
체육공원약수터,충청북도,음성군,충청북도 음성군 감곡면 29-7
보현산옹달샘,충청북도,음성군,충청북도 음성군 음성읍 173-12
별산댕이옹달샘,충청북도,음성군,충청북도 음성군 금왕읍 449
자라바위약수터,충청북도,음성군,충청북도 음성군 원남면 2-2
기촌약수터,충청북도,단양군,충청북도 단양군 단양읍 355-1
홍심,서울특별시,서대문구,서울특별시 서대문구 홍제동 1-100
홍연,서울특별시,서대문구,서울특별시 서대문구 홍은동 19-2
홍인,서울특별시,서대문구,서울특별시 서대문구 홍제동 1-1
홍제천,서울특별시,서대문구,서울특별시 서대문구 홍제동 33-44
성미,서울특별시,마포구,서울특별시 마포구 성산동 11-58
다락골,서울특별시,양천구,서울특별시 양천구 신정동 37-84
달거리,서울특별시,양천구,서울특별시 양천구 목동 7-3
매봉,서울특별시,양천구,서울특별시 양천구 신정동 140-3
경운사(상),경상남도,김해시,경상남도 김해시 외동 47
경운사(하),경상남도,김해시,경상남도 김해시 외동 824
물망골,경상남도,김해시,경상남도 김해시 구산동 638
광장,경상남도,김해시,경상남도 김해시 삼방동 120-1
남재골,경상남도,김해시,경상남도 김해시 동상동 1-2
절물,제주특별자치도,제주시,제주특별자치도 제주시 봉개동 78-1
사제비물,제주특별자치도,제주시,제주특별자치도 제주시 애월읍 183
노루샘,제주특별자치도,서귀포시,제주특별자치도 서귀포시 하원동 1
영실물,제주특별자치도,서귀포시,제주특별자치도 서귀포시 하원동 
찬물샘약수터,경상남도,양산시,경상남도 양산시 원동면 69-12
천정약수터,경상남도,양산시,경상남도 양산시 주진동 75-3
일운약수터,경상남도,거제시,경상남도 거제시 일운면 34-15
산양약수터,경상남도,거제시,경상남도 거제시 동부면 940-6
참샘약수터,경상남도,거제시,경상남도 거제시 연초면 83
앵산약수터,경상남도,거제시,경상남도 거제시 하청면 127-1
힐사이드약수터,경상남도,거제시,경상남도 거제시 옥포동 1230-1
선창샘,경상남도,거제시,경상남도 거제시 둔덕면 363-1
비둘기공원,경기도,시흥시,경기도 시흥시 은행동 16-29
열림약수터,경기도,수원시영통구,경기도 수원시영통구 이의동 1043
간촌1,경기도,안양시동안구,경기도 안양시동안구 131
금강도,경상남도,산청군,경상남도 산청군 산청읍 108
밤러리재,경상남도,산청군,경상남도 산청군 삼장면 120
청계,경상남도,산청군,경상남도 산청군 단성면 35
상림약수터,경상남도,함양군,경상남도 함양군 함양읍 49
백운산약수터,경상남도,함양군,경상남도 함양군 백전면 91-14
건계정,경상남도,거창군,경상남도 거창군 거창읍 34-1
거열산성,경상남도,거창군,경상남도 거창군 거창읍 45-3
감악산,경상남도,거창군,경상남도 거창군 신원면 과정리13
활터약수터,경상남도,합천군,경상남도 합천군 합천읍 198
앵봉(좌),서울특별시,은평구,서울특별시 은평구 갈현동 12-1
응암,서울특별시,은평구,서울특별시 은평구 응암동 6-48
장미동산(우),서울특별시,은평구,서울특별시 은평구 녹번동 1-1
장미동산(좌),서울특별시,은평구,서울특별시 은평구 녹번동 1-1
서부(우),서울특별시,은평구,서울특별시 은평구 갈현동 267-100
덕천,서울특별시,서대문구,서울특별시 서대문구 연희동 2-17
만수천,서울특별시,서대문구,서울특별시 서대문구 봉원동 2-1
맥천,서울특별시,서대문구,서울특별시 서대문구 연희동 2-2
명천,서울특별시,서대문구,서울특별시 서대문구 연희동 2-17
백련,서울특별시,서대문구,서울특별시 서대문구 홍은동 19-1
백암,서울특별시,서대문구,서울특별시 서대문구 홍제동 33-44
복수천,서울특별시,서대문구,서울특별시 서대문구 북아현동 1-1616
봉구천,서울특별시,서대문구,서울특별시 서대문구 봉원동 2-1
봉화천,서울특별시,서대문구,서울특별시 서대문구 홍제동 33-44
석천,서울특별시,서대문구,서울특별시 서대문구 연희동 2-15
약사전,강원도,횡성군,강원도 횡성군 서원면 
약물내기샘터,강원도,영월군,강원도 영월군 영월읍 방절리
옥수정샘터,강원도,영월군,강원도 영월군 상동읍 천평리
옥동샘터,강원도,영월군,강원도 영월군 김삿갓면 
마차샘터,강원도,영월군,강원도 영월군 북면 
우무골샘터,강원도,영월군,강원도 영월군 북면 
장충샘터,강원도,영월군,강원도 영월군 주천면 
꽃바위샘터,강원도,영월군,강원도 영월군 무릉도원면 도원리
상원사샘터,강원도,평창군,강원도 평창군 진부면 
물안이골샘터,강원도,정선군,강원도 정선군 고한읍 
도사곡샘터,강원도,정선군,강원도 정선군 사북읍 사북리
거북샘터,강원도,정선군,강원도 정선군 신동읍 
양지말샘터,강원도,정선군,강원도 정선군 여량면 
숙암샘터,강원도,정선군,강원도 정선군 북평면 
천보산,경기도,의정부시,경기도 의정부시 63-2
사천동아아파트,충청북도,청주시청원구,충청북도 청주시청원구 437
연흥,서울특별시,서대문구,서울특별시 서대문구 연희동 2-36
옥동,서울특별시,서대문구,서울특별시 서대문구 홍제동 1-1
옥천,서울특별시,서대문구,서울특별시 서대문구 봉원동 2-14
용천(안산),서울특별시,서대문구,서울특별시 서대문구 연희동 2-17
용천(인왕),서울특별시,서대문구,서울특별시 서대문구 홍제동 1-100
풍천,서울특별시,서대문구,서울특별시 서대문구 봉원동 2-1
호박골,서울특별시,서대문구,서울특별시 서대문구 홍은동 1-85
안산천,서울특별시,서대문구,서울특별시 서대문구 봉원동 2-1
중탑,경상남도,사천시,경상남도 사천시 축동면 676-1
봉명산,경상남도,사천시,경상남도 사천시 곤명면 15
서재골(상),경상남도,김해시,경상남도 김해시 동상동 189
서재골(하),경상남도,김해시,경상남도 김해시 동상동 190-1
평산공동우물,경상남도,양산시,경상남도 양산시 하북면 265-2
자하곡,경상남도,창녕군,경상남도 창녕군 창녕읍 2-1
함박산,경상남도,창녕군,경상남도 창녕군 영산면 38
남산약수터,경상남도,고성군,경상남도 고성군 고성읍 369-2
연화산약수터,경상남도,고성군,경상남도 고성군 영현면 
복곡,경상남도,남해군,경상남도 남해군 이동면 
안천,서울특별시,서대문구,서울특별시 서대문구 홍제동 33-44
양천,서울특별시,서대문구,서울특별시 서대문구 연희동 2-13
연수천,서울특별시,서대문구,서울특별시 서대문구 연희동 2-15
장수천,서울특별시,서대문구,서울특별시 서대문구 봉원동 2-1
행천,서울특별시,서대문구,서울특별시 서대문구 봉원동 2-1
싸리재샘,강원도,속초시,강원도 속초시 조양동 399-2
양리샘터,강원도,삼척시,강원도 삼척시 근덕면 232-3
석화산샘터,강원도,홍천군,강원도 홍천군 홍천읍 희망리31
잿골샘터,강원도,홍천군,강원도 홍천군 홍천읍 희망리49
닭바위샘터,강원도,홍천군,강원도 홍천군 홍천읍 갈마곡리67-13
주전선약수터,울산광역시,동구,울산광역시 동구 동부동 177-1
불로천,서울특별시,관악구,서울특별시 관악구 봉천동 115
거북,서울특별시,은평구,서울특별시 은평구 녹번동 1-1
녹수,서울특별시,은평구,서울특별시 은평구 녹번동 1-1
서부(좌),서울특별시,은평구,서울특별시 은평구 갈현동 267-100
수국사,서울특별시,은평구,서울특별시 은평구 갈현동 135-5
안산헬스,서울특별시,서대문구,서울특별시 서대문구 봉원동 2-1
구룡1리 약수,충청남도,보령시,충청남도 보령시 웅천읍 122-16
소리골 약수,충청남도,보령시,충청남도 보령시 청라면 
석남2약수터,인천광역시,서구,인천광역시 서구 석남동 7
서곡리 샘터,강원도,홍천군,강원도 홍천군 내촌면 94
병풍바위,인천광역시,연수구,인천광역시 연수구 청학동 55-4
포망골,인천광역시,연수구,인천광역시 연수구 청학동 55-20
호불사,인천광역시,연수구,인천광역시 연수구 옥련동 65-2
청학사,인천광역시,연수구,인천광역시 연수구 청학동 22
황매약수터,경상남도,합천군,경상남도 합천군 대병면 10-1
전안,경상남도,합천군,경상남도 합천군 
거북,부산광역시,사상구,부산광역시 사상구 학장동 154-1
삼운정,부산광역시,사상구,부산광역시 사상구 주례동 74-1
철학로약수터,부산광역시,동래구,부산광역시 동래구 온천동 177-2
부곡,부산광역시,금정구,부산광역시 금정구 부곡동 84-1
홍주성 옥사우물,충청남도,홍성군,충청남도 홍성군 홍성읍 오관리42
만수,서울특별시,은평구,서울특별시 은평구 신사동 93-16
노산솔밭공동우물,충청북도,청주시서원구,충청북도 청주시서원구 867-1
봉암샘,서울특별시,노원구,서울특별시 노원구 중계동 101-1
북한산공원보국문밑,서울특별시,성북구,서울특별시 성북구 정릉동 
북한산공원도성암위,서울특별시,강북구,서울특별시 강북구 수유동 
석계암,경기도,하남시,경기도 하남시 초이동 25-15
성지,경기도,하남시,경기도 하남시 초이동 42-1
개화산입구,서울특별시,강서구,서울특별시 강서구 방화동 152-1
청천,인천광역시,부평구,인천광역시 부평구 청천동 55-110
구성,경기도,용인시처인구,경기도 용인시처인구 15
중머리재,광주광역시,동구,광주광역시 동구 용연동 254-3
먹골지구,서울특별시,중랑구,서울특별시 중랑구 묵동 41-7
용화골,강원도,철원군,강원도 철원군 갈말읍 
보광암,부산광역시,금정구,부산광역시 금정구 장전동 29-4
금정,부산광역시,금정구,부산광역시 금정구 장전동 29-4
구룡(1),서울특별시,서초구,서울특별시 서초구 염곡동 39-4
만탑,부산광역시,부산진구,부산광역시 부산진구 개금동 11
수색,서울특별시,은평구,서울특별시 은평구 수색동 28-1
앵봉(우),서울특별시,은평구,서울특별시 은평구 갈현동 12-1
녹신,서울특별시,은평구,서울특별시 은평구 응암동 37-54
상록천,서울특별시,광진구,서울특별시 광진구 구의동 3-10
청암,서울특별시,광진구,서울특별시 광진구 광장동 5-117
영신여고,서울특별시,노원구,서울특별시 노원구 중계동 101-7
석천생수,서울특별시,노원구,서울특별시 노원구 상계동 153-1
절산샘터,강원도,양양군,강원도 양양군 
석천암약수터,충청남도,논산시,충청남도 논산시 벌곡면 14-4
레포츠,경기도,군포시,경기도 군포시 금정동 356-11
당너머,경기도,군포시,경기도 군포시 당동 39-31
옥포해변약수터,경상남도,거제시,경상남도 거제시 옥포동 76
동항리,경기도,안성시,경기도 안성시 양성면 63
운동장,경상남도,창원시의창구,경상남도 창원시의창구 73-26
천정샘,서울특별시,노원구,서울특별시 노원구 중계동 40-5
하계약수,서울특별시,노원구,서울특별시 노원구 하계동 13-1
대암산3,경상남도,창원시성산구,경상남도 창원시성산구 117
안민고개,경상남도,창원시성산구,경상남도 창원시성산구 144
오리,경기도,양평군,경기도 양평군 
오현,경기도,양평군,경기도 양평군 
옻샘골,경기도,양평군,경기도 양평군 
월롱,경기도,양평군,경기도 양평군 
상황봉관음사약수터,전라남도,완도군,전라남도 완도군 완도읍 16-1
공동우물(충도),전라남도,완도군,전라남도 완도군 금일읍 장정리
장곡사,충청남도,청양군,충청남도 청양군 대치면 28
옻샘물,강원도,원주시,강원도 원주시 지정면 
등명약수,강원도,강릉시,강원도 강릉시 강동면 17
송천약수,강원도,강릉시,강원도 강릉시 연곡면 200
태장봉샘터,강원도,강릉시,강원도 강릉시 대전동 150-4
남촌공동우물,전라남도,해남군,전라남도 해남군 옥천면 748
항리공동우물,전라남도,해남군,전라남도 해남군 삼산면 361-2
토월괴산,경상남도,창원시성산구,경상남도 창원시성산구 47
대암산2,경상남도,창원시성산구,경상남도 창원시성산구 120
절골샘터,강원도,평창군,강원도 평창군 미탄면 46-3
도내2리,경기도,양평군,경기도 양평군 
동패2리,경기도,양평군,경기도 양평군 
밥재,경기도,양평군,경기도 양평군 1
방아다리,경기도,양평군,경기도 양평군 
새돔샘,전라남도,구례군,전라남도 구례군 마산면 18-10
칠갑산(1),충청남도,청양군,충청남도 청양군 대치면 23
칠갑산(2),충청남도,청양군,충청남도 청양군 대치면 83-2
배리,경기도,양평군,경기도 양평군 
봉황,경기도,양평군,경기도 양평군 
구병식약수터,충청남도,태안군,충청남도 태안군 
삭선리약수터,충청남도,태안군,충청남도 태안군 
소야리,충청남도,태안군,충청남도 태안군 
근창,경기도,양평군,경기도 양평군 
내화산,경기도,양평군,경기도 양평군 
늘노리,경기도,양평군,경기도 양평군 
대원정사,경기도,양주시,경기도 양주시 장흥면 304-2
태복산1,경상남도,창원시의창구,경상남도 창원시의창구 13
연풍3리,경기도,파주시,경기도 파주시 파주읍 347
연화사,충청북도,청주시흥덕구,충청북도 청주시흥덕구 10
느랏터샘터,강원도,고성군,강원도 고성군 토성면 37
"5,6호약수터(2)",경기도,양평군,경기도 양평군 
골짜기,경기도,양평군,경기도 양평군 
압복강,경기도,양평군,경기도 양평군 
애룡,경기도,양평군,경기도 양평군 
절터샘,서울특별시,노원구,서울특별시 노원구 상계동 1-2
궁마을,서울특별시,강남구,서울특별시 강남구 수서동 5
후곡약수터,강원도,양구군,강원도 양구군 동면 
양지,경기도,군포시,경기도 군포시 산본동 1153
초도샘터,강원도,고성군,강원도 고성군 현내면 219-12
창천수,서울특별시,서대문구,서울특별시 서대문구 봉원동 2-1
수진암천,강원도,인제군,강원도 인제군 기린면 
어린이공원,전라남도,여수시,전라남도 여수시 봉강동 578-9
불현옻물약수,경기도,양평군,경기도 양평군 
삼정,경기도,양평군,경기도 양평군 
샘터(쉼터),경기도,양평군,경기도 양평군 
성재암,경기도,양평군,경기도 양평군 
송능,경기도,양평군,경기도 양평군 
솥우물,경기도,양평군,경기도 양평군 
식현리,경기도,양평군,경기도 양평군 
신호,경기도,양평군,경기도 양평군 
소래산,경기도,시흥시,경기도 시흥시 대야동 140-6
조안,경기도,남양주시,경기도 남양주시 조안면 22-56
소곡,경기도,안양시만안구,경기도 안양시만안구 123
충주댐약수터,충청북도,충주시,충청북도 충주시 동량면 180-2
랑구미샘터,강원도,양구군,강원도 양구군 방산면 
오륙도,경상북도,김천시,경상북도 김천시 남산동 11-1
고성사,경상북도,김천시,경상북도 김천시 부곡동 
음양수,경상북도,김천시,경상북도 김천시 부곡동 47
소암천,경기도,시흥시,경기도 시흥시 대야동 170-22
대성사샘터,강원도,양양군,강원도 양양군 
봉의산샘터,강원도,양양군,강원도 양양군 
돌산샘,서울특별시,노원구,서울특별시 노원구 상계동 159-1
장좌약수터,전라남도,신안군,전라남도 신안군 
성골약수터,경상북도,포항시북구,경상북도 포항시북구 
진전샘터,경상북도,포항시남구,경상북도 포항시남구 
삼성,경기도,안양시만안구,경기도 안양시만안구 78
화창2,경기도,안양시만안구,경기도 안양시만안구 162-17
옥천,경기도,군포시,경기도 군포시 금정동 34
비석골,서울특별시,노원구,서울특별시 노원구 월계동 779
백운사,충청북도,청주시상당구,충청북도 청주시상당구 18
길상사,충청북도,청주시상당구,충청북도 청주시상당구 431
용천,경기도,구리시,경기도 구리시 아천동 49-1
석성당샘터,강원도,양양군,강원도 양양군 양양읍 
갈천약수,강원도,양양군,강원도 양양군 서면 
오색약수,강원도,양양군,강원도 양양군 서면 
범바위,경기도,이천시,경기도 이천시 신둔면 27-1
사부골,경기도,이천시,경기도 이천시 관고동 67-3
우암산등산로3,충청북도,청주시청원구,충청북도 청주시청원구 29-1
먼등골(9),경상남도,창원시,경상남도 창원시 
먼등골(11),경상남도,창원시,경상남도 창원시 
백족산,경기도,이천시,경기도 이천시 장호원읍 112
백영,경기도,안양시만안구,경기도 안양시만안구 81-3
장수옹달샘,경기도,안양시만안구,경기도 안양시만안구 79-3
럭키아파트,충청북도,청주시청원구,충청북도 청주시청원구 863
매봉산3,경기도,화성시,경기도 화성시 송산면 36
원차산,경기도,남양주시,경기도 남양주시 화도읍 830-5
서원마을,서울특별시,강동구,서울특별시 강동구 암사동 104
고견사,경상남도,거창군,경상남도 거창군 가조면 19
심학,경기도,파주시,경기도 파주시 동패동 300
고인돌,경기도,파주시,경기도 파주시 교하동 758-2
정수장뒤,경기도,양평군,경기도 양평군 
제3땅굴,경기도,양평군,경기도 양평군 
조산마을,경기도,양평군,경기도 양평군 
청석골,경기도,양평군,경기도 양평군 
갈대광장,경기도,양평군,경기도 양평군 
체력단련장,서울특별시,강남구,서울특별시 강남구 일원동 436-6
어름박골,경기도,이천시,경기도 이천시 마장면 74
남산공원장충,서울특별시,중구,서울특별시 중구 장충동1가 14-21
배내,경기도,양평군,경기도 양평군 
가람약수,경기도,양평군,경기도 양평군 
소요소방서옆,경기도,양평군,경기도 양평군 
동막골,경기도,양평군,경기도 양평군 
광포,경상남도,남해군,경상남도 남해군 남해읍 
찬샘이,경상남도,산청군,경상남도 산청군 단성면 413
추곡약수터,강원도,춘천시,강원도 춘천시 북산면 176-1
송암샘터,강원도,춘천시,강원도 춘천시 송암동 826-8
성라공원2,경기도,고양시덕양구,경기도 고양시덕양구 70
용천,경기도,고양시덕양구,경기도 고양시덕양구 84
유곽골(지축),경기도,고양시덕양구,경기도 고양시덕양구 127-1
동신,부산광역시,북구,부산광역시 북구 만덕동 121
물망골1,부산광역시,금정구,부산광역시 금정구 구서동 4-8
회동,부산광역시,금정구,부산광역시 금정구 금사동 111
황금약수터,부산광역시,연제구,부산광역시 연제구 연산동 180-1
매곡,경기도,안양시동안구,경기도 안양시동안구 113
실이봉약수터,부산광역시,동구,부산광역시 동구 범일동 65-121
녹수약수터,부산광역시,동구,부산광역시 동구 범일동 65-121
산수약수터,부산광역시,동구,부산광역시 동구 수정동 65-121
봉수약수터,부산광역시,동구,부산광역시 동구 초량동 29
녹산약수터,부산광역시,동구,부산광역시 동구 초량동 34-1
전원약수터,부산광역시,동구,부산광역시 동구 초량동 64-3
정노천,서울특별시,광진구,서울특별시 광진구 구의동 3-8
절골,서울특별시,중랑구,서울특별시 중랑구 망우동 28
구름재약수터,부산광역시,수영구,부산광역시 수영구 광안동 35-1
동굴약수터,부산광역시,수영구,부산광역시 수영구 광안동 19
버드나무,서울특별시,종로구,서울특별시 종로구 옥인동 179-1
대신공원대동,부산광역시,서구,부산광역시 서구 동대신동3가 2-2
삼청공원,서울특별시,종로구,서울특별시 종로구 삼청동 2-1
임학골,인천광역시,계양구,인천광역시 계양구 임학동 8-2
검암약수터,인천광역시,서구,인천광역시 서구 검암동 71-3
불로약수터,인천광역시,서구,인천광역시 서구 불로동 59-1
태정약수터,인천광역시,서구,인천광역시 서구 대곡동 193
철마약수터,인천광역시,서구,인천광역시 서구 가좌동 14
산우물,인천광역시,옹진군,인천광역시 옹진군 
평두메,광주광역시,북구,광주광역시 북구 화암동 221
모래재옹달샘,충청북도,괴산군,충청북도 괴산군 사리면 29-1
계양,인천광역시,계양구,인천광역시 계양구 계산동 52
효성,인천광역시,계양구,인천광역시 계양구 효성동 36-1
88공원샘터,강원도,춘천시,강원도 춘천시 온의동 492-1
상록수,서울특별시,관악구,서울특별시 관악구 남현동 64
일심,서울특별시,관악구,서울특별시 관악구 남현동 57-10
옥녀약수터,부산광역시,사하구,부산광역시 사하구 감천동 71
장천,부산광역시,북구,부산광역시 북구 화명동 259
불암,경기도,의정부시,경기도 의정부시 녹양동 2-10
정자,경기도,수원시장안구,경기도 수원시장안구 869-1
성대,경기도,수원시장안구,경기도 수원시장안구 38
천봉,서울특별시,관악구,서울특별시 관악구 남현동 64
옹달샘,경기도,수원시장안구,경기도 수원시장안구 13
청량산,부산광역시,남구,부산광역시 남구 용당동 51-9
장천(하),부산광역시,북구,부산광역시 북구 화명동 259
구봉약수터,부산광역시,동구,부산광역시 동구 범일동 65-121
불로,경기도,의정부시,경기도 의정부시 가능동 81-2
녹산우물,부산광역시,강서구,부산광역시 강서구 녹산동 12
이세미샘,부산광역시,강서구,부산광역시 강서구 죽림동 775-5
넘마을,경기도,고양시덕양구,경기도 고양시덕양구 94
돌산,경기도,고양시덕양구,경기도 고양시덕양구 159-1
수원지,경기도,의정부시,경기도 의정부시 가능동 590
해강약수터,경상남도,양산시,경상남도 양산시 신기동 252-2
주공,경기도,군포시,경기도 군포시 산본동 100
만월산,인천광역시,남동구,인천광역시 남동구 간석동 27-1
양묘,인천광역시,부평구,인천광역시 부평구 청천동 152-1
석천,인천광역시,부평구,인천광역시 부평구 산곡동 179
산봉,인천광역시,부평구,인천광역시 부평구 산곡동 98
월미전통공원,인천광역시,중구,인천광역시 중구 북성동1가 75
금산골약수터,울산광역시,울주군,울산광역시 울주군 온산읍 258
인성암약수터,울산광역시,울주군,울산광역시 울주군 서생면 34
금석리약수터,충청북도,음성군,충청북도 음성군 금왕읍 349
대지포,경상남도,남해군,경상남도 남해군 
매자골3약수터,대구광역시,달서구,대구광역시 달서구 송현동 10-1
자유공원,인천광역시,중구,인천광역시 중구 송학동1가 1-1
팔각정,인천광역시,연수구,인천광역시 연수구 청학동 15
오부자,인천광역시,연수구,인천광역시 연수구 청학동 57
베겟골,인천광역시,연수구,인천광역시 연수구 선학동 71-1
성내공원약수터,울산광역시,북구,울산광역시 북구 염포동 995-11
북한산공원용천,서울특별시,성북구,서울특별시 성북구 정릉동 
북한산공원용화천,서울특별시,성북구,서울특별시 성북구 정릉동 
중앙늘샘쉽터①,부산광역시,남구,부산광역시 남구 대연동 54-36
낙낙강수,경기도,이천시,경기도 이천시 백사면 1
대청,대전광역시,대덕구,대전광역시 대덕구 미호동 692
정발산,경기도,고양시일산동구,경기도 고양시일산동구 마두동 1121
삼어제2약수터,부산광역시,기장군,부산광역시 기장군 기장읍 3
좌수,부산광역시,동구,부산광역시 동구 초량동 33-1
동화사1,대구광역시,동구,대구광역시 동구 도학동 35
용화사,대전광역시,대덕구,대전광역시 대덕구 법동 2
풍년고개샘터,강원도,원주시,강원도 원주시 흥업면 72-43
문둥골,경상남도,함안군,경상남도 함안군 산인면 35-1
지남약수,강원도,원주시,강원도 원주시 태장동 806
개운사약수터,부산광역시,해운대구,부산광역시 해운대구 104
구덕원,부산광역시,사상구,부산광역시 사상구 학장동 
논골약수터,울산광역시,동구,울산광역시 동구 서부동 65-1
우면산,서울특별시,서초구,서울특별시 서초구 서초동 140-1
성불암,서울특별시,서초구,서울특별시 서초구 방배동 92-1
청우,인천광역시,연수구,인천광역시 연수구 청학동 38
꽃샘약수터,부산광역시,동구,부산광역시 동구 수정동 24-1
생수천,서울특별시,관악구,서울특별시 관악구 신림동 9-1
선우(1),서울특별시,관악구,서울특별시 관악구 신림동 117-2
억년옥수,서울특별시,관악구,서울특별시 관악구 신림동 56-2
차일약수터,울산광역시,북구,울산광역시 북구 창평동 47
보덕정,서울특별시,서초구,서울특별시 서초구 방배동 184
내곡,서울특별시,서초구,서울특별시 서초구 신원동 39-1
개나리골,서울특별시,서초구,서울특별시 서초구 원지동 72
운산샘,서울특별시,강북구,서울특별시 강북구 번동 19
백천약수터,울산광역시,울주군,울산광역시 울주군 범서읍 굴화리38-8
백령사,경기도,용인시처인구,경기도 용인시처인구 77-23
마동약수터,울산광역시,북구,울산광역시 북구 매곡동 129
화산약수터,광주광역시,동구,광주광역시 동구 용산동 55-6
매곡,인천광역시,부평구,인천광역시 부평구 산곡동 146-1
매탄2호,경기도,수원시영통구,경기도 수원시영통구 811
체육공원,부산광역시,사상구,부산광역시 사상구 감전동 41
황씨묘위,부산광역시,사상구,부산광역시 사상구 감전동 41
정지병,경상남도,함안군,경상남도 함안군 여항면 315
치루계,경기도,용인시처인구,경기도 용인시처인구 148-11
용운,부산광역시,사상구,부산광역시 사상구 모라동 
사상,부산광역시,사상구,부산광역시 사상구 괘법동 1
괘내,부산광역시,사상구,부산광역시 사상구 괘법동 1
덕우암(상),서울특별시,서초구,서울특별시 서초구 방배동 92-1
덕우암(하),서울특별시,서초구,서울특별시 서초구 방배동 92-1
와우,서울특별시,마포구,서울특별시 마포구 창전동 42-6
보현정사,서울특별시,중랑구,서울특별시 중랑구 상봉동 24-3
고양18통,경기도,고양시덕양구,경기도 고양시덕양구 39
관음사,서울특별시,관악구,서울특별시 관악구 남현동 64
만년,서울특별시,관악구,서울특별시 관악구 신림동 57-13
대천공원약수터,부산광역시,해운대구,부산광역시 해운대구 
고양,경기도,고양시덕양구,경기도 고양시덕양구 1-10
가재샘,서울특별시,관악구,서울특별시 관악구 신림동 32
폭포수,서울특별시,강동구,서울특별시 강동구 
배봉약수터,서울특별시,강동구,서울특별시 강동구 
산성,인천광역시,계양구,인천광역시 계양구 방축동 44-3
꼬막재,광주광역시,북구,광주광역시 북구 금곡동 6
늦재,광주광역시,북구,광주광역시 북구 금곡동 209-24
약사제1,울산광역시,중구,울산광역시 중구 남외동 17
외사골,울산광역시,울주군,울산광역시 울주군 삼동면 19
부암,서울특별시,종로구,서울특별시 종로구 부암동 20
석굴암(2),서울특별시,종로구,서울특별시 종로구 옥인동 3-14
용마산,서울특별시,광진구,서울특별시 광진구 중곡동 143-127
세다골약수터,울산광역시,남구,울산광역시 남구 성암동 21
범바위(상),서울특별시,서초구,서울특별시 서초구 방배동 92-1
범바위(하),서울특별시,서초구,서울특별시 서초구 방배동 92-1
산골,서울특별시,서초구,서울특별시 서초구 서초동 44
남산공원용암천,서울특별시,용산구,서울특별시 용산구 이태원동 1-5
개화산약수터,서울특별시,강동구,서울특별시 강동구 
와와약수터,울산광역시,남구,울산광역시 남구 무거동 1326
삼봉,경기도,안양시만안구,경기도 안양시만안구 181
폭포수(2),서울특별시,관악구,서울특별시 관악구 신림동 50-21
남산공원남산산악회,서울특별시,용산구,서울특별시 용산구 한남동 10-16
남산공원상춘,서울특별시,용산구,서울특별시 용산구 한남동 10-16
장수,서울특별시,서초구,서울특별시 서초구 서초동 150-23
방아다리약수,강원도,평창군,강원도 평창군 진부면 
북한산공원대동약수,서울특별시,강북구,서울특별시 강북구 수유동 
북한산공원백련사앞,서울특별시,강북구,서울특별시 강북구 수유동 
화암약수,강원도,정선군,강원도 정선군 화암면 
쌍약수,강원도,정선군,강원도 정선군 화암면 
남산공원후암,서울특별시,용산구,서울특별시 용산구 후암동 1-1
신약수,강원도,평창군,강원도 평창군 용평면 
참샘약수터,세종특별자치시도,세종특별자치시,세종특별자치시도 세종특별자치시 연기면 세종리
전안,경상남도,창원시마산회원구,경상남도 창원시마산회원구 내서읍 신감리
냉장골샘터,강원도,인제군,강원도 인제군 북면 
해지개큰샘약수터,충청남도,공주시,충청남도 공주시 봉황동 
안이샘터,강원도,동해시,강원도 동해시 천곡동 
